family_id,family_class,geometry_kind,target_channel,channel_truth,parent_index,seed,campaign_id,nested_replicates,observed_score,null_median,observed_minus_null,parent_matched_upper_p,parent_channel_detected,representation_status,transformed_score,universal_TLD_call
N01,TRUE_NEGATIVE,ScalarField2D,neighbor_coherence,ABSENT,0,331000,independent-1,1,0.03462822030649182,0.02006827040790173,0.01455994989859009,0.1875,False,PASS,0.0346282203064918,NOT_APPLICABLE
N01,TRUE_NEGATIVE,ScalarField2D,neighbor_coherence,ABSENT,1,331001,independent-2,1,0.03959211958857132,0.018568340265988897,0.021023779322582422,0.15625,False,PASS,0.03959211958857131,NOT_APPLICABLE
N01,TRUE_NEGATIVE,ScalarField2D,neighbor_coherence,ABSENT,2,331002,independent-3,1,0.07429943331937823,0.02130099150074783,0.0529984418186304,0.0625,False,PASS,0.07429943331937822,NOT_APPLICABLE
N01,TRUE_NEGATIVE,ScalarField2D,neighbor_coherence,ABSENT,3,331003,independent-4,1,0.024795095942776017,0.01870501190202581,0.006090084040750208,0.4375,False,PASS,0.024795095942776017,NOT_APPLICABLE
N01,TRUE_NEGATIVE,ScalarField2D,neighbor_coherence,ABSENT,4,331004,independent-5,1,0.06358710981303005,0.016863409615050826,0.04672370019797922,0.03125,True,PASS,0.06358710981303005,NOT_APPLICABLE
N01,TRUE_NEGATIVE,ScalarField2D,neighbor_coherence,ABSENT,5,331005,independent-6,1,0.0439578384479618,0.022949426627977457,0.021008411819984342,0.1875,False,PASS,0.0439578384479618,NOT_APPLICABLE
N01,TRUE_NEGATIVE,ScalarField2D,neighbor_coherence,ABSENT,6,331006,independent-7,1,0.032191969578810105,0.016275162269403405,0.0159168073094067,0.21875,False,PASS,0.032191969578810105,NOT_APPLICABLE
N01,TRUE_NEGATIVE,ScalarField2D,neighbor_coherence,ABSENT,7,331007,independent-8,1,0.010698804594797124,0.016162475472882864,-0.00546367087808574,0.65625,False,PASS,0.010698804594797124,NOT_APPLICABLE
N01,TRUE_NEGATIVE,ScalarField2D,neighbor_coherence,ABSENT,8,331008,independent-9,1,0.0022494648459040977,0.030209589066345518,-0.02796012422044142,0.9375,False,PASS,0.002249464845904104,NOT_APPLICABLE
N01,TRUE_NEGATIVE,ScalarField2D,neighbor_coherence,ABSENT,9,331009,independent-10,1,0.005300545737126476,0.018819972058089173,-0.013519426320962698,0.90625,False,PASS,0.005300545737126485,NOT_APPLICABLE
N01,TRUE_NEGATIVE,ScalarField2D,neighbor_coherence,ABSENT,10,331010,independent-11,1,0.040013210542348625,0.018537763817857024,0.0214754467244916,0.21875,False,PASS,0.04001321054234862,NOT_APPLICABLE
N01,TRUE_NEGATIVE,ScalarField2D,neighbor_coherence,ABSENT,11,331011,independent-12,1,0.000699844069282465,0.020658654268578016,-0.019958810199295553,0.90625,False,PASS,0.0006998440692824635,NOT_APPLICABLE
N01,TRUE_NEGATIVE,ScalarField2D,neighbor_coherence,ABSENT,12,331012,independent-13,1,0.01992324613126252,0.027499925968679496,-0.007576679837416975,0.59375,False,PASS,0.019923246131262527,NOT_APPLICABLE
N01,TRUE_NEGATIVE,ScalarField2D,neighbor_coherence,ABSENT,13,331013,independent-14,1,0.0053888558552622175,0.021963032250120383,-0.016574176394858166,0.90625,False,PASS,0.005388855855262214,NOT_APPLICABLE
N01,TRUE_NEGATIVE,ScalarField2D,neighbor_coherence,ABSENT,14,331014,independent-15,1,0.04598813299836515,0.021982990714685322,0.024005142283679826,0.21875,False,PASS,0.04598813299836516,NOT_APPLICABLE
N01,TRUE_NEGATIVE,ScalarField2D,neighbor_coherence,ABSENT,15,331015,independent-16,1,0.004732938948205798,0.018335623660084285,-0.013602684711878487,0.875,False,PASS,0.0047329389482057985,NOT_APPLICABLE
N01,TRUE_NEGATIVE,ScalarField2D,neighbor_coherence,ABSENT,16,331016,independent-17,1,0.03743853951973624,0.01703476006125916,0.02040377945847708,0.25,False,PASS,0.03743853951973625,NOT_APPLICABLE
N01,TRUE_NEGATIVE,ScalarField2D,neighbor_coherence,ABSENT,17,331017,independent-18,1,0.02433186620564768,0.0254379046541859,-0.0011060384485382206,0.53125,False,PASS,0.02433186620564768,NOT_APPLICABLE
N01,TRUE_NEGATIVE,ScalarField2D,neighbor_coherence,ABSENT,18,331018,independent-19,1,0.0170831708529597,0.024800423363825066,-0.007717252510865365,0.625,False,PASS,0.017083170852959708,NOT_APPLICABLE
N01,TRUE_NEGATIVE,ScalarField2D,neighbor_coherence,ABSENT,19,331019,independent-20,1,0.046424851410975736,0.014923622689130802,0.03150122872184494,0.09375,False,PASS,0.04642485141097575,NOT_APPLICABLE
N02,TRUE_NEGATIVE,VectorField2D,curl_energy,ABSENT,0,332000,independent-1,1,1.1465109900117503,1.185122897638368,-0.038611907626617814,0.6875,False,PASS,1.1465109900117503,NOT_APPLICABLE
N02,TRUE_NEGATIVE,VectorField2D,curl_energy,ABSENT,1,332001,independent-2,1,1.1887622064645929,1.2773998117279066,-0.08863760526331377,0.84375,False,PASS,1.1887622064645929,NOT_APPLICABLE
N02,TRUE_NEGATIVE,VectorField2D,curl_energy,ABSENT,2,332002,independent-3,1,1.2683495684676014,1.3360843924395132,-0.06773482397191177,0.71875,False,PASS,1.2683495684676014,NOT_APPLICABLE
N02,TRUE_NEGATIVE,VectorField2D,curl_energy,ABSENT,3,332003,independent-4,1,1.3051803244085882,1.278942824177605,0.026237500230983146,0.4375,False,PASS,1.3051803244085882,NOT_APPLICABLE
N02,TRUE_NEGATIVE,VectorField2D,curl_energy,ABSENT,4,332004,independent-5,1,1.2071007057080818,1.2123755046726736,-0.00527479896459182,0.53125,False,PASS,1.2071007057080818,NOT_APPLICABLE
N02,TRUE_NEGATIVE,VectorField2D,curl_energy,ABSENT,5,332005,independent-6,1,1.1663190350572938,1.1538504957410922,0.012468539316201621,0.5,False,PASS,1.1663190350572938,NOT_APPLICABLE
N02,TRUE_NEGATIVE,VectorField2D,curl_energy,ABSENT,6,332006,independent-7,1,1.3906727528218477,1.3362810318208795,0.05439172100096812,0.0625,False,PASS,1.3906727528218477,NOT_APPLICABLE
N02,TRUE_NEGATIVE,VectorField2D,curl_energy,ABSENT,7,332007,independent-8,1,1.314027978426533,1.2717433363774064,0.04228464204912652,0.34375,False,PASS,1.314027978426533,NOT_APPLICABLE
N02,TRUE_NEGATIVE,VectorField2D,curl_energy,ABSENT,8,332008,independent-9,1,1.0494529204908853,1.1638799809425973,-0.11442706045171191,1.0,False,PASS,1.0494529204908853,NOT_APPLICABLE
N02,TRUE_NEGATIVE,VectorField2D,curl_energy,ABSENT,9,332009,independent-10,1,1.2297580107364448,1.15627516900723,0.07348284172921482,0.1875,False,PASS,1.229758010736445,NOT_APPLICABLE
N02,TRUE_NEGATIVE,VectorField2D,curl_energy,ABSENT,10,332010,independent-11,1,0.9881486112128002,1.0937646958066922,-0.10561608459389205,1.0,False,PASS,0.9881486112128002,NOT_APPLICABLE
N02,TRUE_NEGATIVE,VectorField2D,curl_energy,ABSENT,11,332011,independent-12,1,1.291325519983045,1.2544917650457288,0.03683375493731611,0.3125,False,PASS,1.291325519983045,NOT_APPLICABLE
N02,TRUE_NEGATIVE,VectorField2D,curl_energy,ABSENT,12,332012,independent-13,1,1.1152835187926025,1.2227183333718306,-0.1074348145792281,0.90625,False,PASS,1.1152835187926027,NOT_APPLICABLE
N02,TRUE_NEGATIVE,VectorField2D,curl_energy,ABSENT,13,332013,independent-14,1,1.3117182555642235,1.152737727765876,0.1589805277983476,0.03125,True,PASS,1.3117182555642235,NOT_APPLICABLE
N02,TRUE_NEGATIVE,VectorField2D,curl_energy,ABSENT,14,332014,independent-15,1,1.4290943855702174,1.32461997702868,0.10447440854153744,0.15625,False,PASS,1.4290943855702174,NOT_APPLICABLE
N02,TRUE_NEGATIVE,VectorField2D,curl_energy,ABSENT,15,332015,independent-16,1,1.2309777320923012,1.2260346129215416,0.0049431191707596245,0.5,False,PASS,1.2309777320923014,NOT_APPLICABLE
N02,TRUE_NEGATIVE,VectorField2D,curl_energy,ABSENT,16,332016,independent-17,1,1.19245018574017,1.1790879387947395,0.013362246945430423,0.4375,False,PASS,1.19245018574017,NOT_APPLICABLE
N02,TRUE_NEGATIVE,VectorField2D,curl_energy,ABSENT,17,332017,independent-18,1,1.185155429995913,1.1671117097560528,0.018043720239860228,0.4375,False,PASS,1.185155429995913,NOT_APPLICABLE
N02,TRUE_NEGATIVE,VectorField2D,curl_energy,ABSENT,18,332018,independent-19,1,1.1491020938345744,1.1896501877774375,-0.04054809394286307,0.75,False,PASS,1.1491020938345744,NOT_APPLICABLE
N02,TRUE_NEGATIVE,VectorField2D,curl_energy,ABSENT,19,332019,independent-20,1,1.2295976355880474,1.2005776928149527,0.02901994277309461,0.375,False,PASS,1.2295976355880474,NOT_APPLICABLE
N03,TRUE_NEGATIVE,ScalarVolume3D,volume_neighbor,ABSENT,0,333000,independent-1,1,0.0005486292755606907,0.009073682383631565,-0.008525053108070875,0.9375,False,PASS,0.0005486292755606855,NOT_APPLICABLE
N03,TRUE_NEGATIVE,ScalarVolume3D,volume_neighbor,ABSENT,1,333001,independent-2,1,0.010012227179306065,0.006291795392998204,0.0037204317863078614,0.4375,False,PASS,0.010012227179306055,NOT_APPLICABLE
N03,TRUE_NEGATIVE,ScalarVolume3D,volume_neighbor,ABSENT,2,333002,independent-3,1,0.008100342636735192,0.007050813647804135,0.001049528988931057,0.4375,False,PASS,0.008100342636735194,NOT_APPLICABLE
N03,TRUE_NEGATIVE,ScalarVolume3D,volume_neighbor,ABSENT,3,333003,independent-4,1,0.008636079330523263,0.007043758655084614,0.001592320675438649,0.40625,False,PASS,0.008636079330523263,NOT_APPLICABLE
N03,TRUE_NEGATIVE,ScalarVolume3D,volume_neighbor,ABSENT,4,333004,independent-5,1,0.006854069434106007,0.010980125877264862,-0.004126056443158855,0.71875,False,PASS,0.0068540694341060054,NOT_APPLICABLE
N03,TRUE_NEGATIVE,ScalarVolume3D,volume_neighbor,ABSENT,5,333005,independent-6,1,0.0015926454420689899,0.005315141738346912,-0.003722496296277922,0.9375,False,PASS,0.0015926454420689836,NOT_APPLICABLE
N03,TRUE_NEGATIVE,ScalarVolume3D,volume_neighbor,ABSENT,6,333006,independent-7,1,0.019449756829446774,0.01098893192273143,0.008460824906715344,0.1875,False,PASS,0.019449756829446774,NOT_APPLICABLE
N03,TRUE_NEGATIVE,ScalarVolume3D,volume_neighbor,ABSENT,7,333007,independent-8,1,0.013532438423125546,0.008004496861014865,0.005527941562110681,0.25,False,PASS,0.013532438423125551,NOT_APPLICABLE
N03,TRUE_NEGATIVE,ScalarVolume3D,volume_neighbor,ABSENT,8,333008,independent-9,1,0.005797806508636248,0.009726332694142307,-0.003928526185506059,0.5625,False,PASS,0.005797806508636253,NOT_APPLICABLE
N03,TRUE_NEGATIVE,ScalarVolume3D,volume_neighbor,ABSENT,9,333009,independent-10,1,0.00196878281804032,0.009784951968840168,-0.007816169150799848,0.875,False,PASS,0.001968782818040319,NOT_APPLICABLE
N03,TRUE_NEGATIVE,ScalarVolume3D,volume_neighbor,ABSENT,10,333010,independent-11,1,0.00019250331785602244,0.007163938883191811,-0.006971435565335788,1.0,False,PASS,0.00019250331785601897,NOT_APPLICABLE
N03,TRUE_NEGATIVE,ScalarVolume3D,volume_neighbor,ABSENT,11,333011,independent-12,1,0.019735082376870015,0.007664300653411076,0.01207078172345894,0.21875,False,PASS,0.019735082376870015,NOT_APPLICABLE
N03,TRUE_NEGATIVE,ScalarVolume3D,volume_neighbor,ABSENT,12,333012,independent-13,1,0.006994206551307176,0.01037601121336808,-0.003381804662060903,0.65625,False,PASS,0.006994206551307177,NOT_APPLICABLE
N03,TRUE_NEGATIVE,ScalarVolume3D,volume_neighbor,ABSENT,13,333013,independent-14,1,0.011819897272252817,0.012003503208501472,-0.00018360593624865487,0.53125,False,PASS,0.01181989727225281,NOT_APPLICABLE
N03,TRUE_NEGATIVE,ScalarVolume3D,volume_neighbor,ABSENT,14,333014,independent-15,1,0.01977376377598463,0.010309648141420085,0.009464115634564545,0.15625,False,PASS,0.01977376377598463,NOT_APPLICABLE
N03,TRUE_NEGATIVE,ScalarVolume3D,volume_neighbor,ABSENT,15,333015,independent-16,1,0.002295418144418953,0.008080468782930271,-0.005785050638511318,0.84375,False,PASS,0.002295418144418958,NOT_APPLICABLE
N03,TRUE_NEGATIVE,ScalarVolume3D,volume_neighbor,ABSENT,16,333016,independent-17,1,0.01832586698763774,0.009405760116555995,0.008920106871081744,0.25,False,PASS,0.018325866987637735,NOT_APPLICABLE
N03,TRUE_NEGATIVE,ScalarVolume3D,volume_neighbor,ABSENT,17,333017,independent-18,1,0.002063699169445792,0.005890540450433785,-0.0038268412809879934,0.71875,False,PASS,0.002063699169445787,NOT_APPLICABLE
N03,TRUE_NEGATIVE,ScalarVolume3D,volume_neighbor,ABSENT,18,333018,independent-19,1,0.01995208345610151,0.011268981975475555,0.008683101480625954,0.21875,False,PASS,0.019952083456101513,NOT_APPLICABLE
N03,TRUE_NEGATIVE,ScalarVolume3D,volume_neighbor,ABSENT,19,333019,independent-20,1,0.0010551000402135185,0.007322269398021185,-0.006267169357807667,1.0,False,PASS,0.0010551000402135152,NOT_APPLICABLE
N04,TRUE_NEGATIVE,SpatiotemporalScalarField,temporal_lag,ABSENT,0,334000,independent-1,1,0.3894292355478713,0.18559135362526744,0.20383788192260385,0.21875,False,PASS,0.38942923554787107,NOT_APPLICABLE
N04,TRUE_NEGATIVE,SpatiotemporalScalarField,temporal_lag,ABSENT,1,334001,independent-2,1,0.26862390028830935,0.19016633962705798,0.07845756066125137,0.46875,False,PASS,0.26862390028830924,NOT_APPLICABLE
N04,TRUE_NEGATIVE,SpatiotemporalScalarField,temporal_lag,ABSENT,2,334002,independent-3,1,0.07891918665589705,0.32663050930298915,-0.2477113226470921,0.875,False,PASS,0.07891918665589702,NOT_APPLICABLE
N04,TRUE_NEGATIVE,SpatiotemporalScalarField,temporal_lag,ABSENT,3,334003,independent-4,1,0.2709844591655063,0.3109960201327165,-0.0400115609672102,0.59375,False,PASS,0.27098445916550623,NOT_APPLICABLE
N04,TRUE_NEGATIVE,SpatiotemporalScalarField,temporal_lag,ABSENT,4,334004,independent-5,1,0.26921841615439973,0.27024261547175277,-0.0010241993173530362,0.53125,False,PASS,0.26921841615439984,NOT_APPLICABLE
N04,TRUE_NEGATIVE,SpatiotemporalScalarField,temporal_lag,ABSENT,5,334005,independent-6,1,0.14449072872696894,0.2531341974099239,-0.10864346868295494,0.6875,False,PASS,0.14449072872696903,NOT_APPLICABLE
N04,TRUE_NEGATIVE,SpatiotemporalScalarField,temporal_lag,ABSENT,6,334006,independent-7,1,0.007662680204841411,0.24794885452384793,-0.24028617431900653,1.0,False,PASS,0.007662680204841711,NOT_APPLICABLE
N04,TRUE_NEGATIVE,SpatiotemporalScalarField,temporal_lag,ABSENT,7,334007,independent-8,1,0.13725306538384358,0.27374218691493785,-0.13648912153109427,0.59375,False,PASS,0.1372530653838434,NOT_APPLICABLE
N04,TRUE_NEGATIVE,SpatiotemporalScalarField,temporal_lag,ABSENT,8,334008,independent-9,1,0.23791803864024202,0.29674543731698927,-0.058827398676747245,0.5625,False,PASS,0.23791803864024236,NOT_APPLICABLE
N04,TRUE_NEGATIVE,SpatiotemporalScalarField,temporal_lag,ABSENT,9,334009,independent-10,1,0.5455177613511172,0.26228981194218864,0.28322794940892854,0.15625,False,PASS,0.5455177613511168,NOT_APPLICABLE
N04,TRUE_NEGATIVE,SpatiotemporalScalarField,temporal_lag,ABSENT,10,334010,independent-11,1,0.09006480395898069,0.29039577087715285,-0.20033096691817215,0.84375,False,PASS,0.09006480395898066,NOT_APPLICABLE
N04,TRUE_NEGATIVE,SpatiotemporalScalarField,temporal_lag,ABSENT,11,334011,independent-12,1,0.10724814341742717,0.3544964679861359,-0.2472483245687087,0.8125,False,PASS,0.10724814341742707,NOT_APPLICABLE
N04,TRUE_NEGATIVE,SpatiotemporalScalarField,temporal_lag,ABSENT,12,334012,independent-13,1,0.04393912325299612,0.27975728772137964,-0.23581816446838352,0.9375,False,PASS,0.04393912325299617,NOT_APPLICABLE
N04,TRUE_NEGATIVE,SpatiotemporalScalarField,temporal_lag,ABSENT,13,334013,independent-14,1,0.7404744703261997,0.1848706222528408,0.5556038480733589,0.0625,False,PASS,0.7404744703261997,NOT_APPLICABLE
N04,TRUE_NEGATIVE,SpatiotemporalScalarField,temporal_lag,ABSENT,14,334014,independent-15,1,0.19573612567713225,0.3055780127204511,-0.10984188704331885,0.625,False,PASS,0.1957361256771324,NOT_APPLICABLE
N04,TRUE_NEGATIVE,SpatiotemporalScalarField,temporal_lag,ABSENT,15,334015,independent-16,1,0.44406260316296053,0.3273834465208762,0.11667915664208434,0.28125,False,PASS,0.44406260316296065,NOT_APPLICABLE
N04,TRUE_NEGATIVE,SpatiotemporalScalarField,temporal_lag,ABSENT,16,334016,independent-17,1,0.13311589993128115,0.2555191316688659,-0.12240323173758477,0.75,False,PASS,0.13311589993128123,NOT_APPLICABLE
N04,TRUE_NEGATIVE,SpatiotemporalScalarField,temporal_lag,ABSENT,17,334017,independent-18,1,0.8748651262905687,0.24530816368962416,0.6295569626009445,0.03125,True,PASS,0.8748651262905689,NOT_APPLICABLE
N04,TRUE_NEGATIVE,SpatiotemporalScalarField,temporal_lag,ABSENT,18,334018,independent-19,1,0.4258468161866421,0.3320848555591471,0.09376196062749503,0.40625,False,PASS,0.4258468161866421,NOT_APPLICABLE
N04,TRUE_NEGATIVE,SpatiotemporalScalarField,temporal_lag,ABSENT,19,334019,independent-20,1,0.11753257114121923,0.23308132802712525,-0.11554875688590602,0.6875,False,PASS,0.11753257114121919,NOT_APPLICABLE
N05,TRUE_NEGATIVE,WeightedGraphGeometry,graph_spectral_radius,ABSENT,0,335000,independent-1,1,0.5857334867827189,0.5802186406477564,0.005514846134962448,0.46875,False,PASS,0.585733486782719,NOT_APPLICABLE
N05,TRUE_NEGATIVE,WeightedGraphGeometry,graph_spectral_radius,ABSENT,1,335001,independent-2,1,1.123946230290553,1.0764594313606937,0.0474867989298593,0.375,False,PASS,1.123946230290555,NOT_APPLICABLE
N05,TRUE_NEGATIVE,WeightedGraphGeometry,graph_spectral_radius,ABSENT,2,335002,independent-3,1,1.038358878463105,0.9947424324876297,0.043616445975475315,0.34375,False,PASS,1.0383588784631073,NOT_APPLICABLE
N05,TRUE_NEGATIVE,WeightedGraphGeometry,graph_spectral_radius,ABSENT,3,335003,independent-4,1,0.995284932642755,0.9754381787680803,0.019846753874674716,0.46875,False,PASS,0.9952849326427562,NOT_APPLICABLE
N05,TRUE_NEGATIVE,WeightedGraphGeometry,graph_spectral_radius,ABSENT,4,335004,independent-5,1,1.4255269527069496,1.3374792022714388,0.08804775043551083,0.125,False,PASS,1.4255269527069496,NOT_APPLICABLE
N05,TRUE_NEGATIVE,WeightedGraphGeometry,graph_spectral_radius,ABSENT,5,335005,independent-6,1,1.2925267496689776,1.1083097434110978,0.18421700625787985,0.09375,False,PASS,1.292526749668979,NOT_APPLICABLE
N05,TRUE_NEGATIVE,WeightedGraphGeometry,graph_spectral_radius,ABSENT,6,335006,independent-7,1,0.8150458604495676,0.8560693071933004,-0.041023446743732817,0.78125,False,PASS,0.8150458604495694,NOT_APPLICABLE
N05,TRUE_NEGATIVE,WeightedGraphGeometry,graph_spectral_radius,ABSENT,7,335007,independent-8,1,1.2093736333262202,1.3080554913198852,-0.09868185799366502,0.9375,False,PASS,1.2093736333262197,NOT_APPLICABLE
N05,TRUE_NEGATIVE,WeightedGraphGeometry,graph_spectral_radius,ABSENT,8,335008,independent-9,1,1.0066494850124381,1.0318057007806973,-0.025156215768259216,0.625,False,PASS,1.0066494850124388,NOT_APPLICABLE
N05,TRUE_NEGATIVE,WeightedGraphGeometry,graph_spectral_radius,ABSENT,9,335009,independent-10,1,1.1083927922161174,1.1230916467082321,-0.014698854492114721,0.59375,False,PASS,1.1083927922161165,NOT_APPLICABLE
N05,TRUE_NEGATIVE,WeightedGraphGeometry,graph_spectral_radius,ABSENT,10,335010,independent-11,1,0.6158012869961564,0.5528812683662097,0.06292001862994678,0.125,False,PASS,0.615801286996156,NOT_APPLICABLE
N05,TRUE_NEGATIVE,WeightedGraphGeometry,graph_spectral_radius,ABSENT,11,335011,independent-12,1,1.3370039146850432,1.2137393647256673,0.12326454995937586,0.15625,False,PASS,1.3370039146850434,NOT_APPLICABLE
N05,TRUE_NEGATIVE,WeightedGraphGeometry,graph_spectral_radius,ABSENT,12,335012,independent-13,1,1.4771048622098073,1.2538480905241354,0.22325677168567193,0.03125,True,PASS,1.4771048622098073,NOT_APPLICABLE
N05,TRUE_NEGATIVE,WeightedGraphGeometry,graph_spectral_radius,ABSENT,13,335013,independent-14,1,1.1901917679326863,0.9786638728164804,0.21152789511620596,0.03125,True,PASS,1.190191767932681,NOT_APPLICABLE
N05,TRUE_NEGATIVE,WeightedGraphGeometry,graph_spectral_radius,ABSENT,14,335014,independent-15,1,0.9391063471861887,0.9713541050288106,-0.032247757842621905,0.75,False,PASS,0.9391063471861876,NOT_APPLICABLE
N05,TRUE_NEGATIVE,WeightedGraphGeometry,graph_spectral_radius,ABSENT,15,335015,independent-16,1,1.2786055824141234,1.3012472481401343,-0.022641665726010896,0.625,False,PASS,1.2786055824141247,NOT_APPLICABLE
N05,TRUE_NEGATIVE,WeightedGraphGeometry,graph_spectral_radius,ABSENT,16,335016,independent-17,1,1.189313137816991,1.1160652004385114,0.07324793737847957,0.21875,False,PASS,1.1893131378169897,NOT_APPLICABLE
N05,TRUE_NEGATIVE,WeightedGraphGeometry,graph_spectral_radius,ABSENT,17,335017,independent-18,1,0.7516316870558121,0.8211927989014912,-0.06956111184567915,0.9375,False,PASS,0.7516316870558123,NOT_APPLICABLE
N05,TRUE_NEGATIVE,WeightedGraphGeometry,graph_spectral_radius,ABSENT,18,335018,independent-19,1,0.7618462518231504,0.8655694594074662,-0.10372320758431586,0.90625,False,PASS,0.76184625182315,NOT_APPLICABLE
N05,TRUE_NEGATIVE,WeightedGraphGeometry,graph_spectral_radius,ABSENT,19,335019,independent-20,1,1.3362616317136657,1.2656998691196955,0.07056176259397029,0.25,False,PASS,1.3362616317136666,NOT_APPLICABLE
N06,TRUE_NEGATIVE,DirectedGraphGeometry,directed_three_cycle,ABSENT,0,336000,independent-1,1,0.0,0.0,0.0,1.0,False,PASS,0.0,NOT_APPLICABLE
N06,TRUE_NEGATIVE,DirectedGraphGeometry,directed_three_cycle,ABSENT,1,336001,independent-2,1,0.0,0.0,0.0,1.0,False,PASS,0.0,NOT_APPLICABLE
N06,TRUE_NEGATIVE,DirectedGraphGeometry,directed_three_cycle,ABSENT,2,336002,independent-3,1,0.0,0.0,0.0,1.0,False,PASS,0.0,NOT_APPLICABLE
N06,TRUE_NEGATIVE,DirectedGraphGeometry,directed_three_cycle,ABSENT,3,336003,independent-4,1,0.0,0.0,0.0,1.0,False,PASS,0.0,NOT_APPLICABLE
N06,TRUE_NEGATIVE,DirectedGraphGeometry,directed_three_cycle,ABSENT,4,336004,independent-5,1,0.0,0.0,0.0,1.0,False,PASS,0.0,NOT_APPLICABLE
N06,TRUE_NEGATIVE,DirectedGraphGeometry,directed_three_cycle,ABSENT,5,336005,independent-6,1,0.0,0.3351425408045035,-0.3351425408045035,1.0,False,PASS,0.0,NOT_APPLICABLE
N06,TRUE_NEGATIVE,DirectedGraphGeometry,directed_three_cycle,ABSENT,6,336006,independent-7,1,0.0,0.0,0.0,1.0,False,PASS,0.0,NOT_APPLICABLE
N06,TRUE_NEGATIVE,DirectedGraphGeometry,directed_three_cycle,ABSENT,7,336007,independent-8,1,0.0,1.085058257777418,-1.085058257777418,1.0,False,PASS,0.0,NOT_APPLICABLE
N06,TRUE_NEGATIVE,DirectedGraphGeometry,directed_three_cycle,ABSENT,8,336008,independent-9,1,0.0,0.5115511972156424,-0.5115511972156424,1.0,False,PASS,0.0,NOT_APPLICABLE
N06,TRUE_NEGATIVE,DirectedGraphGeometry,directed_three_cycle,ABSENT,9,336009,independent-10,1,0.0,0.0,0.0,1.0,False,PASS,0.0,NOT_APPLICABLE
N06,TRUE_NEGATIVE,DirectedGraphGeometry,directed_three_cycle,ABSENT,10,336010,independent-11,1,0.0,0.11237939273655224,-0.11237939273655224,1.0,False,PASS,0.0,NOT_APPLICABLE
N06,TRUE_NEGATIVE,DirectedGraphGeometry,directed_three_cycle,ABSENT,11,336011,independent-12,1,0.0,0.3447751937067523,-0.3447751937067523,1.0,False,PASS,0.0,NOT_APPLICABLE
N06,TRUE_NEGATIVE,DirectedGraphGeometry,directed_three_cycle,ABSENT,12,336012,independent-13,1,0.0,0.0,0.0,1.0,False,PASS,0.0,NOT_APPLICABLE
N06,TRUE_NEGATIVE,DirectedGraphGeometry,directed_three_cycle,ABSENT,13,336013,independent-14,1,0.0,0.0,0.0,1.0,False,PASS,0.0,NOT_APPLICABLE
N06,TRUE_NEGATIVE,DirectedGraphGeometry,directed_three_cycle,ABSENT,14,336014,independent-15,1,0.0,0.0,0.0,1.0,False,PASS,0.0,NOT_APPLICABLE
N06,TRUE_NEGATIVE,DirectedGraphGeometry,directed_three_cycle,ABSENT,15,336015,independent-16,1,0.0,0.0,0.0,1.0,False,PASS,0.0,NOT_APPLICABLE
N06,TRUE_NEGATIVE,DirectedGraphGeometry,directed_three_cycle,ABSENT,16,336016,independent-17,1,0.0,0.0,0.0,1.0,False,PASS,0.0,NOT_APPLICABLE
N06,TRUE_NEGATIVE,DirectedGraphGeometry,directed_three_cycle,ABSENT,17,336017,independent-18,1,0.0,0.0,0.0,1.0,False,PASS,0.0,NOT_APPLICABLE
N06,TRUE_NEGATIVE,DirectedGraphGeometry,directed_three_cycle,ABSENT,18,336018,independent-19,1,0.0,0.0,0.0,1.0,False,PASS,0.0,NOT_APPLICABLE
N06,TRUE_NEGATIVE,DirectedGraphGeometry,directed_three_cycle,ABSENT,19,336019,independent-20,1,0.0,0.9872930651025819,-0.9872930651025819,1.0,False,PASS,0.0,NOT_APPLICABLE
N07,TRUE_NEGATIVE,IrregularPointField,point_coherence,ABSENT,0,337000,independent-1,1,0.20362756152745187,0.07181951299300146,0.1318080485344504,0.125,False,PASS,0.20362756152745187,NOT_APPLICABLE
N07,TRUE_NEGATIVE,IrregularPointField,point_coherence,ABSENT,1,337001,independent-2,1,0.20754356287410863,0.10753166208574139,0.10001190078836725,0.125,False,PASS,0.20754356287410863,NOT_APPLICABLE
N07,TRUE_NEGATIVE,IrregularPointField,point_coherence,ABSENT,2,337002,independent-3,1,0.06912061082293576,0.10778298275598923,-0.03866237193305347,0.75,False,PASS,0.06912061082293576,NOT_APPLICABLE
N07,TRUE_NEGATIVE,IrregularPointField,point_coherence,ABSENT,3,337003,independent-4,1,0.07897374487202079,0.09581284121533638,-0.016839096343315596,0.59375,False,PASS,0.07897374487202079,NOT_APPLICABLE
N07,TRUE_NEGATIVE,IrregularPointField,point_coherence,ABSENT,4,337004,independent-5,1,0.011789582646510918,0.06943205978297783,-0.057642477136466905,0.875,False,PASS,0.011789582646510918,NOT_APPLICABLE
N07,TRUE_NEGATIVE,IrregularPointField,point_coherence,ABSENT,5,337005,independent-6,1,0.09490423611204372,0.052904016414213224,0.0420002196978305,0.3125,False,PASS,0.09490423611204372,NOT_APPLICABLE
N07,TRUE_NEGATIVE,IrregularPointField,point_coherence,ABSENT,6,337006,independent-7,1,0.027349982409868787,0.06586061575943888,-0.0385106333495701,0.84375,False,PASS,0.027349982409868787,NOT_APPLICABLE
N07,TRUE_NEGATIVE,IrregularPointField,point_coherence,ABSENT,7,337007,independent-8,1,0.2480275307835046,0.09854848667277945,0.14947904411072516,0.09375,False,PASS,0.2480275307835046,NOT_APPLICABLE
N07,TRUE_NEGATIVE,IrregularPointField,point_coherence,ABSENT,8,337008,independent-9,1,0.19732054215225273,0.09605317019735411,0.10126737195489861,0.125,False,PASS,0.19732054215225273,NOT_APPLICABLE
N07,TRUE_NEGATIVE,IrregularPointField,point_coherence,ABSENT,9,337009,independent-10,1,0.12541686350784476,0.054717083164193964,0.07069978034365079,0.3125,False,PASS,0.12541686350784476,NOT_APPLICABLE
N07,TRUE_NEGATIVE,IrregularPointField,point_coherence,ABSENT,10,337010,independent-11,1,0.13267174268567675,0.09125376632226626,0.04141797636341049,0.34375,False,PASS,0.13267174268567675,NOT_APPLICABLE
N07,TRUE_NEGATIVE,IrregularPointField,point_coherence,ABSENT,11,337011,independent-12,1,0.01791102703783824,0.06872749247587755,-0.050816465438039304,0.84375,False,PASS,0.01791102703783824,NOT_APPLICABLE
N07,TRUE_NEGATIVE,IrregularPointField,point_coherence,ABSENT,12,337012,independent-13,1,0.06255805591268787,0.08580609753838911,-0.023248041625701238,0.65625,False,PASS,0.06255805591268787,NOT_APPLICABLE
N07,TRUE_NEGATIVE,IrregularPointField,point_coherence,ABSENT,13,337013,independent-14,1,0.038166286428246175,0.10466632019653081,-0.06650003376828464,0.78125,False,PASS,0.038166286428246175,NOT_APPLICABLE
N07,TRUE_NEGATIVE,IrregularPointField,point_coherence,ABSENT,14,337014,independent-15,1,0.18994741735230977,0.1279295680631618,0.06201784928914797,0.3125,False,PASS,0.18994741735230977,NOT_APPLICABLE
N07,TRUE_NEGATIVE,IrregularPointField,point_coherence,ABSENT,15,337015,independent-16,1,0.2191669253061399,0.07746495352973432,0.1417019717764056,0.15625,False,PASS,0.2191669253061399,NOT_APPLICABLE
N07,TRUE_NEGATIVE,IrregularPointField,point_coherence,ABSENT,16,337016,independent-17,1,0.07726663441030837,0.06149947355441556,0.01576716085589281,0.40625,False,PASS,0.07726663441030837,NOT_APPLICABLE
N07,TRUE_NEGATIVE,IrregularPointField,point_coherence,ABSENT,17,337017,independent-18,1,0.1836531182966191,0.09107708616826701,0.09257603212835208,0.1875,False,PASS,0.1836531182966191,NOT_APPLICABLE
N07,TRUE_NEGATIVE,IrregularPointField,point_coherence,ABSENT,18,337018,independent-19,1,0.1738812811299027,0.10964668938193574,0.06423459174796696,0.34375,False,PASS,0.1738812811299027,NOT_APPLICABLE
N07,TRUE_NEGATIVE,IrregularPointField,point_coherence,ABSENT,19,337019,independent-20,1,0.2670395945669761,0.0746308896126469,0.1924087049543292,0.03125,True,PASS,0.2670395945669761,NOT_APPLICABLE
N08,TRUE_NEGATIVE,ManifoldPointCloud,winding_number,ABSENT,0,338000,independent-1,1,0.0512145586989127,0.051079580721399634,0.00013497797751306495,0.46875,False,PASS,0.0512145586989127,NOT_APPLICABLE
N08,TRUE_NEGATIVE,ManifoldPointCloud,winding_number,ABSENT,1,338001,independent-2,1,0.052642569711026016,0.05072481570441677,0.0019177540066092486,0.25,False,PASS,0.052642569711026016,NOT_APPLICABLE
N08,TRUE_NEGATIVE,ManifoldPointCloud,winding_number,ABSENT,2,338002,independent-3,1,0.04774900839809346,0.047633117172234195,0.00011589122585926176,0.46875,False,PASS,0.04774900839809345,NOT_APPLICABLE
N08,TRUE_NEGATIVE,ManifoldPointCloud,winding_number,ABSENT,3,338003,independent-4,1,2.8652045747365974e-17,0.049830634065272314,-0.049830634065272286,0.90625,False,PASS,0.0,NOT_APPLICABLE
N08,TRUE_NEGATIVE,ManifoldPointCloud,winding_number,ABSENT,4,338004,independent-5,1,0.055096839814558124,0.05090804185378689,0.0041887979607712345,0.1875,False,PASS,0.055096839814558124,NOT_APPLICABLE
N08,TRUE_NEGATIVE,ManifoldPointCloud,winding_number,ABSENT,5,338005,independent-6,1,1.5944229810097273e-17,0.051882163807442046,-0.05188216380744203,0.96875,False,PASS,2.391634471514591e-17,NOT_APPLICABLE
N08,TRUE_NEGATIVE,ManifoldPointCloud,winding_number,ABSENT,6,338006,independent-7,1,0.050895229422114,0.048956869876812026,0.0019383595453019709,0.34375,False,PASS,0.050895229422114,NOT_APPLICABLE
N08,TRUE_NEGATIVE,ManifoldPointCloud,winding_number,ABSENT,7,338007,independent-8,1,0.054879672625230275,0.05147654994089833,0.0034031226843319468,0.125,False,PASS,0.05487967262523032,NOT_APPLICABLE
N08,TRUE_NEGATIVE,ManifoldPointCloud,winding_number,ABSENT,8,338008,independent-9,1,0.05638174416851818,0.05161342400169453,0.004768320166823652,0.03125,True,PASS,0.05638174416851818,NOT_APPLICABLE
N08,TRUE_NEGATIVE,ManifoldPointCloud,winding_number,ABSENT,9,338009,independent-10,1,0.04797464775605138,0.050426340680903785,-0.0024516929248524014,0.8125,False,PASS,0.04797464775605138,NOT_APPLICABLE
N08,TRUE_NEGATIVE,ManifoldPointCloud,winding_number,ABSENT,10,338010,independent-11,1,0.0522398136046145,0.0514717854099323,0.0007680281946821979,0.46875,False,PASS,0.05223981360461448,NOT_APPLICABLE
N08,TRUE_NEGATIVE,ManifoldPointCloud,winding_number,ABSENT,11,338011,independent-12,1,0.05032488782339092,0.04975333943664129,0.0005715483867496235,0.46875,False,PASS,0.05032488782339092,NOT_APPLICABLE
N08,TRUE_NEGATIVE,ManifoldPointCloud,winding_number,ABSENT,12,338012,independent-13,1,0.048079370040133254,0.04865684236853761,-0.0005774723284043548,0.78125,False,PASS,0.048079370040133254,NOT_APPLICABLE
N08,TRUE_NEGATIVE,ManifoldPointCloud,winding_number,ABSENT,13,338013,independent-14,1,2.9383527919960933e-17,0.0513176286737315,-0.05131762867373147,0.96875,False,PASS,0.0,NOT_APPLICABLE
N08,TRUE_NEGATIVE,ManifoldPointCloud,winding_number,ABSENT,14,338014,independent-15,1,0.051051525376681846,0.05068663520666775,0.00036489017001409274,0.46875,False,PASS,0.051051525376681846,NOT_APPLICABLE
N08,TRUE_NEGATIVE,ManifoldPointCloud,winding_number,ABSENT,15,338015,independent-16,1,0.0483913212661781,0.048129960830715204,0.00026136043546289706,0.46875,False,PASS,0.048391321266178136,NOT_APPLICABLE
N08,TRUE_NEGATIVE,ManifoldPointCloud,winding_number,ABSENT,16,338016,independent-17,1,0.04959042169015105,0.04788689871110507,0.0017035229790459822,0.34375,False,PASS,0.04959042169015105,NOT_APPLICABLE
N08,TRUE_NEGATIVE,ManifoldPointCloud,winding_number,ABSENT,17,338017,independent-18,1,0.05035097202968177,0.05119104719950629,-0.0008400751698245182,0.8125,False,PASS,0.05035097202968177,NOT_APPLICABLE
N08,TRUE_NEGATIVE,ManifoldPointCloud,winding_number,ABSENT,18,338018,independent-19,1,0.056246135513933204,0.05218218538209501,0.004063950131838197,0.0625,False,PASS,0.056246135513933204,NOT_APPLICABLE
N08,TRUE_NEGATIVE,ManifoldPointCloud,winding_number,ABSENT,19,338019,independent-20,1,0.05229249033331235,0.05125632752185399,0.001036162811458359,0.3125,False,PASS,0.05229249033331235,NOT_APPLICABLE
N09,TRUE_NEGATIVE,CorrelationGeometry,low_rank_concentration,ABSENT,0,339000,independent-1,1,1.7763568394002505e-15,1.7763568394002505e-15,0.0,1.0,False,PASS,1.7763568394002505e-15,NOT_APPLICABLE
N09,TRUE_NEGATIVE,CorrelationGeometry,low_rank_concentration,ABSENT,1,339001,independent-2,1,1.7763568394002505e-15,1.7763568394002505e-15,0.0,1.0,False,PASS,1.7763568394002505e-15,NOT_APPLICABLE
N09,TRUE_NEGATIVE,CorrelationGeometry,low_rank_concentration,ABSENT,2,339002,independent-3,1,1.7763568394002505e-15,1.7763568394002505e-15,0.0,1.0,False,PASS,1.7763568394002505e-15,NOT_APPLICABLE
N09,TRUE_NEGATIVE,CorrelationGeometry,low_rank_concentration,ABSENT,3,339003,independent-4,1,1.7763568394002505e-15,1.7763568394002505e-15,0.0,1.0,False,PASS,1.7763568394002505e-15,NOT_APPLICABLE
N09,TRUE_NEGATIVE,CorrelationGeometry,low_rank_concentration,ABSENT,4,339004,independent-5,1,1.7763568394002505e-15,1.7763568394002505e-15,0.0,1.0,False,PASS,1.7763568394002505e-15,NOT_APPLICABLE
N09,TRUE_NEGATIVE,CorrelationGeometry,low_rank_concentration,ABSENT,5,339005,independent-6,1,1.7763568394002505e-15,1.7763568394002505e-15,0.0,1.0,False,PASS,1.7763568394002505e-15,NOT_APPLICABLE
N09,TRUE_NEGATIVE,CorrelationGeometry,low_rank_concentration,ABSENT,6,339006,independent-7,1,1.7763568394002505e-15,1.7763568394002505e-15,0.0,1.0,False,PASS,1.7763568394002505e-15,NOT_APPLICABLE
N09,TRUE_NEGATIVE,CorrelationGeometry,low_rank_concentration,ABSENT,7,339007,independent-8,1,1.7763568394002505e-15,1.7763568394002505e-15,0.0,1.0,False,PASS,1.7763568394002505e-15,NOT_APPLICABLE
N09,TRUE_NEGATIVE,CorrelationGeometry,low_rank_concentration,ABSENT,8,339008,independent-9,1,1.7763568394002505e-15,1.7763568394002505e-15,0.0,1.0,False,PASS,1.7763568394002505e-15,NOT_APPLICABLE
N09,TRUE_NEGATIVE,CorrelationGeometry,low_rank_concentration,ABSENT,9,339009,independent-10,1,1.7763568394002505e-15,1.7763568394002505e-15,0.0,1.0,False,PASS,1.7763568394002505e-15,NOT_APPLICABLE
N09,TRUE_NEGATIVE,CorrelationGeometry,low_rank_concentration,ABSENT,10,339010,independent-11,1,1.7763568394002505e-15,1.7763568394002505e-15,0.0,1.0,False,PASS,1.7763568394002505e-15,NOT_APPLICABLE
N09,TRUE_NEGATIVE,CorrelationGeometry,low_rank_concentration,ABSENT,11,339011,independent-12,1,1.7763568394002505e-15,1.7763568394002505e-15,0.0,1.0,False,PASS,1.7763568394002505e-15,NOT_APPLICABLE
N09,TRUE_NEGATIVE,CorrelationGeometry,low_rank_concentration,ABSENT,12,339012,independent-13,1,1.7763568394002505e-15,1.7763568394002505e-15,0.0,1.0,False,PASS,1.7763568394002505e-15,NOT_APPLICABLE
N09,TRUE_NEGATIVE,CorrelationGeometry,low_rank_concentration,ABSENT,13,339013,independent-14,1,1.7763568394002505e-15,1.7763568394002505e-15,0.0,1.0,False,PASS,1.7763568394002505e-15,NOT_APPLICABLE
N09,TRUE_NEGATIVE,CorrelationGeometry,low_rank_concentration,ABSENT,14,339014,independent-15,1,1.7763568394002505e-15,1.7763568394002505e-15,0.0,1.0,False,PASS,1.7763568394002505e-15,NOT_APPLICABLE
N09,TRUE_NEGATIVE,CorrelationGeometry,low_rank_concentration,ABSENT,15,339015,independent-16,1,1.7763568394002505e-15,1.7763568394002505e-15,0.0,1.0,False,PASS,1.7763568394002505e-15,NOT_APPLICABLE
N09,TRUE_NEGATIVE,CorrelationGeometry,low_rank_concentration,ABSENT,16,339016,independent-17,1,1.7763568394002505e-15,1.7763568394002505e-15,0.0,1.0,False,PASS,1.7763568394002505e-15,NOT_APPLICABLE
N09,TRUE_NEGATIVE,CorrelationGeometry,low_rank_concentration,ABSENT,17,339017,independent-18,1,1.7763568394002505e-15,1.7763568394002505e-15,0.0,1.0,False,PASS,1.7763568394002505e-15,NOT_APPLICABLE
N09,TRUE_NEGATIVE,CorrelationGeometry,low_rank_concentration,ABSENT,18,339018,independent-19,1,1.7763568394002505e-15,1.7763568394002505e-15,0.0,1.0,False,PASS,1.7763568394002505e-15,NOT_APPLICABLE
N09,TRUE_NEGATIVE,CorrelationGeometry,low_rank_concentration,ABSENT,19,339019,independent-20,1,1.7763568394002505e-15,1.7763568394002505e-15,0.0,1.0,False,PASS,1.7763568394002505e-15,NOT_APPLICABLE
N10,TRUE_NEGATIVE,MultiComponentSingleSystemField,cross_component_correlation,ABSENT,0,340000,independent-1,1,0.018734245622605863,0.029848934184786968,-0.011114688562181105,0.75,False,PASS,0.01873424562260588,NOT_APPLICABLE
N10,TRUE_NEGATIVE,MultiComponentSingleSystemField,cross_component_correlation,ABSENT,1,340001,independent-2,1,0.029026576925244994,0.03291262651202831,-0.0038860495867833154,0.53125,False,PASS,0.029026576925244952,NOT_APPLICABLE
N10,TRUE_NEGATIVE,MultiComponentSingleSystemField,cross_component_correlation,ABSENT,2,340002,independent-3,1,0.0529724776721728,0.03653286618033855,0.016439611491834254,0.1875,False,PASS,0.05297247767217282,NOT_APPLICABLE
N10,TRUE_NEGATIVE,MultiComponentSingleSystemField,cross_component_correlation,ABSENT,3,340003,independent-4,1,0.058627584182444195,0.02596913305435709,0.0326584511280871,0.125,False,PASS,0.05862758418244422,NOT_APPLICABLE
N10,TRUE_NEGATIVE,MultiComponentSingleSystemField,cross_component_correlation,ABSENT,4,340004,independent-5,1,0.017061287033896592,0.025424102397804443,-0.008362815363907851,0.75,False,PASS,0.017061287033896623,NOT_APPLICABLE
N10,TRUE_NEGATIVE,MultiComponentSingleSystemField,cross_component_correlation,ABSENT,5,340005,independent-6,1,0.05419823879961609,0.030613763399883604,0.023584475399732487,0.34375,False,PASS,0.05419823879961608,NOT_APPLICABLE
N10,TRUE_NEGATIVE,MultiComponentSingleSystemField,cross_component_correlation,ABSENT,6,340006,independent-7,1,0.0371079463645762,0.028157897209982158,0.00895004915459404,0.3125,False,PASS,0.0371079463645762,NOT_APPLICABLE
N10,TRUE_NEGATIVE,MultiComponentSingleSystemField,cross_component_correlation,ABSENT,7,340007,independent-8,1,0.026051847353956166,0.02904695084018688,-0.0029951034862307144,0.59375,False,PASS,0.026051847353956176,NOT_APPLICABLE
N10,TRUE_NEGATIVE,MultiComponentSingleSystemField,cross_component_correlation,ABSENT,8,340008,independent-9,1,0.01168821801334913,0.03184184734403494,-0.02015362933068581,0.75,False,PASS,0.01168821801334913,NOT_APPLICABLE
N10,TRUE_NEGATIVE,MultiComponentSingleSystemField,cross_component_correlation,ABSENT,9,340009,independent-10,1,0.039881537573789025,0.03550253957188465,0.0043789980019043745,0.40625,False,PASS,0.039881537573789025,NOT_APPLICABLE
N10,TRUE_NEGATIVE,MultiComponentSingleSystemField,cross_component_correlation,ABSENT,10,340010,independent-11,1,0.0025230854014597357,0.031062943855266822,-0.028539858453807087,0.9375,False,PASS,0.002523085401459737,NOT_APPLICABLE
N10,TRUE_NEGATIVE,MultiComponentSingleSystemField,cross_component_correlation,ABSENT,11,340011,independent-12,1,0.020652871096702892,0.041885191196088314,-0.021232320099385422,0.75,False,PASS,0.020652871096702902,NOT_APPLICABLE
N10,TRUE_NEGATIVE,MultiComponentSingleSystemField,cross_component_correlation,ABSENT,12,340012,independent-13,1,0.015483127041198875,0.03711803343656737,-0.02163490639536849,0.71875,False,PASS,0.015483127041198896,NOT_APPLICABLE
N10,TRUE_NEGATIVE,MultiComponentSingleSystemField,cross_component_correlation,ABSENT,13,340013,independent-14,1,0.03325827217913115,0.02079213608432534,0.012466136094805812,0.4375,False,PASS,0.03325827217913117,NOT_APPLICABLE
N10,TRUE_NEGATIVE,MultiComponentSingleSystemField,cross_component_correlation,ABSENT,14,340014,independent-15,1,0.006403643169811237,0.02330665166926667,-0.016903008499455432,0.875,False,PASS,0.0064036431698112194,NOT_APPLICABLE
N10,TRUE_NEGATIVE,MultiComponentSingleSystemField,cross_component_correlation,ABSENT,15,340015,independent-16,1,0.007189205279075454,0.032344908646519115,-0.02515570336744366,0.96875,False,PASS,0.007189205279075455,NOT_APPLICABLE
N10,TRUE_NEGATIVE,MultiComponentSingleSystemField,cross_component_correlation,ABSENT,16,340016,independent-17,1,0.03532806094004242,0.03140406714723792,0.003923993792804503,0.40625,False,PASS,0.03532806094004251,NOT_APPLICABLE
N10,TRUE_NEGATIVE,MultiComponentSingleSystemField,cross_component_correlation,ABSENT,17,340017,independent-18,1,0.020622305126003982,0.0390005019651087,-0.01837819683910472,0.75,False,PASS,0.020622305126003986,NOT_APPLICABLE
N10,TRUE_NEGATIVE,MultiComponentSingleSystemField,cross_component_correlation,ABSENT,18,340018,independent-19,1,0.030227019134619528,0.022425938736478367,0.007801080398141161,0.4375,False,PASS,0.030227019134619535,NOT_APPLICABLE
N10,TRUE_NEGATIVE,MultiComponentSingleSystemField,cross_component_correlation,ABSENT,19,340019,independent-20,1,0.012535289470361071,0.027148642076211225,-0.014613352605850154,0.71875,False,PASS,0.01253528947036105,NOT_APPLICABLE
N11,TRUE_NEGATIVE,ScalarField2D,neighbor_coherence,ABSENT,0,341000,independent-1,1,0.04389693756313149,0.031132683248803427,0.012764254314328063,0.1875,False,PASS,0.0438969375631315,NOT_APPLICABLE
N11,TRUE_NEGATIVE,ScalarField2D,neighbor_coherence,ABSENT,1,341001,independent-2,1,0.06030558840650953,0.022383835564535277,0.03792175284197425,0.0625,False,PASS,0.06030558840650953,NOT_APPLICABLE
N11,TRUE_NEGATIVE,ScalarField2D,neighbor_coherence,ABSENT,2,341002,independent-3,1,0.041682497734367746,0.026890375460429338,0.014792122273938408,0.40625,False,PASS,0.041682497734367746,NOT_APPLICABLE
N11,TRUE_NEGATIVE,ScalarField2D,neighbor_coherence,ABSENT,3,341003,independent-4,1,0.019553368285757548,0.028407711861376795,-0.008854343575619247,0.65625,False,PASS,0.019553368285757558,NOT_APPLICABLE
N11,TRUE_NEGATIVE,ScalarField2D,neighbor_coherence,ABSENT,4,341004,independent-5,1,0.11151779349488214,0.03247846450111755,0.07903932899376459,0.03125,True,PASS,0.11151779349488214,NOT_APPLICABLE
N11,TRUE_NEGATIVE,ScalarField2D,neighbor_coherence,ABSENT,5,341005,independent-6,1,0.0351380964253462,0.029001575672002598,0.006136520753343606,0.375,False,PASS,0.03513809642534619,NOT_APPLICABLE
N11,TRUE_NEGATIVE,ScalarField2D,neighbor_coherence,ABSENT,6,341006,independent-7,1,0.017312272681263174,0.028248374656576713,-0.010936101975313538,0.71875,False,PASS,0.017312272681263185,NOT_APPLICABLE
N11,TRUE_NEGATIVE,ScalarField2D,neighbor_coherence,ABSENT,7,341007,independent-8,1,0.008239036539812665,0.03125116022691328,-0.023012123687100615,0.8125,False,PASS,0.008239036539812672,NOT_APPLICABLE
N11,TRUE_NEGATIVE,ScalarField2D,neighbor_coherence,ABSENT,8,341008,independent-9,1,0.05712532315619181,0.023854685948203593,0.033270637207988216,0.15625,False,PASS,0.05712532315619182,NOT_APPLICABLE
N11,TRUE_NEGATIVE,ScalarField2D,neighbor_coherence,ABSENT,9,341009,independent-10,1,0.030027634630558016,0.018742405542190192,0.011285229088367824,0.34375,False,PASS,0.03002763463055803,NOT_APPLICABLE
N11,TRUE_NEGATIVE,ScalarField2D,neighbor_coherence,ABSENT,10,341010,independent-11,1,0.033699083235253155,0.023698027279378864,0.010001055955874291,0.375,False,PASS,0.033699083235253155,NOT_APPLICABLE
N11,TRUE_NEGATIVE,ScalarField2D,neighbor_coherence,ABSENT,11,341011,independent-12,1,0.022097219727628074,0.027961675221624592,-0.005864455493996518,0.53125,False,PASS,0.022097219727628077,NOT_APPLICABLE
N11,TRUE_NEGATIVE,ScalarField2D,neighbor_coherence,ABSENT,12,341012,independent-13,1,0.013450254502429069,0.03602470468382834,-0.02257445018139927,0.8125,False,PASS,0.013450254502429064,NOT_APPLICABLE
N11,TRUE_NEGATIVE,ScalarField2D,neighbor_coherence,ABSENT,13,341013,independent-14,1,0.06093428970159269,0.023013324999978088,0.0379209647016146,0.15625,False,PASS,0.06093428970159269,NOT_APPLICABLE
N11,TRUE_NEGATIVE,ScalarField2D,neighbor_coherence,ABSENT,14,341014,independent-15,1,0.0400742855397455,0.033995577655053184,0.006078707884692315,0.4375,False,PASS,0.04007428553974549,NOT_APPLICABLE
N11,TRUE_NEGATIVE,ScalarField2D,neighbor_coherence,ABSENT,15,341015,independent-16,1,0.021201496969521748,0.03314331703905054,-0.011941820069528791,0.6875,False,PASS,0.02120149696952174,NOT_APPLICABLE
N11,TRUE_NEGATIVE,ScalarField2D,neighbor_coherence,ABSENT,16,341016,independent-17,1,0.009789604522850132,0.023285774558080573,-0.013496170035230442,0.78125,False,PASS,0.009789604522850135,NOT_APPLICABLE
N11,TRUE_NEGATIVE,ScalarField2D,neighbor_coherence,ABSENT,17,341017,independent-18,1,0.028849107160860893,0.026366961296283343,0.00248214586457755,0.4375,False,PASS,0.028849107160860903,NOT_APPLICABLE
N11,TRUE_NEGATIVE,ScalarField2D,neighbor_coherence,ABSENT,18,341018,independent-19,1,0.034335655945554294,0.019994073898345063,0.014341582047209232,0.375,False,PASS,0.03433565594555428,NOT_APPLICABLE
N11,TRUE_NEGATIVE,ScalarField2D,neighbor_coherence,ABSENT,19,341019,independent-20,1,0.03963403889808886,0.02493434227538146,0.014699696622707398,0.3125,False,PASS,0.03963403889808887,NOT_APPLICABLE
N12,ADVERSARIAL_NEAR_NULL,ScalarField2D,neighbor_coherence,PRESENT_DECOY_NOT_TLD,0,342000,independent-1,1,0.715151113299297,0.01900230096170237,0.6961488123375946,0.03125,True,PASS,0.7151511132992969,NOT_APPLICABLE
N12,ADVERSARIAL_NEAR_NULL,ScalarField2D,neighbor_coherence,PRESENT_DECOY_NOT_TLD,1,342001,independent-2,1,0.7692258314476671,0.022617931048818075,0.7466079003988491,0.03125,True,PASS,0.7692258314476672,NOT_APPLICABLE
N12,ADVERSARIAL_NEAR_NULL,ScalarField2D,neighbor_coherence,PRESENT_DECOY_NOT_TLD,2,342002,independent-3,1,0.7358288885617028,0.025467185437566417,0.7103617031241364,0.03125,True,PASS,0.7358288885617027,NOT_APPLICABLE
N12,ADVERSARIAL_NEAR_NULL,ScalarField2D,neighbor_coherence,PRESENT_DECOY_NOT_TLD,3,342003,independent-4,1,0.7803815804561866,0.023533895051538575,0.756847685404648,0.03125,True,PASS,0.7803815804561866,NOT_APPLICABLE
N12,ADVERSARIAL_NEAR_NULL,ScalarField2D,neighbor_coherence,PRESENT_DECOY_NOT_TLD,4,342004,independent-5,1,0.716750216557885,0.026300394506684505,0.6904498220512004,0.03125,True,PASS,0.716750216557885,NOT_APPLICABLE
N12,ADVERSARIAL_NEAR_NULL,ScalarField2D,neighbor_coherence,PRESENT_DECOY_NOT_TLD,5,342005,independent-6,1,0.7736075126165296,0.015844799911034838,0.7577627127054948,0.03125,True,PASS,0.7736075126165297,NOT_APPLICABLE
N12,ADVERSARIAL_NEAR_NULL,ScalarField2D,neighbor_coherence,PRESENT_DECOY_NOT_TLD,6,342006,independent-7,1,0.766288650594175,0.01488154699676766,0.7514071035974073,0.03125,True,PASS,0.766288650594175,NOT_APPLICABLE
N12,ADVERSARIAL_NEAR_NULL,ScalarField2D,neighbor_coherence,PRESENT_DECOY_NOT_TLD,7,342007,independent-8,1,0.7779022236261607,0.03084952332956194,0.7470527002965988,0.03125,True,PASS,0.7779022236261607,NOT_APPLICABLE
N12,ADVERSARIAL_NEAR_NULL,ScalarField2D,neighbor_coherence,PRESENT_DECOY_NOT_TLD,8,342008,independent-9,1,0.738544866842189,0.024850633257447987,0.713694233584741,0.03125,True,PASS,0.7385448668421888,NOT_APPLICABLE
N12,ADVERSARIAL_NEAR_NULL,ScalarField2D,neighbor_coherence,PRESENT_DECOY_NOT_TLD,9,342009,independent-10,1,0.7205051830364582,0.016313351459979933,0.7041918315764782,0.03125,True,PASS,0.7205051830364584,NOT_APPLICABLE
N12,ADVERSARIAL_NEAR_NULL,ScalarField2D,neighbor_coherence,PRESENT_DECOY_NOT_TLD,10,342010,independent-11,1,0.718383949562706,0.03646926765644134,0.6819146819062647,0.03125,True,PASS,0.718383949562706,NOT_APPLICABLE
N12,ADVERSARIAL_NEAR_NULL,ScalarField2D,neighbor_coherence,PRESENT_DECOY_NOT_TLD,11,342011,independent-12,1,0.7669861614170456,0.01658525210133454,0.750400909315711,0.03125,True,PASS,0.7669861614170456,NOT_APPLICABLE
N12,ADVERSARIAL_NEAR_NULL,ScalarField2D,neighbor_coherence,PRESENT_DECOY_NOT_TLD,12,342012,independent-13,1,0.7304837457931007,0.02398346967300805,0.7065002761200927,0.03125,True,PASS,0.7304837457931006,NOT_APPLICABLE
N12,ADVERSARIAL_NEAR_NULL,ScalarField2D,neighbor_coherence,PRESENT_DECOY_NOT_TLD,13,342013,independent-14,1,0.7724374890738916,0.012471042512089919,0.7599664465618017,0.03125,True,PASS,0.7724374890738918,NOT_APPLICABLE
N12,ADVERSARIAL_NEAR_NULL,ScalarField2D,neighbor_coherence,PRESENT_DECOY_NOT_TLD,14,342014,independent-15,1,0.7593966944278859,0.01485872169619675,0.7445379727316892,0.03125,True,PASS,0.7593966944278857,NOT_APPLICABLE
N12,ADVERSARIAL_NEAR_NULL,ScalarField2D,neighbor_coherence,PRESENT_DECOY_NOT_TLD,15,342015,independent-16,1,0.7782706023082157,0.018790564448327773,0.7594800378598878,0.03125,True,PASS,0.7782706023082157,NOT_APPLICABLE
N12,ADVERSARIAL_NEAR_NULL,ScalarField2D,neighbor_coherence,PRESENT_DECOY_NOT_TLD,16,342016,independent-17,1,0.7614495469329498,0.013646712761403546,0.7478028341715462,0.03125,True,PASS,0.7614495469329498,NOT_APPLICABLE
N12,ADVERSARIAL_NEAR_NULL,ScalarField2D,neighbor_coherence,PRESENT_DECOY_NOT_TLD,17,342017,independent-18,1,0.7461529845729071,0.01978073932632761,0.7263722452465795,0.03125,True,PASS,0.7461529845729071,NOT_APPLICABLE
N12,ADVERSARIAL_NEAR_NULL,ScalarField2D,neighbor_coherence,PRESENT_DECOY_NOT_TLD,18,342018,independent-19,1,0.7591051856178529,0.02323972537789659,0.7358654602399564,0.03125,True,PASS,0.7591051856178529,NOT_APPLICABLE
N12,ADVERSARIAL_NEAR_NULL,ScalarField2D,neighbor_coherence,PRESENT_DECOY_NOT_TLD,19,342019,independent-20,1,0.7529547033716794,0.018678093805584824,0.7342766095660945,0.03125,True,PASS,0.7529547033716794,NOT_APPLICABLE
N13,TRUE_NEGATIVE,VectorField2D,curl_energy,ABSENT,0,343000,independent-1,1,0.0011357542765342591,0.4575953687079979,-0.4564596144314636,1.0,False,PASS,0.0011357542765342591,NOT_APPLICABLE
N13,TRUE_NEGATIVE,VectorField2D,curl_energy,ABSENT,1,343001,independent-2,1,0.0011290528371568171,0.4429155599502026,-0.4417865071130458,1.0,False,PASS,0.0011290528371568171,NOT_APPLICABLE
N13,TRUE_NEGATIVE,VectorField2D,curl_energy,ABSENT,2,343002,independent-3,1,0.0012611839469842778,0.46563489770114624,-0.464373713754162,1.0,False,PASS,0.0012611839469842778,NOT_APPLICABLE
N13,TRUE_NEGATIVE,VectorField2D,curl_energy,ABSENT,3,343003,independent-4,1,0.0011575416320260515,0.4471964954687498,-0.44603895383672376,1.0,False,PASS,0.0011575416320260513,NOT_APPLICABLE
N13,TRUE_NEGATIVE,VectorField2D,curl_energy,ABSENT,4,343004,independent-5,1,0.0010020061037833764,0.45444472536447034,-0.45344271926068697,1.0,False,PASS,0.0010020061037833766,NOT_APPLICABLE
N13,TRUE_NEGATIVE,VectorField2D,curl_energy,ABSENT,5,343005,independent-6,1,0.0011057672928831272,0.4560899970276034,-0.45498422973472025,1.0,False,PASS,0.0011057672928831272,NOT_APPLICABLE
N13,TRUE_NEGATIVE,VectorField2D,curl_energy,ABSENT,6,343006,independent-7,1,0.0012070424188313524,0.4489120801994365,-0.44770503778060516,1.0,False,PASS,0.0012070424188313524,NOT_APPLICABLE
N13,TRUE_NEGATIVE,VectorField2D,curl_energy,ABSENT,7,343007,independent-8,1,0.001083899027471465,0.4561821478328169,-0.45509824880534544,1.0,False,PASS,0.0010838990274714654,NOT_APPLICABLE
N13,TRUE_NEGATIVE,VectorField2D,curl_energy,ABSENT,8,343008,independent-9,1,0.0011093242433509825,0.45435319599512713,-0.45324387175177616,1.0,False,PASS,0.0011093242433509825,NOT_APPLICABLE
N13,TRUE_NEGATIVE,VectorField2D,curl_energy,ABSENT,9,343009,independent-10,1,0.0011647585210994595,0.44354765660199547,-0.442382898080896,1.0,False,PASS,0.0011647585210994595,NOT_APPLICABLE
N13,TRUE_NEGATIVE,VectorField2D,curl_energy,ABSENT,10,343010,independent-11,1,0.0010949770433410317,0.4529010691369326,-0.45180609209359157,1.0,False,PASS,0.0010949770433410317,NOT_APPLICABLE
N13,TRUE_NEGATIVE,VectorField2D,curl_energy,ABSENT,11,343011,independent-12,1,0.0010516503087636417,0.4520286955216104,-0.45097704521284676,1.0,False,PASS,0.0010516503087636417,NOT_APPLICABLE
N13,TRUE_NEGATIVE,VectorField2D,curl_energy,ABSENT,12,343012,independent-13,1,0.0011744896390979008,0.43996023766975806,-0.43878574803066017,1.0,False,PASS,0.0011744896390979008,NOT_APPLICABLE
N13,TRUE_NEGATIVE,VectorField2D,curl_energy,ABSENT,13,343013,independent-14,1,0.0009974064044827621,0.4567087674407535,-0.45571136103627075,1.0,False,PASS,0.0009974064044827621,NOT_APPLICABLE
N13,TRUE_NEGATIVE,VectorField2D,curl_energy,ABSENT,14,343014,independent-15,1,0.0009935783800726673,0.45417703284596495,-0.45318345446589225,1.0,False,PASS,0.000993578380072667,NOT_APPLICABLE
N13,TRUE_NEGATIVE,VectorField2D,curl_energy,ABSENT,15,343015,independent-16,1,0.0011971725086717443,0.4462717411951129,-0.4450745686864412,1.0,False,PASS,0.0011971725086717443,NOT_APPLICABLE
N13,TRUE_NEGATIVE,VectorField2D,curl_energy,ABSENT,16,343016,independent-17,1,0.001157894038598367,0.4479251315647112,-0.44676723752611286,1.0,False,PASS,0.001157894038598367,NOT_APPLICABLE
N13,TRUE_NEGATIVE,VectorField2D,curl_energy,ABSENT,17,343017,independent-18,1,0.0011087029684974808,0.4622020186069578,-0.46109331563846034,1.0,False,PASS,0.0011087029684974808,NOT_APPLICABLE
N13,TRUE_NEGATIVE,VectorField2D,curl_energy,ABSENT,18,343018,independent-19,1,0.0010363522222773755,0.4499185842232556,-0.4488822320009782,1.0,False,PASS,0.0010363522222773755,NOT_APPLICABLE
N13,TRUE_NEGATIVE,VectorField2D,curl_energy,ABSENT,19,343019,independent-20,1,0.0009654134348722723,0.450348630486997,-0.44938321705212475,1.0,False,PASS,0.0009654134348722723,NOT_APPLICABLE
P01,POSITIVE_CHANNEL_CONTROL,ScalarField2D,neighbor_coherence,PRESENT,0,431000,campaign-1,1,0.949320147154512,0.016176746942713902,0.9331434002117981,0.03125,True,PASS,0.9493201471545117,NOT_APPLICABLE
P01,POSITIVE_CHANNEL_CONTROL,ScalarField2D,neighbor_coherence,PRESENT,1,431001,campaign-1,1,0.9481816330893308,0.025407797005849785,0.922773836083481,0.03125,True,PASS,0.948181633089331,NOT_APPLICABLE
P01,POSITIVE_CHANNEL_CONTROL,ScalarField2D,neighbor_coherence,PRESENT,2,431002,campaign-1,1,0.9501438135956268,0.024249489560910307,0.9258943240347165,0.03125,True,PASS,0.9501438135956268,NOT_APPLICABLE
P01,POSITIVE_CHANNEL_CONTROL,ScalarField2D,neighbor_coherence,PRESENT,3,431003,campaign-1,1,0.9500480482090319,0.016171438973926977,0.933876609235105,0.03125,True,PASS,0.9500480482090319,NOT_APPLICABLE
P01,POSITIVE_CHANNEL_CONTROL,ScalarField2D,neighbor_coherence,PRESENT,4,431004,campaign-1,1,0.949735261488533,0.019933645455062796,0.9298016160334702,0.03125,True,PASS,0.949735261488533,NOT_APPLICABLE
P01,POSITIVE_CHANNEL_CONTROL,ScalarField2D,neighbor_coherence,PRESENT,5,431005,campaign-2,1,0.9494275868404233,0.025381351664549703,0.9240462351758736,0.03125,True,PASS,0.9494275868404235,NOT_APPLICABLE
P01,POSITIVE_CHANNEL_CONTROL,ScalarField2D,neighbor_coherence,PRESENT,6,431006,campaign-2,1,0.9497091086920495,0.01910619198479849,0.930602916707251,0.03125,True,PASS,0.9497091086920497,NOT_APPLICABLE
P01,POSITIVE_CHANNEL_CONTROL,ScalarField2D,neighbor_coherence,PRESENT,7,431007,campaign-2,1,0.9510633043710748,0.01654655677032098,0.9345167476007538,0.03125,True,PASS,0.951063304371075,NOT_APPLICABLE
P01,POSITIVE_CHANNEL_CONTROL,ScalarField2D,neighbor_coherence,PRESENT,8,431008,campaign-2,1,0.9497558509332056,0.022310969315048317,0.9274448816181573,0.03125,True,PASS,0.9497558509332056,NOT_APPLICABLE
P01,POSITIVE_CHANNEL_CONTROL,ScalarField2D,neighbor_coherence,PRESENT,9,431009,campaign-2,1,0.9491608112287896,0.023580348831659922,0.9255804623971297,0.03125,True,PASS,0.9491608112287893,NOT_APPLICABLE
P01,POSITIVE_CHANNEL_CONTROL,ScalarField2D,neighbor_coherence,PRESENT,10,431010,campaign-3,1,0.949475715553293,0.02360549143084892,0.9258702241224441,0.03125,True,PASS,0.9494757155532928,NOT_APPLICABLE
P01,POSITIVE_CHANNEL_CONTROL,ScalarField2D,neighbor_coherence,PRESENT,11,431011,campaign-3,1,0.9493888440929628,0.020044466158037406,0.9293443779349253,0.03125,True,PASS,0.9493888440929629,NOT_APPLICABLE
P01,POSITIVE_CHANNEL_CONTROL,ScalarField2D,neighbor_coherence,PRESENT,12,431012,campaign-3,1,0.9516039410370771,0.018532821748540138,0.933071119288537,0.03125,True,PASS,0.951603941037077,NOT_APPLICABLE
P01,POSITIVE_CHANNEL_CONTROL,ScalarField2D,neighbor_coherence,PRESENT,13,431013,campaign-3,1,0.9506089683489856,0.01810595159626838,0.9325030167527172,0.03125,True,PASS,0.9506089683489856,NOT_APPLICABLE
P01,POSITIVE_CHANNEL_CONTROL,ScalarField2D,neighbor_coherence,PRESENT,14,431014,campaign-3,1,0.9499287581690404,0.02265925558676572,0.9272695025822747,0.03125,True,PASS,0.9499287581690409,NOT_APPLICABLE
P01,POSITIVE_CHANNEL_CONTROL,ScalarField2D,neighbor_coherence,PRESENT,15,431015,campaign-4,1,0.949770735858072,0.020339161079177673,0.9294315747788944,0.03125,True,PASS,0.9497707358580718,NOT_APPLICABLE
P01,POSITIVE_CHANNEL_CONTROL,ScalarField2D,neighbor_coherence,PRESENT,16,431016,campaign-4,1,0.9505550053741322,0.021015853376640144,0.929539151997492,0.03125,True,PASS,0.9505550053741322,NOT_APPLICABLE
P01,POSITIVE_CHANNEL_CONTROL,ScalarField2D,neighbor_coherence,PRESENT,17,431017,campaign-4,1,0.9501693178272758,0.015788180631587,0.9343811371956887,0.03125,True,PASS,0.9501693178272758,NOT_APPLICABLE
P01,POSITIVE_CHANNEL_CONTROL,ScalarField2D,neighbor_coherence,PRESENT,18,431018,campaign-4,1,0.9505035109560231,0.016134029472334388,0.9343694814836887,0.03125,True,PASS,0.9505035109560231,NOT_APPLICABLE
P01,POSITIVE_CHANNEL_CONTROL,ScalarField2D,neighbor_coherence,PRESENT,19,431019,campaign-4,1,0.9490490512317811,0.02361497407089654,0.9254340771608845,0.03125,True,PASS,0.9490490512317811,NOT_APPLICABLE
P02,POSITIVE_CHANNEL_CONTROL,ScalarField2D,spectral_concentration,PRESENT,0,432000,independent-1,1,0.9995598952674408,0.1967550769463707,0.8028048183210701,0.03125,True,PASS,0.9995598952674408,NOT_APPLICABLE
P02,POSITIVE_CHANNEL_CONTROL,ScalarField2D,spectral_concentration,PRESENT,1,432001,independent-2,1,0.9995598911112715,0.203297402588432,0.7962624885228395,0.03125,True,PASS,0.9995598911112715,NOT_APPLICABLE
P02,POSITIVE_CHANNEL_CONTROL,ScalarField2D,spectral_concentration,PRESENT,2,432002,independent-3,1,0.9995598867128039,0.19553177829980092,0.804028108413003,0.03125,True,PASS,0.9995598867128038,NOT_APPLICABLE
P02,POSITIVE_CHANNEL_CONTROL,ScalarField2D,spectral_concentration,PRESENT,3,432003,independent-4,1,0.9995598869155594,0.1983264569333513,0.8012334299822081,0.03125,True,PASS,0.9995598869155593,NOT_APPLICABLE
P02,POSITIVE_CHANNEL_CONTROL,ScalarField2D,spectral_concentration,PRESENT,4,432004,independent-5,1,0.9995598844337531,0.19799087755409633,0.8015690068796568,0.03125,True,PASS,0.9995598844337532,NOT_APPLICABLE
P02,POSITIVE_CHANNEL_CONTROL,ScalarField2D,spectral_concentration,PRESENT,5,432005,independent-6,1,0.9995598900678675,0.19798143585126837,0.8015784542165991,0.03125,True,PASS,0.9995598900678675,NOT_APPLICABLE
P02,POSITIVE_CHANNEL_CONTROL,ScalarField2D,spectral_concentration,PRESENT,6,432006,independent-7,1,0.999559886158478,0.2060289849346853,0.7935309012237928,0.03125,True,PASS,0.9995598861584781,NOT_APPLICABLE
P02,POSITIVE_CHANNEL_CONTROL,ScalarField2D,spectral_concentration,PRESENT,7,432007,independent-8,1,0.9995598884253777,0.19843641266227513,0.8011234757631025,0.03125,True,PASS,0.9995598884253776,NOT_APPLICABLE
P02,POSITIVE_CHANNEL_CONTROL,ScalarField2D,spectral_concentration,PRESENT,8,432008,independent-9,1,0.9995599246226328,0.200389392387579,0.7991705322350537,0.03125,True,PASS,0.9995599246226329,NOT_APPLICABLE
P02,POSITIVE_CHANNEL_CONTROL,ScalarField2D,spectral_concentration,PRESENT,9,432009,independent-10,1,0.9995598843275747,0.20319999126143562,0.7963598930661391,0.03125,True,PASS,0.9995598843275748,NOT_APPLICABLE
P02,POSITIVE_CHANNEL_CONTROL,ScalarField2D,spectral_concentration,PRESENT,10,432010,independent-11,1,0.9995598975623289,0.201614336172604,0.7979455613897248,0.03125,True,PASS,0.999559897562329,NOT_APPLICABLE
P02,POSITIVE_CHANNEL_CONTROL,ScalarField2D,spectral_concentration,PRESENT,11,432011,independent-12,1,0.9995598965230137,0.19647228320027238,0.8030876133227414,0.03125,True,PASS,0.9995598965230138,NOT_APPLICABLE
P02,POSITIVE_CHANNEL_CONTROL,ScalarField2D,spectral_concentration,PRESENT,12,432012,independent-13,1,0.9995599850713863,0.2021553440964485,0.7974046409749378,0.03125,True,PASS,0.9995599850713862,NOT_APPLICABLE
P02,POSITIVE_CHANNEL_CONTROL,ScalarField2D,spectral_concentration,PRESENT,13,432013,independent-14,1,0.9995598843245083,0.20251183038915332,0.7970480539353549,0.03125,True,PASS,0.9995598843245084,NOT_APPLICABLE
P02,POSITIVE_CHANNEL_CONTROL,ScalarField2D,spectral_concentration,PRESENT,14,432014,independent-15,1,0.9995598986007228,0.20573537821383997,0.7938245203868828,0.03125,True,PASS,0.9995598986007229,NOT_APPLICABLE
P02,POSITIVE_CHANNEL_CONTROL,ScalarField2D,spectral_concentration,PRESENT,15,432015,independent-16,1,0.999559952435078,0.19171573983355286,0.8078442126015252,0.03125,True,PASS,0.9995599524350781,NOT_APPLICABLE
P02,POSITIVE_CHANNEL_CONTROL,ScalarField2D,spectral_concentration,PRESENT,16,432016,independent-17,1,0.999559884323946,0.20297613625975885,0.7965837480641872,0.03125,True,PASS,0.9995598843239462,NOT_APPLICABLE
P02,POSITIVE_CHANNEL_CONTROL,ScalarField2D,spectral_concentration,PRESENT,17,432017,independent-18,1,0.9995598849382851,0.19440625193429995,0.8051536330039851,0.03125,True,PASS,0.999559884938285,NOT_APPLICABLE
P02,POSITIVE_CHANNEL_CONTROL,ScalarField2D,spectral_concentration,PRESENT,18,432018,independent-19,1,0.9995598855424869,0.1984416014427016,0.8011182840997852,0.03125,True,PASS,0.9995598855424869,NOT_APPLICABLE
P02,POSITIVE_CHANNEL_CONTROL,ScalarField2D,spectral_concentration,PRESENT,19,432019,independent-20,1,0.9995598843698045,0.20247200011059893,0.7970878842592055,0.03125,True,PASS,0.9995598843698044,NOT_APPLICABLE
P03,POSITIVE_CHANNEL_CONTROL,VectorField2D,curl_coherence,PRESENT,0,433000,independent-1,1,0.9641138957174351,0.00025758877078168674,0.9638563069466535,0.03125,True,PASS,0.964113895717435,NOT_APPLICABLE
P03,POSITIVE_CHANNEL_CONTROL,VectorField2D,curl_coherence,PRESENT,1,433001,independent-2,1,0.9640848061590963,0.0003735728458144417,0.9637112333132819,0.03125,True,PASS,0.9640848061590963,NOT_APPLICABLE
P03,POSITIVE_CHANNEL_CONTROL,VectorField2D,curl_coherence,PRESENT,2,433002,independent-3,1,0.9640470269410688,0.0002865366417968998,0.9637604902992719,0.03125,True,PASS,0.964047026941068,NOT_APPLICABLE
P03,POSITIVE_CHANNEL_CONTROL,VectorField2D,curl_coherence,PRESENT,3,433003,independent-4,1,0.9652640733553125,0.00029823275372164825,0.9649658406015909,0.03125,True,PASS,0.9652640733553125,NOT_APPLICABLE
P03,POSITIVE_CHANNEL_CONTROL,VectorField2D,curl_coherence,PRESENT,4,433004,independent-5,1,0.9661137917492297,0.00030934982033852627,0.9658044419288913,0.03125,True,PASS,0.9661137917492296,NOT_APPLICABLE
P03,POSITIVE_CHANNEL_CONTROL,VectorField2D,curl_coherence,PRESENT,5,433005,independent-6,1,0.9652714229948571,0.00017668558672232477,0.9650947374081348,0.03125,True,PASS,0.9652714229948571,NOT_APPLICABLE
P03,POSITIVE_CHANNEL_CONTROL,VectorField2D,curl_coherence,PRESENT,6,433006,independent-7,1,0.9608300845777096,0.0002570640363797884,0.9605730205413298,0.03125,True,PASS,0.9608300845777092,NOT_APPLICABLE
P03,POSITIVE_CHANNEL_CONTROL,VectorField2D,curl_coherence,PRESENT,7,433007,independent-8,1,0.963266749679134,0.00024303619591443804,0.9630237134832195,0.03125,True,PASS,0.9632667496791341,NOT_APPLICABLE
P03,POSITIVE_CHANNEL_CONTROL,VectorField2D,curl_coherence,PRESENT,8,433008,independent-9,1,0.9637822888388548,0.00030354085861058566,0.9634787479802441,0.03125,True,PASS,0.9637822888388545,NOT_APPLICABLE
P03,POSITIVE_CHANNEL_CONTROL,VectorField2D,curl_coherence,PRESENT,9,433009,independent-10,1,0.9607006728569558,0.0004433023059914775,0.9602573705509644,0.03125,True,PASS,0.9607006728569558,NOT_APPLICABLE
P03,POSITIVE_CHANNEL_CONTROL,VectorField2D,curl_coherence,PRESENT,10,433010,independent-11,1,0.9670766082293905,0.00023052556057381667,0.9668460826688167,0.03125,True,PASS,0.9670766082293901,NOT_APPLICABLE
P03,POSITIVE_CHANNEL_CONTROL,VectorField2D,curl_coherence,PRESENT,11,433011,independent-12,1,0.963513624333512,0.0002589973475746349,0.9632546269859373,0.03125,True,PASS,0.963513624333512,NOT_APPLICABLE
P03,POSITIVE_CHANNEL_CONTROL,VectorField2D,curl_coherence,PRESENT,12,433012,independent-13,1,0.9585242289349012,0.00023769356007827464,0.9582865353748229,0.03125,True,PASS,0.958524228934901,NOT_APPLICABLE
P03,POSITIVE_CHANNEL_CONTROL,VectorField2D,curl_coherence,PRESENT,13,433013,independent-14,1,0.9627236120242867,0.00017168987658299729,0.9625519221477037,0.03125,True,PASS,0.962723612024287,NOT_APPLICABLE
P03,POSITIVE_CHANNEL_CONTROL,VectorField2D,curl_coherence,PRESENT,14,433014,independent-15,1,0.9646588059786477,0.0003293120480739062,0.9643294939305738,0.03125,True,PASS,0.964658805978648,NOT_APPLICABLE
P03,POSITIVE_CHANNEL_CONTROL,VectorField2D,curl_coherence,PRESENT,15,433015,independent-16,1,0.9685335594665614,0.0002011066268516395,0.9683324528397097,0.03125,True,PASS,0.9685335594665614,NOT_APPLICABLE
P03,POSITIVE_CHANNEL_CONTROL,VectorField2D,curl_coherence,PRESENT,16,433016,independent-17,1,0.9669821447389916,0.00012431174897687184,0.9668578329900147,0.03125,True,PASS,0.9669821447389918,NOT_APPLICABLE
P03,POSITIVE_CHANNEL_CONTROL,VectorField2D,curl_coherence,PRESENT,17,433017,independent-18,1,0.9617119561784606,0.00017228271999545,0.9615396734584651,0.03125,True,PASS,0.9617119561784606,NOT_APPLICABLE
P03,POSITIVE_CHANNEL_CONTROL,VectorField2D,curl_coherence,PRESENT,18,433018,independent-19,1,0.9652311683750736,0.00021564550704454628,0.965015522868029,0.03125,True,PASS,0.9652311683750741,NOT_APPLICABLE
P03,POSITIVE_CHANNEL_CONTROL,VectorField2D,curl_coherence,PRESENT,19,433019,independent-20,1,0.963839479503647,0.0001953428702840151,0.963644136633363,0.03125,True,PASS,0.963839479503647,NOT_APPLICABLE
P04,POSITIVE_CHANNEL_CONTROL,VectorField2D,curl_coherence,PRESENT,0,434000,independent-1,1,0.8680130680228647,9.529706227620414e-05,0.8679177709605885,0.03125,True,PASS,0.8680130680228645,NOT_APPLICABLE
P04,POSITIVE_CHANNEL_CONTROL,VectorField2D,curl_coherence,PRESENT,1,434001,independent-2,1,0.8770843835471498,0.0003487574301077115,0.876735626117042,0.03125,True,PASS,0.8770843835471498,NOT_APPLICABLE
P04,POSITIVE_CHANNEL_CONTROL,VectorField2D,curl_coherence,PRESENT,2,434002,independent-3,1,0.8750582336311827,0.00037954935446134935,0.8746786842767214,0.03125,True,PASS,0.8750582336311827,NOT_APPLICABLE
P04,POSITIVE_CHANNEL_CONTROL,VectorField2D,curl_coherence,PRESENT,3,434003,independent-4,1,0.8724587251336154,0.00035491437669400136,0.8721038107569214,0.03125,True,PASS,0.8724587251336151,NOT_APPLICABLE
P04,POSITIVE_CHANNEL_CONTROL,VectorField2D,curl_coherence,PRESENT,4,434004,independent-5,1,0.867231422772883,0.00015398306829104324,0.867077439704592,0.03125,True,PASS,0.8672314227728829,NOT_APPLICABLE
P04,POSITIVE_CHANNEL_CONTROL,VectorField2D,curl_coherence,PRESENT,5,434005,independent-6,1,0.8656116415610388,0.0004256647895049718,0.8651859767715337,0.03125,True,PASS,0.8656116415610388,NOT_APPLICABLE
P04,POSITIVE_CHANNEL_CONTROL,VectorField2D,curl_coherence,PRESENT,6,434006,independent-7,1,0.8687385744999616,0.0003546686845413613,0.8683839058154202,0.03125,True,PASS,0.8687385744999616,NOT_APPLICABLE
P04,POSITIVE_CHANNEL_CONTROL,VectorField2D,curl_coherence,PRESENT,7,434007,independent-8,1,0.8582828290242596,0.00016635824468227688,0.8581164707795773,0.03125,True,PASS,0.8582828290242598,NOT_APPLICABLE
P04,POSITIVE_CHANNEL_CONTROL,VectorField2D,curl_coherence,PRESENT,8,434008,independent-9,1,0.8716479761289765,0.00036304158710998214,0.8712849345418665,0.03125,True,PASS,0.8716479761289765,NOT_APPLICABLE
P04,POSITIVE_CHANNEL_CONTROL,VectorField2D,curl_coherence,PRESENT,9,434009,independent-10,1,0.8632173534464355,0.00037291304522976134,0.8628444404012057,0.03125,True,PASS,0.8632173534464356,NOT_APPLICABLE
P04,POSITIVE_CHANNEL_CONTROL,VectorField2D,curl_coherence,PRESENT,10,434010,independent-11,1,0.8786206536664969,0.0005854623860543809,0.8780351912804425,0.03125,True,PASS,0.8786206536664972,NOT_APPLICABLE
P04,POSITIVE_CHANNEL_CONTROL,VectorField2D,curl_coherence,PRESENT,11,434011,independent-12,1,0.8630002590998794,0.00013686323762576982,0.8628633958622537,0.03125,True,PASS,0.8630002590998797,NOT_APPLICABLE
P04,POSITIVE_CHANNEL_CONTROL,VectorField2D,curl_coherence,PRESENT,12,434012,independent-13,1,0.875516936138361,0.0002880753654069977,0.875228860772954,0.03125,True,PASS,0.875516936138361,NOT_APPLICABLE
P04,POSITIVE_CHANNEL_CONTROL,VectorField2D,curl_coherence,PRESENT,13,434013,independent-14,1,0.8650311448380178,0.0005563604753255809,0.8644747843626922,0.03125,True,PASS,0.8650311448380178,NOT_APPLICABLE
P04,POSITIVE_CHANNEL_CONTROL,VectorField2D,curl_coherence,PRESENT,14,434014,independent-15,1,0.8772994497513429,0.0004798800543182381,0.8768195696970247,0.03125,True,PASS,0.8772994497513429,NOT_APPLICABLE
P04,POSITIVE_CHANNEL_CONTROL,VectorField2D,curl_coherence,PRESENT,15,434015,independent-16,1,0.87619766227138,0.00039484318270283287,0.8758028190886771,0.03125,True,PASS,0.87619766227138,NOT_APPLICABLE
P04,POSITIVE_CHANNEL_CONTROL,VectorField2D,curl_coherence,PRESENT,16,434016,independent-17,1,0.8628823015924979,9.235373994660105e-05,0.8627899478525513,0.03125,True,PASS,0.8628823015924979,NOT_APPLICABLE
P04,POSITIVE_CHANNEL_CONTROL,VectorField2D,curl_coherence,PRESENT,17,434017,independent-18,1,0.8725946709695974,0.00030053903638818755,0.8722941319332093,0.03125,True,PASS,0.8725946709695975,NOT_APPLICABLE
P04,POSITIVE_CHANNEL_CONTROL,VectorField2D,curl_coherence,PRESENT,18,434018,independent-19,1,0.8692956550569519,0.0002625801972922797,0.8690330748596596,0.03125,True,PASS,0.8692956550569522,NOT_APPLICABLE
P04,POSITIVE_CHANNEL_CONTROL,VectorField2D,curl_coherence,PRESENT,19,434019,independent-20,1,0.874516091162718,0.00032392629150069217,0.8741921648712173,0.03125,True,PASS,0.874516091162718,NOT_APPLICABLE
P05,POSITIVE_CHANNEL_CONTROL,ScalarVolume3D,volume_neighbor,PRESENT,0,435000,independent-1,1,0.9408899319803823,0.005660270016092671,0.9352296619642896,0.03125,True,PASS,0.9408899319803825,NOT_APPLICABLE
P05,POSITIVE_CHANNEL_CONTROL,ScalarVolume3D,volume_neighbor,PRESENT,1,435001,independent-2,1,0.9409700215118108,0.009601049791162823,0.9313689717206479,0.03125,True,PASS,0.9409700215118106,NOT_APPLICABLE
P05,POSITIVE_CHANNEL_CONTROL,ScalarVolume3D,volume_neighbor,PRESENT,2,435002,independent-3,1,0.9402474976473323,0.009735204951064377,0.9305122926962679,0.03125,True,PASS,0.9402474976473323,NOT_APPLICABLE
P05,POSITIVE_CHANNEL_CONTROL,ScalarVolume3D,volume_neighbor,PRESENT,3,435003,independent-4,1,0.9406685110413139,0.00831140800718274,0.9323571030341311,0.03125,True,PASS,0.9406685110413138,NOT_APPLICABLE
P05,POSITIVE_CHANNEL_CONTROL,ScalarVolume3D,volume_neighbor,PRESENT,4,435004,independent-5,1,0.9412748022648764,0.008962948993808607,0.9323118532710678,0.03125,True,PASS,0.9412748022648764,NOT_APPLICABLE
P05,POSITIVE_CHANNEL_CONTROL,ScalarVolume3D,volume_neighbor,PRESENT,5,435005,independent-6,1,0.9417506981100903,0.007803930314668844,0.9339467677954214,0.03125,True,PASS,0.9417506981100903,NOT_APPLICABLE
P05,POSITIVE_CHANNEL_CONTROL,ScalarVolume3D,volume_neighbor,PRESENT,6,435006,independent-7,1,0.9409042134182868,0.0055354079054715614,0.9353688055128152,0.03125,True,PASS,0.940904213418287,NOT_APPLICABLE
P05,POSITIVE_CHANNEL_CONTROL,ScalarVolume3D,volume_neighbor,PRESENT,7,435007,independent-8,1,0.9403725876682096,0.011658741358215714,0.9287138463099939,0.03125,True,PASS,0.9403725876682096,NOT_APPLICABLE
P05,POSITIVE_CHANNEL_CONTROL,ScalarVolume3D,volume_neighbor,PRESENT,8,435008,independent-9,1,0.9410948371449518,0.011181567574814876,0.9299132695701369,0.03125,True,PASS,0.9410948371449518,NOT_APPLICABLE
P05,POSITIVE_CHANNEL_CONTROL,ScalarVolume3D,volume_neighbor,PRESENT,9,435009,independent-10,1,0.9405445864962715,0.007455437017702543,0.9330891494785689,0.03125,True,PASS,0.9405445864962714,NOT_APPLICABLE
P05,POSITIVE_CHANNEL_CONTROL,ScalarVolume3D,volume_neighbor,PRESENT,10,435010,independent-11,1,0.9410449721299154,0.009945404209177595,0.9310995679207379,0.03125,True,PASS,0.9410449721299153,NOT_APPLICABLE
P05,POSITIVE_CHANNEL_CONTROL,ScalarVolume3D,volume_neighbor,PRESENT,11,435011,independent-12,1,0.9404690379035334,0.010995437153617732,0.9294736007499157,0.03125,True,PASS,0.9404690379035334,NOT_APPLICABLE
P05,POSITIVE_CHANNEL_CONTROL,ScalarVolume3D,volume_neighbor,PRESENT,12,435012,independent-13,1,0.9406975554419579,0.005658019936552705,0.9350395355054052,0.03125,True,PASS,0.9406975554419579,NOT_APPLICABLE
P05,POSITIVE_CHANNEL_CONTROL,ScalarVolume3D,volume_neighbor,PRESENT,13,435013,independent-14,1,0.9410750174514366,0.010594451335678993,0.9304805661157576,0.03125,True,PASS,0.9410750174514366,NOT_APPLICABLE
P05,POSITIVE_CHANNEL_CONTROL,ScalarVolume3D,volume_neighbor,PRESENT,14,435014,independent-15,1,0.9410441280011503,0.012823330467886444,0.9282207975332639,0.03125,True,PASS,0.9410441280011502,NOT_APPLICABLE
P05,POSITIVE_CHANNEL_CONTROL,ScalarVolume3D,volume_neighbor,PRESENT,15,435015,independent-16,1,0.9406605015890321,0.011205544143048397,0.9294549574459837,0.03125,True,PASS,0.9406605015890321,NOT_APPLICABLE
P05,POSITIVE_CHANNEL_CONTROL,ScalarVolume3D,volume_neighbor,PRESENT,16,435016,independent-17,1,0.9407628628415072,0.008650330397724877,0.9321125324437823,0.03125,True,PASS,0.9407628628415072,NOT_APPLICABLE
P05,POSITIVE_CHANNEL_CONTROL,ScalarVolume3D,volume_neighbor,PRESENT,17,435017,independent-18,1,0.9408414865067771,0.012040592670693708,0.9288008938360834,0.03125,True,PASS,0.9408414865067771,NOT_APPLICABLE
P05,POSITIVE_CHANNEL_CONTROL,ScalarVolume3D,volume_neighbor,PRESENT,18,435018,independent-19,1,0.9404236650150876,0.010491915827881889,0.9299317491872057,0.03125,True,PASS,0.9404236650150875,NOT_APPLICABLE
P05,POSITIVE_CHANNEL_CONTROL,ScalarVolume3D,volume_neighbor,PRESENT,19,435019,independent-20,1,0.9404594916101954,0.008274941024995128,0.9321845505852002,0.03125,True,PASS,0.9404594916101954,NOT_APPLICABLE
P06,POSITIVE_CHANNEL_CONTROL,VectorVolume3D,curl_coherence_3d,PRESENT,0,436000,independent-1,1,0.9449106434844696,0.00018389090415605095,0.9447267525803136,0.03125,True,NOT_APPLICABLE_REGISTERED_TRANSFORM_PENDING,,NOT_APPLICABLE
P06,POSITIVE_CHANNEL_CONTROL,VectorVolume3D,curl_coherence_3d,PRESENT,1,436001,independent-2,1,0.9437611468259247,0.00015773410129542464,0.9436034127246293,0.03125,True,NOT_APPLICABLE_REGISTERED_TRANSFORM_PENDING,,NOT_APPLICABLE
P06,POSITIVE_CHANNEL_CONTROL,VectorVolume3D,curl_coherence_3d,PRESENT,2,436002,independent-3,1,0.9432308351420045,0.00013833001546580915,0.9430925051265386,0.03125,True,NOT_APPLICABLE_REGISTERED_TRANSFORM_PENDING,,NOT_APPLICABLE
P06,POSITIVE_CHANNEL_CONTROL,VectorVolume3D,curl_coherence_3d,PRESENT,3,436003,independent-4,1,0.9436647143812464,0.0002214487267742369,0.9434432656544722,0.03125,True,NOT_APPLICABLE_REGISTERED_TRANSFORM_PENDING,,NOT_APPLICABLE
P06,POSITIVE_CHANNEL_CONTROL,VectorVolume3D,curl_coherence_3d,PRESENT,4,436004,independent-5,1,0.9424251269281214,0.00019319488421234987,0.9422319320439091,0.03125,True,NOT_APPLICABLE_REGISTERED_TRANSFORM_PENDING,,NOT_APPLICABLE
P06,POSITIVE_CHANNEL_CONTROL,VectorVolume3D,curl_coherence_3d,PRESENT,5,436005,independent-6,1,0.9445565740909725,0.00010473056493679261,0.9444518435260357,0.03125,True,NOT_APPLICABLE_REGISTERED_TRANSFORM_PENDING,,NOT_APPLICABLE
P06,POSITIVE_CHANNEL_CONTROL,VectorVolume3D,curl_coherence_3d,PRESENT,6,436006,independent-7,1,0.9440157600801999,0.0002009005219373405,0.9438148595582626,0.03125,True,NOT_APPLICABLE_REGISTERED_TRANSFORM_PENDING,,NOT_APPLICABLE
P06,POSITIVE_CHANNEL_CONTROL,VectorVolume3D,curl_coherence_3d,PRESENT,7,436007,independent-8,1,0.9446519582406707,0.00012125889111905979,0.9445306993495517,0.03125,True,NOT_APPLICABLE_REGISTERED_TRANSFORM_PENDING,,NOT_APPLICABLE
P06,POSITIVE_CHANNEL_CONTROL,VectorVolume3D,curl_coherence_3d,PRESENT,8,436008,independent-9,1,0.9448408602310798,0.00014268362166664546,0.9446981766094131,0.03125,True,NOT_APPLICABLE_REGISTERED_TRANSFORM_PENDING,,NOT_APPLICABLE
P06,POSITIVE_CHANNEL_CONTROL,VectorVolume3D,curl_coherence_3d,PRESENT,9,436009,independent-10,1,0.9431602011741939,0.00016076727818944365,0.9429994338960044,0.03125,True,NOT_APPLICABLE_REGISTERED_TRANSFORM_PENDING,,NOT_APPLICABLE
P06,POSITIVE_CHANNEL_CONTROL,VectorVolume3D,curl_coherence_3d,PRESENT,10,436010,independent-11,1,0.944399420090684,0.00016480762676086225,0.9442346124639232,0.03125,True,NOT_APPLICABLE_REGISTERED_TRANSFORM_PENDING,,NOT_APPLICABLE
P06,POSITIVE_CHANNEL_CONTROL,VectorVolume3D,curl_coherence_3d,PRESENT,11,436011,independent-12,1,0.9416119211169899,0.0001264169930771984,0.9414855041239126,0.03125,True,NOT_APPLICABLE_REGISTERED_TRANSFORM_PENDING,,NOT_APPLICABLE
P06,POSITIVE_CHANNEL_CONTROL,VectorVolume3D,curl_coherence_3d,PRESENT,12,436012,independent-13,1,0.9441197718810678,0.00012717239859161557,0.9439925994824762,0.03125,True,NOT_APPLICABLE_REGISTERED_TRANSFORM_PENDING,,NOT_APPLICABLE
P06,POSITIVE_CHANNEL_CONTROL,VectorVolume3D,curl_coherence_3d,PRESENT,13,436013,independent-14,1,0.9441762189871007,0.00018325769003122867,0.9439929612970694,0.03125,True,NOT_APPLICABLE_REGISTERED_TRANSFORM_PENDING,,NOT_APPLICABLE
P06,POSITIVE_CHANNEL_CONTROL,VectorVolume3D,curl_coherence_3d,PRESENT,14,436014,independent-15,1,0.9439589242798785,0.00017692290664006905,0.9437820013732384,0.03125,True,NOT_APPLICABLE_REGISTERED_TRANSFORM_PENDING,,NOT_APPLICABLE
P06,POSITIVE_CHANNEL_CONTROL,VectorVolume3D,curl_coherence_3d,PRESENT,15,436015,independent-16,1,0.9437985391440554,0.0001432786178923946,0.943655260526163,0.03125,True,NOT_APPLICABLE_REGISTERED_TRANSFORM_PENDING,,NOT_APPLICABLE
P06,POSITIVE_CHANNEL_CONTROL,VectorVolume3D,curl_coherence_3d,PRESENT,16,436016,independent-17,1,0.943728825166548,0.00014130640802441005,0.9435875187585235,0.03125,True,NOT_APPLICABLE_REGISTERED_TRANSFORM_PENDING,,NOT_APPLICABLE
P06,POSITIVE_CHANNEL_CONTROL,VectorVolume3D,curl_coherence_3d,PRESENT,17,436017,independent-18,1,0.9432156436155384,0.0001531766046473959,0.943062467010891,0.03125,True,NOT_APPLICABLE_REGISTERED_TRANSFORM_PENDING,,NOT_APPLICABLE
P06,POSITIVE_CHANNEL_CONTROL,VectorVolume3D,curl_coherence_3d,PRESENT,18,436018,independent-19,1,0.9427126286080552,0.00010624846333691228,0.9426063801447182,0.03125,True,NOT_APPLICABLE_REGISTERED_TRANSFORM_PENDING,,NOT_APPLICABLE
P06,POSITIVE_CHANNEL_CONTROL,VectorVolume3D,curl_coherence_3d,PRESENT,19,436019,independent-20,1,0.9432690792322638,0.00013171083403854957,0.9431373683982253,0.03125,True,NOT_APPLICABLE_REGISTERED_TRANSFORM_PENDING,,NOT_APPLICABLE
P07,POSITIVE_CHANNEL_CONTROL,SpatiotemporalScalarField,temporal_lag,PRESENT,0,437000,campaign-1,1,0.999910591962941,0.3653486234080864,0.6345619685548546,0.03125,True,PASS,0.999910591962941,NOT_APPLICABLE
P07,POSITIVE_CHANNEL_CONTROL,SpatiotemporalScalarField,temporal_lag,PRESENT,1,437001,campaign-1,1,0.999860226930792,0.35681226355861495,0.6430479633721771,0.03125,True,PASS,0.9998602269307921,NOT_APPLICABLE
P07,POSITIVE_CHANNEL_CONTROL,SpatiotemporalScalarField,temporal_lag,PRESENT,2,437002,campaign-1,1,0.9999389013867401,0.2259736226764208,0.7739652787103193,0.03125,True,PASS,0.9999389013867401,NOT_APPLICABLE
P07,POSITIVE_CHANNEL_CONTROL,SpatiotemporalScalarField,temporal_lag,PRESENT,3,437003,campaign-1,1,0.9996901051389977,0.28549279545794226,0.7141973096810554,0.03125,True,PASS,0.9996901051389975,NOT_APPLICABLE
P07,POSITIVE_CHANNEL_CONTROL,SpatiotemporalScalarField,temporal_lag,PRESENT,4,437004,campaign-1,1,0.999667682904661,0.19841219676843466,0.8012554861362263,0.03125,True,PASS,0.999667682904661,NOT_APPLICABLE
P07,POSITIVE_CHANNEL_CONTROL,SpatiotemporalScalarField,temporal_lag,PRESENT,5,437005,campaign-2,1,0.9999316641011534,0.24088938805836477,0.7590422760427886,0.03125,True,PASS,0.9999316641011534,NOT_APPLICABLE
P07,POSITIVE_CHANNEL_CONTROL,SpatiotemporalScalarField,temporal_lag,PRESENT,6,437006,campaign-2,1,0.9999265221337407,0.3245450956456774,0.6753814264880633,0.03125,True,PASS,0.9999265221337409,NOT_APPLICABLE
P07,POSITIVE_CHANNEL_CONTROL,SpatiotemporalScalarField,temporal_lag,PRESENT,7,437007,campaign-2,1,0.9999236763684723,0.295172322574538,0.7047513537939343,0.03125,True,PASS,0.9999236763684726,NOT_APPLICABLE
P07,POSITIVE_CHANNEL_CONTROL,SpatiotemporalScalarField,temporal_lag,PRESENT,8,437008,campaign-2,1,0.9998697302708327,0.29300709943057557,0.7068626308402571,0.03125,True,PASS,0.9998697302708327,NOT_APPLICABLE
P07,POSITIVE_CHANNEL_CONTROL,SpatiotemporalScalarField,temporal_lag,PRESENT,9,437009,campaign-2,1,0.999927164737418,0.23305753972047435,0.7668696250169437,0.03125,True,PASS,0.9999271647374179,NOT_APPLICABLE
P07,POSITIVE_CHANNEL_CONTROL,SpatiotemporalScalarField,temporal_lag,PRESENT,10,437010,campaign-3,1,0.9998613176359202,0.23521899527424153,0.7646423223616787,0.03125,True,PASS,0.9998613176359203,NOT_APPLICABLE
P07,POSITIVE_CHANNEL_CONTROL,SpatiotemporalScalarField,temporal_lag,PRESENT,11,437011,campaign-3,1,0.9998793964846427,0.3021326864442383,0.6977467100404044,0.03125,True,PASS,0.9998793964846432,NOT_APPLICABLE
P07,POSITIVE_CHANNEL_CONTROL,SpatiotemporalScalarField,temporal_lag,PRESENT,12,437012,campaign-3,1,0.9999540314941932,0.31276346331264976,0.6871905681815433,0.03125,True,PASS,0.9999540314941932,NOT_APPLICABLE
P07,POSITIVE_CHANNEL_CONTROL,SpatiotemporalScalarField,temporal_lag,PRESENT,13,437013,campaign-3,1,0.9999268959445943,0.19816238751152404,0.8017645084330702,0.03125,True,PASS,0.9999268959445944,NOT_APPLICABLE
P07,POSITIVE_CHANNEL_CONTROL,SpatiotemporalScalarField,temporal_lag,PRESENT,14,437014,campaign-3,1,0.9997974871362545,0.3302029347465296,0.6695945523897249,0.03125,True,PASS,0.9997974871362545,NOT_APPLICABLE
P07,POSITIVE_CHANNEL_CONTROL,SpatiotemporalScalarField,temporal_lag,PRESENT,15,437015,campaign-4,1,0.999923469805215,0.3164904875395662,0.6834329822656487,0.03125,True,PASS,0.999923469805215,NOT_APPLICABLE
P07,POSITIVE_CHANNEL_CONTROL,SpatiotemporalScalarField,temporal_lag,PRESENT,16,437016,campaign-4,1,0.9999000318189013,0.31207971517235683,0.6878203166465444,0.03125,True,PASS,0.9999000318189011,NOT_APPLICABLE
P07,POSITIVE_CHANNEL_CONTROL,SpatiotemporalScalarField,temporal_lag,PRESENT,17,437017,campaign-4,1,0.9999036043344649,0.4052288211956857,0.5946747831387792,0.03125,True,PASS,0.9999036043344649,NOT_APPLICABLE
P07,POSITIVE_CHANNEL_CONTROL,SpatiotemporalScalarField,temporal_lag,PRESENT,18,437018,campaign-4,1,0.9998790834260721,0.321061750430666,0.6788173329954061,0.03125,True,PASS,0.999879083426072,NOT_APPLICABLE
P07,POSITIVE_CHANNEL_CONTROL,SpatiotemporalScalarField,temporal_lag,PRESENT,19,437019,campaign-4,1,0.9996378986986063,0.26681948868408845,0.7328184100145179,0.03125,True,PASS,0.9996378986986063,NOT_APPLICABLE
P08,POSITIVE_CHANNEL_CONTROL,SpatiotemporalVectorField,temporal_vector_curl_coherence,PRESENT,0,438000,independent-1,1,0.9928664125069182,0.0003581678162863447,0.9925082446906318,0.03125,True,PASS,0.9928664125069184,NOT_APPLICABLE
P08,POSITIVE_CHANNEL_CONTROL,SpatiotemporalVectorField,temporal_vector_curl_coherence,PRESENT,1,438001,independent-2,1,0.9922277741984142,0.0002490704621014957,0.9919787037363127,0.03125,True,PASS,0.9922277741984141,NOT_APPLICABLE
P08,POSITIVE_CHANNEL_CONTROL,SpatiotemporalVectorField,temporal_vector_curl_coherence,PRESENT,2,438002,independent-3,1,0.992240005015603,0.00023831392382620215,0.9920016910917768,0.03125,True,PASS,0.9922400050156028,NOT_APPLICABLE
P08,POSITIVE_CHANNEL_CONTROL,SpatiotemporalVectorField,temporal_vector_curl_coherence,PRESENT,3,438003,independent-4,1,0.9924624451846754,0.0002186806682674708,0.992243764516408,0.03125,True,PASS,0.9924624451846755,NOT_APPLICABLE
P08,POSITIVE_CHANNEL_CONTROL,SpatiotemporalVectorField,temporal_vector_curl_coherence,PRESENT,4,438004,independent-5,1,0.9929489261807487,0.0002684989509052589,0.9926804272298434,0.03125,True,PASS,0.9929489261807485,NOT_APPLICABLE
P08,POSITIVE_CHANNEL_CONTROL,SpatiotemporalVectorField,temporal_vector_curl_coherence,PRESENT,5,438005,independent-6,1,0.9927342113810904,0.00025875848787724717,0.9924754528932132,0.03125,True,PASS,0.9927342113810906,NOT_APPLICABLE
P08,POSITIVE_CHANNEL_CONTROL,SpatiotemporalVectorField,temporal_vector_curl_coherence,PRESENT,6,438006,independent-7,1,0.9925790087602595,0.00032185530030605424,0.9922571534599535,0.03125,True,PASS,0.9925790087602597,NOT_APPLICABLE
P08,POSITIVE_CHANNEL_CONTROL,SpatiotemporalVectorField,temporal_vector_curl_coherence,PRESENT,7,438007,independent-8,1,0.9928743867912666,0.00022905903625748846,0.9926453277550091,0.03125,True,PASS,0.9928743867912667,NOT_APPLICABLE
P08,POSITIVE_CHANNEL_CONTROL,SpatiotemporalVectorField,temporal_vector_curl_coherence,PRESENT,8,438008,independent-9,1,0.9932040586285469,0.0002586553038830967,0.9929454033246637,0.03125,True,PASS,0.9932040586285471,NOT_APPLICABLE
P08,POSITIVE_CHANNEL_CONTROL,SpatiotemporalVectorField,temporal_vector_curl_coherence,PRESENT,9,438009,independent-10,1,0.9927367061554744,0.0002864491894224085,0.9924502569660519,0.03125,True,PASS,0.9927367061554744,NOT_APPLICABLE
P08,POSITIVE_CHANNEL_CONTROL,SpatiotemporalVectorField,temporal_vector_curl_coherence,PRESENT,10,438010,independent-11,1,0.9917013112399571,0.00029056697858171677,0.9914107442613753,0.03125,True,PASS,0.9917013112399571,NOT_APPLICABLE
P08,POSITIVE_CHANNEL_CONTROL,SpatiotemporalVectorField,temporal_vector_curl_coherence,PRESENT,11,438011,independent-12,1,0.9923060179106258,0.0003622418032793181,0.9919437761073464,0.03125,True,PASS,0.9923060179106258,NOT_APPLICABLE
P08,POSITIVE_CHANNEL_CONTROL,SpatiotemporalVectorField,temporal_vector_curl_coherence,PRESENT,12,438012,independent-13,1,0.9929986414391513,0.0002326854721904885,0.9927659559669608,0.03125,True,PASS,0.9929986414391511,NOT_APPLICABLE
P08,POSITIVE_CHANNEL_CONTROL,SpatiotemporalVectorField,temporal_vector_curl_coherence,PRESENT,13,438013,independent-14,1,0.993032329307536,0.0003208758622326271,0.9927114534453034,0.03125,True,PASS,0.993032329307536,NOT_APPLICABLE
P08,POSITIVE_CHANNEL_CONTROL,SpatiotemporalVectorField,temporal_vector_curl_coherence,PRESENT,14,438014,independent-15,1,0.992939387228505,0.0003615168543649968,0.99257787037414,0.03125,True,PASS,0.992939387228505,NOT_APPLICABLE
P08,POSITIVE_CHANNEL_CONTROL,SpatiotemporalVectorField,temporal_vector_curl_coherence,PRESENT,15,438015,independent-16,1,0.9929127983911976,0.00021249628042125827,0.9927003021107763,0.03125,True,PASS,0.9929127983911976,NOT_APPLICABLE
P08,POSITIVE_CHANNEL_CONTROL,SpatiotemporalVectorField,temporal_vector_curl_coherence,PRESENT,16,438016,independent-17,1,0.9928425355872208,0.000297467884771116,0.9925450677024497,0.03125,True,PASS,0.9928425355872208,NOT_APPLICABLE
P08,POSITIVE_CHANNEL_CONTROL,SpatiotemporalVectorField,temporal_vector_curl_coherence,PRESENT,17,438017,independent-18,1,0.9922332700909382,0.000310348422373066,0.9919229216685651,0.03125,True,PASS,0.992233270090938,NOT_APPLICABLE
P08,POSITIVE_CHANNEL_CONTROL,SpatiotemporalVectorField,temporal_vector_curl_coherence,PRESENT,18,438018,independent-19,1,0.9923711939387716,0.00028368061930064237,0.992087513319471,0.03125,True,PASS,0.9923711939387718,NOT_APPLICABLE
P08,POSITIVE_CHANNEL_CONTROL,SpatiotemporalVectorField,temporal_vector_curl_coherence,PRESENT,19,438019,independent-20,1,0.9923932467148235,0.00029178981640203515,0.9921014568984216,0.03125,True,PASS,0.9923932467148233,NOT_APPLICABLE
P09,POSITIVE_CHANNEL_CONTROL,WeightedGraphGeometry,graph_triangle_concentration,PRESENT,0,439000,campaign-1,1,0.0010253603819177907,0.0005880678090944133,0.0004372925728233774,0.03125,True,PASS,0.001025360381917791,NOT_APPLICABLE
P09,POSITIVE_CHANNEL_CONTROL,WeightedGraphGeometry,graph_triangle_concentration,PRESENT,1,439001,campaign-1,1,0.0010712715157607312,0.0005186508920904317,0.0005526206236702994,0.03125,True,PASS,0.0010712715157607312,NOT_APPLICABLE
P09,POSITIVE_CHANNEL_CONTROL,WeightedGraphGeometry,graph_triangle_concentration,PRESENT,2,439002,campaign-1,1,0.0010635664975066578,0.0005594839016351524,0.0005040825958715053,0.03125,True,PASS,0.0010635664975066576,NOT_APPLICABLE
P09,POSITIVE_CHANNEL_CONTROL,WeightedGraphGeometry,graph_triangle_concentration,PRESENT,3,439003,campaign-1,1,0.0010187744548424032,0.00048313410351905647,0.0005356403513233467,0.03125,True,PASS,0.0010187744548424032,NOT_APPLICABLE
P09,POSITIVE_CHANNEL_CONTROL,WeightedGraphGeometry,graph_triangle_concentration,PRESENT,4,439004,campaign-1,1,0.0010647150236499081,0.0005400414464506047,0.0005246735771993035,0.03125,True,PASS,0.0010647150236499084,NOT_APPLICABLE
P09,POSITIVE_CHANNEL_CONTROL,WeightedGraphGeometry,graph_triangle_concentration,PRESENT,5,439005,campaign-2,1,0.0010070354637268326,0.0005521488376104767,0.00045488662611635597,0.03125,True,PASS,0.0010070354637268324,NOT_APPLICABLE
P09,POSITIVE_CHANNEL_CONTROL,WeightedGraphGeometry,graph_triangle_concentration,PRESENT,6,439006,campaign-2,1,0.001049741356943195,0.0005163607403285044,0.0005333806166146905,0.03125,True,PASS,0.001049741356943196,NOT_APPLICABLE
P09,POSITIVE_CHANNEL_CONTROL,WeightedGraphGeometry,graph_triangle_concentration,PRESENT,7,439007,campaign-2,1,0.0010475558657533758,0.00048498888896392325,0.0005625669767894525,0.03125,True,PASS,0.0010475558657533756,NOT_APPLICABLE
P09,POSITIVE_CHANNEL_CONTROL,WeightedGraphGeometry,graph_triangle_concentration,PRESENT,8,439008,campaign-2,1,0.0010802819984304353,0.0005046196149412106,0.0005756623834892248,0.03125,True,PASS,0.0010802819984304351,NOT_APPLICABLE
P09,POSITIVE_CHANNEL_CONTROL,WeightedGraphGeometry,graph_triangle_concentration,PRESENT,9,439009,campaign-2,1,0.001086475773244438,0.0005290935752087697,0.0005573821980356683,0.03125,True,PASS,0.001086475773244438,NOT_APPLICABLE
P09,POSITIVE_CHANNEL_CONTROL,WeightedGraphGeometry,graph_triangle_concentration,PRESENT,10,439010,campaign-3,1,0.001097255673699365,0.0004557066619018654,0.0006415490117974997,0.03125,True,PASS,0.001097255673699365,NOT_APPLICABLE
P09,POSITIVE_CHANNEL_CONTROL,WeightedGraphGeometry,graph_triangle_concentration,PRESENT,11,439011,campaign-3,1,0.001045987756153723,0.0004907306039540845,0.0005552571521996384,0.03125,True,PASS,0.001045987756153723,NOT_APPLICABLE
P09,POSITIVE_CHANNEL_CONTROL,WeightedGraphGeometry,graph_triangle_concentration,PRESENT,12,439012,campaign-3,1,0.0010464774120476682,0.0005299885867403428,0.0005164888253073254,0.03125,True,PASS,0.0010464774120476682,NOT_APPLICABLE
P09,POSITIVE_CHANNEL_CONTROL,WeightedGraphGeometry,graph_triangle_concentration,PRESENT,13,439013,campaign-3,1,0.0010632490322209228,0.0005342738400835521,0.0005289751921373707,0.03125,True,PASS,0.0010632490322209228,NOT_APPLICABLE
P09,POSITIVE_CHANNEL_CONTROL,WeightedGraphGeometry,graph_triangle_concentration,PRESENT,14,439014,campaign-3,1,0.0010678458197470129,0.0005134185008273508,0.0005544273189196621,0.03125,True,PASS,0.001067845819747013,NOT_APPLICABLE
P09,POSITIVE_CHANNEL_CONTROL,WeightedGraphGeometry,graph_triangle_concentration,PRESENT,15,439015,campaign-4,1,0.001092439196924079,0.0005383896394279657,0.0005540495574961133,0.03125,True,PASS,0.0010924391969240796,NOT_APPLICABLE
P09,POSITIVE_CHANNEL_CONTROL,WeightedGraphGeometry,graph_triangle_concentration,PRESENT,16,439016,campaign-4,1,0.0010516084138626578,0.0004847414106994766,0.0005668670031631812,0.03125,True,PASS,0.0010516084138626578,NOT_APPLICABLE
P09,POSITIVE_CHANNEL_CONTROL,WeightedGraphGeometry,graph_triangle_concentration,PRESENT,17,439017,campaign-4,1,0.0010539020529467997,0.0005256818642723426,0.0005282201886744572,0.03125,True,PASS,0.0010539020529467997,NOT_APPLICABLE
P09,POSITIVE_CHANNEL_CONTROL,WeightedGraphGeometry,graph_triangle_concentration,PRESENT,18,439018,campaign-4,1,0.0010604526734049888,0.0005356271394824087,0.0005248255339225801,0.03125,True,PASS,0.0010604526734049888,NOT_APPLICABLE
P09,POSITIVE_CHANNEL_CONTROL,WeightedGraphGeometry,graph_triangle_concentration,PRESENT,19,439019,campaign-4,1,0.0010614928293768565,0.0004756387300439905,0.000585854099332866,0.03125,True,PASS,0.0010614928293768565,NOT_APPLICABLE
P10,POSITIVE_CHANNEL_CONTROL,DirectedGraphGeometry,directed_return_trace,PRESENT,0,440000,independent-1,1,0.3155652249543588,0.14247312544823118,0.1730920995061276,0.03125,True,PASS,0.3155652249543481,NOT_APPLICABLE
P10,POSITIVE_CHANNEL_CONTROL,DirectedGraphGeometry,directed_return_trace,PRESENT,1,440001,independent-2,1,0.31916995623297484,0.15912457595978075,0.1600453802731941,0.0625,False,PASS,0.31916995623297284,NOT_APPLICABLE
P10,POSITIVE_CHANNEL_CONTROL,DirectedGraphGeometry,directed_return_trace,PRESENT,2,440002,independent-3,1,0.3185144902088121,0.14889260011578812,0.169621890093024,0.03125,True,PASS,0.31851449020882794,NOT_APPLICABLE
P10,POSITIVE_CHANNEL_CONTROL,DirectedGraphGeometry,directed_return_trace,PRESENT,3,440003,independent-4,1,0.3182557878621567,0.14995548072811143,0.16830030713404526,0.03125,True,PASS,0.3182557878621485,NOT_APPLICABLE
P10,POSITIVE_CHANNEL_CONTROL,DirectedGraphGeometry,directed_return_trace,PRESENT,4,440004,independent-5,1,0.3163587930810957,0.1641159456040595,0.1522428474770362,0.03125,True,PASS,0.3163587930810998,NOT_APPLICABLE
P10,POSITIVE_CHANNEL_CONTROL,DirectedGraphGeometry,directed_return_trace,PRESENT,5,440005,independent-6,1,0.3144209540898934,0.14207293121741962,0.17234802287247378,0.03125,True,PASS,0.3144209540898878,NOT_APPLICABLE
P10,POSITIVE_CHANNEL_CONTROL,DirectedGraphGeometry,directed_return_trace,PRESENT,6,440006,independent-7,1,0.325921613133596,0.16140391887015157,0.16451769426344445,0.03125,True,PASS,0.3259216131335991,NOT_APPLICABLE
P10,POSITIVE_CHANNEL_CONTROL,DirectedGraphGeometry,directed_return_trace,PRESENT,7,440007,independent-8,1,0.31876602805534426,0.16437458713009342,0.15439144092525084,0.0625,False,PASS,0.31876602805534376,NOT_APPLICABLE
P10,POSITIVE_CHANNEL_CONTROL,DirectedGraphGeometry,directed_return_trace,PRESENT,8,440008,independent-9,1,0.3173794258924819,0.14823649333826652,0.1691429325542154,0.03125,True,PASS,0.3173794258924799,NOT_APPLICABLE
P10,POSITIVE_CHANNEL_CONTROL,DirectedGraphGeometry,directed_return_trace,PRESENT,9,440009,independent-10,1,0.3158370454021493,0.143301951646471,0.1725350937556783,0.0625,False,PASS,0.3158370454021498,NOT_APPLICABLE
P10,POSITIVE_CHANNEL_CONTROL,DirectedGraphGeometry,directed_return_trace,PRESENT,10,440010,independent-11,1,0.32115028054280476,0.14116999061518448,0.17998028992762027,0.03125,True,PASS,0.3211502805428057,NOT_APPLICABLE
P10,POSITIVE_CHANNEL_CONTROL,DirectedGraphGeometry,directed_return_trace,PRESENT,11,440011,independent-12,1,0.31467784793187703,0.15329239279568452,0.1613854551361925,0.03125,True,PASS,0.31467784793188575,NOT_APPLICABLE
P10,POSITIVE_CHANNEL_CONTROL,DirectedGraphGeometry,directed_return_trace,PRESENT,12,440012,independent-13,1,0.3206143776582135,0.15629492782561552,0.16431944983259797,0.09375,False,PASS,0.320614377658211,NOT_APPLICABLE
P10,POSITIVE_CHANNEL_CONTROL,DirectedGraphGeometry,directed_return_trace,PRESENT,13,440013,independent-14,1,0.3163971296300278,0.16928214370409458,0.14711498592593322,0.03125,True,PASS,0.3163971296300262,NOT_APPLICABLE
P10,POSITIVE_CHANNEL_CONTROL,DirectedGraphGeometry,directed_return_trace,PRESENT,14,440014,independent-15,1,0.31597802625597077,0.15094264958150694,0.16503537667446383,0.03125,True,PASS,0.31597802625597843,NOT_APPLICABLE
P10,POSITIVE_CHANNEL_CONTROL,DirectedGraphGeometry,directed_return_trace,PRESENT,15,440015,independent-16,1,0.31814778636319957,0.15899933980478576,0.15914844655841381,0.03125,True,PASS,0.318147786363202,NOT_APPLICABLE
P10,POSITIVE_CHANNEL_CONTROL,DirectedGraphGeometry,directed_return_trace,PRESENT,16,440016,independent-17,1,0.31980065800944285,0.1403445816168021,0.17945607639264075,0.03125,True,PASS,0.3198006580094413,NOT_APPLICABLE
P10,POSITIVE_CHANNEL_CONTROL,DirectedGraphGeometry,directed_return_trace,PRESENT,17,440017,independent-18,1,0.31453069746803203,0.15796545506413773,0.1565652424038943,0.03125,True,PASS,0.314530697468033,NOT_APPLICABLE
P10,POSITIVE_CHANNEL_CONTROL,DirectedGraphGeometry,directed_return_trace,PRESENT,18,440018,independent-19,1,0.3216455198577221,0.142098132920421,0.1795473869373011,0.03125,True,PASS,0.3216455198577291,NOT_APPLICABLE
P10,POSITIVE_CHANNEL_CONTROL,DirectedGraphGeometry,directed_return_trace,PRESENT,19,440019,independent-20,1,0.3181669534144938,0.16632657497310083,0.15184037844139298,0.03125,True,PASS,0.318166953414503,NOT_APPLICABLE
P11,POSITIVE_CHANNEL_CONTROL,IrregularPointField,point_coherence,PRESENT,0,441000,independent-1,1,0.962913118696945,0.09244436291273987,0.8704687557842051,0.03125,True,PASS,0.962913118696945,NOT_APPLICABLE
P11,POSITIVE_CHANNEL_CONTROL,IrregularPointField,point_coherence,PRESENT,1,441001,independent-2,1,0.951146168276808,0.09383623659167052,0.8573099316851375,0.03125,True,PASS,0.951146168276808,NOT_APPLICABLE
P11,POSITIVE_CHANNEL_CONTROL,IrregularPointField,point_coherence,PRESENT,2,441002,independent-3,1,0.9652904495028891,0.10512728570858003,0.8601631637943091,0.03125,True,PASS,0.9652904495028891,NOT_APPLICABLE
P11,POSITIVE_CHANNEL_CONTROL,IrregularPointField,point_coherence,PRESENT,3,441003,independent-4,1,0.9680002236368164,0.11408794407522616,0.8539122795615902,0.03125,True,PASS,0.9680002236368164,NOT_APPLICABLE
P11,POSITIVE_CHANNEL_CONTROL,IrregularPointField,point_coherence,PRESENT,4,441004,independent-5,1,0.972980909959947,0.06540135811735759,0.9075795518425894,0.03125,True,PASS,0.972980909959947,NOT_APPLICABLE
P11,POSITIVE_CHANNEL_CONTROL,IrregularPointField,point_coherence,PRESENT,5,441005,independent-6,1,0.9839765783153029,0.07144916301640185,0.9125274152989011,0.03125,True,PASS,0.9839765783153029,NOT_APPLICABLE
P11,POSITIVE_CHANNEL_CONTROL,IrregularPointField,point_coherence,PRESENT,6,441006,independent-7,1,0.9658988263038794,0.10101811271876258,0.8648807135851168,0.03125,True,PASS,0.9658988263038794,NOT_APPLICABLE
P11,POSITIVE_CHANNEL_CONTROL,IrregularPointField,point_coherence,PRESENT,7,441007,independent-8,1,0.9685999953942183,0.09897996063077052,0.8696200347634477,0.03125,True,PASS,0.9685999953942183,NOT_APPLICABLE
P11,POSITIVE_CHANNEL_CONTROL,IrregularPointField,point_coherence,PRESENT,8,441008,independent-9,1,0.9919188613988847,0.07844625819069659,0.9134726032081881,0.03125,True,PASS,0.9919188613988847,NOT_APPLICABLE
P11,POSITIVE_CHANNEL_CONTROL,IrregularPointField,point_coherence,PRESENT,9,441009,independent-10,1,0.9823184832014261,0.08173960466772323,0.9005788785337029,0.03125,True,PASS,0.9823184832014261,NOT_APPLICABLE
P11,POSITIVE_CHANNEL_CONTROL,IrregularPointField,point_coherence,PRESENT,10,441010,independent-11,1,0.9196794034276777,0.10478992316252793,0.8148894802651498,0.03125,True,PASS,0.9196794034276777,NOT_APPLICABLE
P11,POSITIVE_CHANNEL_CONTROL,IrregularPointField,point_coherence,PRESENT,11,441011,independent-12,1,0.9873228758805723,0.10327260842814152,0.8840502674524308,0.03125,True,PASS,0.9873228758805723,NOT_APPLICABLE
P11,POSITIVE_CHANNEL_CONTROL,IrregularPointField,point_coherence,PRESENT,12,441012,independent-13,1,0.968755423924187,0.07758730653875369,0.8911681173854333,0.03125,True,PASS,0.968755423924187,NOT_APPLICABLE
P11,POSITIVE_CHANNEL_CONTROL,IrregularPointField,point_coherence,PRESENT,13,441013,independent-14,1,0.9926632574895758,0.07013283065845313,0.9225304268311227,0.03125,True,PASS,0.9926632574895758,NOT_APPLICABLE
P11,POSITIVE_CHANNEL_CONTROL,IrregularPointField,point_coherence,PRESENT,14,441014,independent-15,1,0.9493285414962286,0.07725246358573155,0.872076077910497,0.03125,True,PASS,0.9493285414962286,NOT_APPLICABLE
P11,POSITIVE_CHANNEL_CONTROL,IrregularPointField,point_coherence,PRESENT,15,441015,independent-16,1,0.9797828430064901,0.12424572940747672,0.8555371135990134,0.03125,True,PASS,0.9797828430064901,NOT_APPLICABLE
P11,POSITIVE_CHANNEL_CONTROL,IrregularPointField,point_coherence,PRESENT,16,441016,independent-17,1,0.970056584230066,0.0718370440152405,0.8982195402148255,0.03125,True,PASS,0.970056584230066,NOT_APPLICABLE
P11,POSITIVE_CHANNEL_CONTROL,IrregularPointField,point_coherence,PRESENT,17,441017,independent-18,1,0.9495015889026595,0.08975557276638141,0.859746016136278,0.03125,True,PASS,0.9495015889026595,NOT_APPLICABLE
P11,POSITIVE_CHANNEL_CONTROL,IrregularPointField,point_coherence,PRESENT,18,441018,independent-19,1,0.9355110445392201,0.08151109466173428,0.8539999498774857,0.03125,True,PASS,0.9355110445392201,NOT_APPLICABLE
P11,POSITIVE_CHANNEL_CONTROL,IrregularPointField,point_coherence,PRESENT,19,441019,independent-20,1,0.9410802523791427,0.04721951777845745,0.8938607346006853,0.03125,True,PASS,0.9410802523791427,NOT_APPLICABLE
P12,POSITIVE_CHANNEL_CONTROL,ManifoldPointCloud,winding_number,PRESENT,0,442000,independent-1,1,0.9466012055930544,0.04944640472357222,0.8971548008694822,0.03125,True,PASS,0.946601205593054,NOT_APPLICABLE
P12,POSITIVE_CHANNEL_CONTROL,ManifoldPointCloud,winding_number,PRESENT,1,442001,independent-2,1,0.9562970830626359,0.05028154769166061,0.9060155353709753,0.03125,True,PASS,0.9562970830626358,NOT_APPLICABLE
P12,POSITIVE_CHANNEL_CONTROL,ManifoldPointCloud,winding_number,PRESENT,2,442002,independent-3,1,0.9529075647579881,0.050689452399381524,0.9022181123586066,0.03125,True,PASS,0.9529075647579881,NOT_APPLICABLE
P12,POSITIVE_CHANNEL_CONTROL,ManifoldPointCloud,winding_number,PRESENT,3,442003,independent-4,1,0.9452846758716503,0.05067464788527337,0.8946100279863769,0.03125,True,PASS,0.9452846758716503,NOT_APPLICABLE
P12,POSITIVE_CHANNEL_CONTROL,ManifoldPointCloud,winding_number,PRESENT,4,442004,independent-5,1,0.9572868493219996,0.050342934674820906,0.9069439146471787,0.03125,True,PASS,0.9572868493219996,NOT_APPLICABLE
P12,POSITIVE_CHANNEL_CONTROL,ManifoldPointCloud,winding_number,PRESENT,5,442005,independent-6,1,0.9384630041318714,0.04977344478895904,0.8886895593429124,0.03125,True,PASS,0.9384630041318714,NOT_APPLICABLE
P12,POSITIVE_CHANNEL_CONTROL,ManifoldPointCloud,winding_number,PRESENT,6,442006,independent-7,1,0.9627741595754111,0.04974906661624565,0.9130250929591655,0.03125,True,PASS,0.9627741595754111,NOT_APPLICABLE
P12,POSITIVE_CHANNEL_CONTROL,ManifoldPointCloud,winding_number,PRESENT,7,442007,independent-8,1,0.9560556667463886,0.050617556499081964,0.9054381102473067,0.03125,True,PASS,0.9560556667463885,NOT_APPLICABLE
P12,POSITIVE_CHANNEL_CONTROL,ManifoldPointCloud,winding_number,PRESENT,8,442008,independent-9,1,0.9517289976935328,0.0507296526106841,0.9009993450828487,0.03125,True,PASS,0.9517289976935328,NOT_APPLICABLE
P12,POSITIVE_CHANNEL_CONTROL,ManifoldPointCloud,winding_number,PRESENT,9,442009,independent-10,1,0.9575173465903529,0.05069136225818034,0.9068259843321725,0.03125,True,PASS,0.9575173465903526,NOT_APPLICABLE
P12,POSITIVE_CHANNEL_CONTROL,ManifoldPointCloud,winding_number,PRESENT,10,442010,independent-11,1,0.9578989695690807,0.0504172604733114,0.9074817090957693,0.03125,True,PASS,0.9578989695690807,NOT_APPLICABLE
P12,POSITIVE_CHANNEL_CONTROL,ManifoldPointCloud,winding_number,PRESENT,11,442011,independent-12,1,0.951244005650951,0.04883604307871858,0.9024079625722324,0.03125,True,PASS,0.951244005650951,NOT_APPLICABLE
P12,POSITIVE_CHANNEL_CONTROL,ManifoldPointCloud,winding_number,PRESENT,12,442012,independent-13,1,0.9488141124326789,0.05032307050918594,0.8984910419234929,0.03125,True,PASS,0.9488141124326789,NOT_APPLICABLE
P12,POSITIVE_CHANNEL_CONTROL,ManifoldPointCloud,winding_number,PRESENT,13,442013,independent-14,1,0.9514768335785339,0.05104544085617669,0.9004313927223572,0.03125,True,PASS,0.9514768335785339,NOT_APPLICABLE
P12,POSITIVE_CHANNEL_CONTROL,ManifoldPointCloud,winding_number,PRESENT,14,442014,independent-15,1,0.9541936174777107,0.050478446459166236,0.9037151710185445,0.03125,True,PASS,0.9541936174777107,NOT_APPLICABLE
P12,POSITIVE_CHANNEL_CONTROL,ManifoldPointCloud,winding_number,PRESENT,15,442015,independent-16,1,0.952333992855137,0.05003925191364955,0.9022947409414874,0.03125,True,PASS,0.9523339928551366,NOT_APPLICABLE
P12,POSITIVE_CHANNEL_CONTROL,ManifoldPointCloud,winding_number,PRESENT,16,442016,independent-17,1,0.9477193505499281,0.049848863796970955,0.8978704867529571,0.03125,True,PASS,0.9477193505499277,NOT_APPLICABLE
P12,POSITIVE_CHANNEL_CONTROL,ManifoldPointCloud,winding_number,PRESENT,17,442017,independent-18,1,0.9420661747186676,0.049684095733173554,0.892382078985494,0.03125,True,PASS,0.9420661747186676,NOT_APPLICABLE
P12,POSITIVE_CHANNEL_CONTROL,ManifoldPointCloud,winding_number,PRESENT,18,442018,independent-19,1,0.950989401622042,0.050665095328457366,0.9003243062935846,0.03125,True,PASS,0.9509894016220417,NOT_APPLICABLE
P12,POSITIVE_CHANNEL_CONTROL,ManifoldPointCloud,winding_number,PRESENT,19,442019,independent-20,1,0.9438644672686657,0.05114492845051082,0.8927195388181549,0.03125,True,PASS,0.9438644672686657,NOT_APPLICABLE
A01,ADVERSARIAL_NEAR_NULL,CorrelationGeometry,low_rank_concentration,PRESENT_DECOY_NOT_TLD,0,531000,independent-1,1,6.182124283461313,6.182124283461313,0.0,0.8125,False,PASS,6.182124283461313,NOT_APPLICABLE
A01,ADVERSARIAL_NEAR_NULL,CorrelationGeometry,low_rank_concentration,PRESENT_DECOY_NOT_TLD,1,531001,independent-2,1,6.1156516405355275,6.1156516405355275,0.0,0.6875,False,PASS,6.115651640535527,NOT_APPLICABLE
A01,ADVERSARIAL_NEAR_NULL,CorrelationGeometry,low_rank_concentration,PRESENT_DECOY_NOT_TLD,2,531002,independent-3,1,6.206900227602534,6.206900227602535,-8.881784197001252e-16,0.9375,False,PASS,6.206900227602534,NOT_APPLICABLE
A01,ADVERSARIAL_NEAR_NULL,CorrelationGeometry,low_rank_concentration,PRESENT_DECOY_NOT_TLD,3,531003,independent-4,1,6.171859749023606,6.171859749023607,-8.881784197001252e-16,0.90625,False,PASS,6.171859749023606,NOT_APPLICABLE
A01,ADVERSARIAL_NEAR_NULL,CorrelationGeometry,low_rank_concentration,PRESENT_DECOY_NOT_TLD,4,531004,independent-5,1,5.888690293283561,5.888690293283561,0.0,0.71875,False,PASS,5.8886902932835605,NOT_APPLICABLE
A01,ADVERSARIAL_NEAR_NULL,CorrelationGeometry,low_rank_concentration,PRESENT_DECOY_NOT_TLD,5,531005,independent-6,1,6.159291744324499,6.1592917443245,-8.881784197001252e-16,1.0,False,PASS,6.1592917443245,NOT_APPLICABLE
A01,ADVERSARIAL_NEAR_NULL,CorrelationGeometry,low_rank_concentration,PRESENT_DECOY_NOT_TLD,6,531006,independent-7,1,6.113818296795165,6.113818296795165,0.0,0.65625,False,PASS,6.113818296795165,NOT_APPLICABLE
A01,ADVERSARIAL_NEAR_NULL,CorrelationGeometry,low_rank_concentration,PRESENT_DECOY_NOT_TLD,7,531007,independent-8,1,6.090867417357977,6.090867417357975,1.7763568394002505e-15,0.03125,True,PASS,6.090867417357974,NOT_APPLICABLE
A01,ADVERSARIAL_NEAR_NULL,CorrelationGeometry,low_rank_concentration,PRESENT_DECOY_NOT_TLD,8,531008,independent-9,1,6.030508318144564,6.030508318144564,0.0,0.8125,False,PASS,6.030508318144564,NOT_APPLICABLE
A01,ADVERSARIAL_NEAR_NULL,CorrelationGeometry,low_rank_concentration,PRESENT_DECOY_NOT_TLD,9,531009,independent-10,1,6.199448411250161,6.1994484112501596,1.7763568394002505e-15,0.3125,False,PASS,6.1994484112501596,NOT_APPLICABLE
A01,ADVERSARIAL_NEAR_NULL,CorrelationGeometry,low_rank_concentration,PRESENT_DECOY_NOT_TLD,10,531010,independent-11,1,6.108096050637488,6.108096050637488,0.0,0.59375,False,PASS,6.108096050637489,NOT_APPLICABLE
A01,ADVERSARIAL_NEAR_NULL,CorrelationGeometry,low_rank_concentration,PRESENT_DECOY_NOT_TLD,11,531011,independent-12,1,6.121720815167555,6.121720815167555,0.0,1.0,False,PASS,6.121720815167555,NOT_APPLICABLE
A01,ADVERSARIAL_NEAR_NULL,CorrelationGeometry,low_rank_concentration,PRESENT_DECOY_NOT_TLD,12,531012,independent-13,1,6.08502897446122,6.08502897446122,0.0,0.875,False,PASS,6.085028974461219,NOT_APPLICABLE
A01,ADVERSARIAL_NEAR_NULL,CorrelationGeometry,low_rank_concentration,PRESENT_DECOY_NOT_TLD,13,531013,independent-14,1,6.117862271256227,6.117862271256226,8.881784197001252e-16,0.5,False,PASS,6.117862271256226,NOT_APPLICABLE
A01,ADVERSARIAL_NEAR_NULL,CorrelationGeometry,low_rank_concentration,PRESENT_DECOY_NOT_TLD,14,531014,independent-15,1,6.222352457611686,6.222352457611687,-8.881784197001252e-16,1.0,False,PASS,6.222352457611686,NOT_APPLICABLE
A01,ADVERSARIAL_NEAR_NULL,CorrelationGeometry,low_rank_concentration,PRESENT_DECOY_NOT_TLD,15,531015,independent-16,1,6.0026774203854,6.0026774203854,0.0,0.9375,False,PASS,6.002677420385401,NOT_APPLICABLE
A01,ADVERSARIAL_NEAR_NULL,CorrelationGeometry,low_rank_concentration,PRESENT_DECOY_NOT_TLD,16,531016,independent-17,1,6.136446942424318,6.136446942424319,-8.881784197001252e-16,0.96875,False,PASS,6.136446942424319,NOT_APPLICABLE
A01,ADVERSARIAL_NEAR_NULL,CorrelationGeometry,low_rank_concentration,PRESENT_DECOY_NOT_TLD,17,531017,independent-18,1,6.254130167806201,6.254130167806201,0.0,0.78125,False,PASS,6.2541301678062,NOT_APPLICABLE
A01,ADVERSARIAL_NEAR_NULL,CorrelationGeometry,low_rank_concentration,PRESENT_DECOY_NOT_TLD,18,531018,independent-19,1,6.031052611614091,6.031052611614091,0.0,0.71875,False,PASS,6.03105261161409,NOT_APPLICABLE
A01,ADVERSARIAL_NEAR_NULL,CorrelationGeometry,low_rank_concentration,PRESENT_DECOY_NOT_TLD,19,531019,independent-20,1,6.130479382981046,6.130479382981046,0.0,0.59375,False,PASS,6.130479382981046,NOT_APPLICABLE
A02,ADVERSARIAL_NEAR_NULL,CoupledMultiSystemField,cross_component_correlation,PRESENT_DECOY_NOT_TLD,0,532000,independent-1,1,0.9921108864967007,0.025386731718680753,0.9667241547780199,0.03125,True,PASS,0.9921108864967005,NOT_APPLICABLE
A02,ADVERSARIAL_NEAR_NULL,CoupledMultiSystemField,cross_component_correlation,PRESENT_DECOY_NOT_TLD,1,532001,independent-2,1,0.9928526455344101,0.0350916853129706,0.9577609602214395,0.03125,True,PASS,0.9928526455344101,NOT_APPLICABLE
A02,ADVERSARIAL_NEAR_NULL,CoupledMultiSystemField,cross_component_correlation,PRESENT_DECOY_NOT_TLD,2,532002,independent-3,1,0.9921829441786058,0.028851479413637207,0.9633314647649686,0.03125,True,PASS,0.9921829441786058,NOT_APPLICABLE
A02,ADVERSARIAL_NEAR_NULL,CoupledMultiSystemField,cross_component_correlation,PRESENT_DECOY_NOT_TLD,3,532003,independent-4,1,0.9922829967485217,0.02743648039640422,0.9648465163521175,0.03125,True,PASS,0.9922829967485223,NOT_APPLICABLE
A02,ADVERSARIAL_NEAR_NULL,CoupledMultiSystemField,cross_component_correlation,PRESENT_DECOY_NOT_TLD,4,532004,independent-5,1,0.9924984579574817,0.02402343298580965,0.968475024971672,0.03125,True,PASS,0.9924984579574824,NOT_APPLICABLE
A02,ADVERSARIAL_NEAR_NULL,CoupledMultiSystemField,cross_component_correlation,PRESENT_DECOY_NOT_TLD,5,532005,independent-6,1,0.9919588846833087,0.0318271626787161,0.9601317220045926,0.03125,True,PASS,0.9919588846833091,NOT_APPLICABLE
A02,ADVERSARIAL_NEAR_NULL,CoupledMultiSystemField,cross_component_correlation,PRESENT_DECOY_NOT_TLD,6,532006,independent-7,1,0.992548341726109,0.02576537708312753,0.9667829646429814,0.03125,True,PASS,0.9925483417261084,NOT_APPLICABLE
A02,ADVERSARIAL_NEAR_NULL,CoupledMultiSystemField,cross_component_correlation,PRESENT_DECOY_NOT_TLD,7,532007,independent-8,1,0.9912681893961356,0.025789603869713226,0.9654785855264224,0.03125,True,PASS,0.9912681893961353,NOT_APPLICABLE
A02,ADVERSARIAL_NEAR_NULL,CoupledMultiSystemField,cross_component_correlation,PRESENT_DECOY_NOT_TLD,8,532008,independent-9,1,0.9924644636824993,0.023801004307644022,0.9686634593748553,0.03125,True,PASS,0.9924644636824987,NOT_APPLICABLE
A02,ADVERSARIAL_NEAR_NULL,CoupledMultiSystemField,cross_component_correlation,PRESENT_DECOY_NOT_TLD,9,532009,independent-10,1,0.99226228877046,0.02488189573038991,0.9673803930400701,0.03125,True,PASS,0.9922622887704596,NOT_APPLICABLE
A02,ADVERSARIAL_NEAR_NULL,CoupledMultiSystemField,cross_component_correlation,PRESENT_DECOY_NOT_TLD,10,532010,independent-11,1,0.9921657755401656,0.04064196829436375,0.9515238072458019,0.03125,True,PASS,0.9921657755401659,NOT_APPLICABLE
A02,ADVERSARIAL_NEAR_NULL,CoupledMultiSystemField,cross_component_correlation,PRESENT_DECOY_NOT_TLD,11,532011,independent-12,1,0.992497730564484,0.027729164761859958,0.964768565802624,0.03125,True,PASS,0.9924977305644839,NOT_APPLICABLE
A02,ADVERSARIAL_NEAR_NULL,CoupledMultiSystemField,cross_component_correlation,PRESENT_DECOY_NOT_TLD,12,532012,independent-13,1,0.9914401794706886,0.030070327896788155,0.9613698515739004,0.03125,True,PASS,0.9914401794706889,NOT_APPLICABLE
A02,ADVERSARIAL_NEAR_NULL,CoupledMultiSystemField,cross_component_correlation,PRESENT_DECOY_NOT_TLD,13,532013,independent-14,1,0.9922220045540947,0.040044709261166184,0.9521772952929285,0.03125,True,PASS,0.9922220045540949,NOT_APPLICABLE
A02,ADVERSARIAL_NEAR_NULL,CoupledMultiSystemField,cross_component_correlation,PRESENT_DECOY_NOT_TLD,14,532014,independent-15,1,0.9923768735159254,0.029455269351899654,0.9629216041640257,0.03125,True,PASS,0.9923768735159252,NOT_APPLICABLE
A02,ADVERSARIAL_NEAR_NULL,CoupledMultiSystemField,cross_component_correlation,PRESENT_DECOY_NOT_TLD,15,532015,independent-16,1,0.991959027544749,0.02240151206726417,0.9695575154774848,0.03125,True,PASS,0.991959027544749,NOT_APPLICABLE
A02,ADVERSARIAL_NEAR_NULL,CoupledMultiSystemField,cross_component_correlation,PRESENT_DECOY_NOT_TLD,16,532016,independent-17,1,0.9931760299212112,0.031266178462414015,0.9619098514587973,0.03125,True,PASS,0.993176029921211,NOT_APPLICABLE
A02,ADVERSARIAL_NEAR_NULL,CoupledMultiSystemField,cross_component_correlation,PRESENT_DECOY_NOT_TLD,17,532017,independent-18,1,0.9924911852242104,0.03187117800918127,0.9606200072150292,0.03125,True,PASS,0.9924911852242103,NOT_APPLICABLE
A02,ADVERSARIAL_NEAR_NULL,CoupledMultiSystemField,cross_component_correlation,PRESENT_DECOY_NOT_TLD,18,532018,independent-19,1,0.9912083513121326,0.026611781891287847,0.9645965694208447,0.03125,True,PASS,0.9912083513121324,NOT_APPLICABLE
A02,ADVERSARIAL_NEAR_NULL,CoupledMultiSystemField,cross_component_correlation,PRESENT_DECOY_NOT_TLD,19,532019,independent-20,1,0.9925927549555251,0.028995686211544247,0.9635970687439809,0.03125,True,PASS,0.9925927549555258,NOT_APPLICABLE
A03,ADVERSARIAL_NEAR_NULL,ScalarField2D,neighbor_coherence,PRESENT_DECOY_NOT_TLD,0,533000,independent-1,4,0.9367735446538316,0.020434727206070338,0.9163388174477612,0.03125,True,PASS,0.9367735446538316,NOT_APPLICABLE
A03,ADVERSARIAL_NEAR_NULL,ScalarField2D,neighbor_coherence,PRESENT_DECOY_NOT_TLD,1,533001,independent-2,4,0.9385588462294149,0.03167312032324867,0.9068857259061662,0.03125,True,PASS,0.9385588462294149,NOT_APPLICABLE
A03,ADVERSARIAL_NEAR_NULL,ScalarField2D,neighbor_coherence,PRESENT_DECOY_NOT_TLD,2,533002,independent-3,4,0.9384384237800204,0.025789695746053342,0.912648728033967,0.03125,True,PASS,0.9384384237800204,NOT_APPLICABLE
A03,ADVERSARIAL_NEAR_NULL,ScalarField2D,neighbor_coherence,PRESENT_DECOY_NOT_TLD,3,533003,independent-4,4,0.9355117854197516,0.026437731931512803,0.9090740534882388,0.03125,True,PASS,0.9355117854197514,NOT_APPLICABLE
A03,ADVERSARIAL_NEAR_NULL,ScalarField2D,neighbor_coherence,PRESENT_DECOY_NOT_TLD,4,533004,independent-5,4,0.9358699124528687,0.0325311584656657,0.903338753987203,0.03125,True,PASS,0.9358699124528687,NOT_APPLICABLE
A03,ADVERSARIAL_NEAR_NULL,ScalarField2D,neighbor_coherence,PRESENT_DECOY_NOT_TLD,5,533005,independent-6,4,0.9357111361882741,0.0207504288870994,0.9149607073011746,0.03125,True,PASS,0.9357111361882738,NOT_APPLICABLE
A03,ADVERSARIAL_NEAR_NULL,ScalarField2D,neighbor_coherence,PRESENT_DECOY_NOT_TLD,6,533006,independent-7,4,0.9364083994205252,0.030167065694146098,0.9062413337263792,0.03125,True,PASS,0.9364083994205247,NOT_APPLICABLE
A03,ADVERSARIAL_NEAR_NULL,ScalarField2D,neighbor_coherence,PRESENT_DECOY_NOT_TLD,7,533007,independent-8,4,0.9367260219009621,0.03044535184540791,0.9062806700555542,0.03125,True,PASS,0.9367260219009621,NOT_APPLICABLE
A03,ADVERSARIAL_NEAR_NULL,ScalarField2D,neighbor_coherence,PRESENT_DECOY_NOT_TLD,8,533008,independent-9,4,0.9379070436931173,0.031954361704765934,0.9059526819883513,0.03125,True,PASS,0.9379070436931174,NOT_APPLICABLE
A03,ADVERSARIAL_NEAR_NULL,ScalarField2D,neighbor_coherence,PRESENT_DECOY_NOT_TLD,9,533009,independent-10,4,0.9362262948245718,0.023639335174432535,0.9125869596501393,0.03125,True,PASS,0.9362262948245718,NOT_APPLICABLE
A03,ADVERSARIAL_NEAR_NULL,ScalarField2D,neighbor_coherence,PRESENT_DECOY_NOT_TLD,10,533010,independent-11,4,0.9366988592964354,0.026786910957859372,0.909911948338576,0.03125,True,PASS,0.9366988592964353,NOT_APPLICABLE
A03,ADVERSARIAL_NEAR_NULL,ScalarField2D,neighbor_coherence,PRESENT_DECOY_NOT_TLD,11,533011,independent-12,4,0.9388742612487718,0.016017952278214335,0.9228563089705575,0.03125,True,PASS,0.9388742612487718,NOT_APPLICABLE
A03,ADVERSARIAL_NEAR_NULL,ScalarField2D,neighbor_coherence,PRESENT_DECOY_NOT_TLD,12,533012,independent-13,4,0.9376675051515513,0.030735475287044282,0.906932029864507,0.03125,True,PASS,0.9376675051515515,NOT_APPLICABLE
A03,ADVERSARIAL_NEAR_NULL,ScalarField2D,neighbor_coherence,PRESENT_DECOY_NOT_TLD,13,533013,independent-14,4,0.9349129841233833,0.02578016555065288,0.9091328185727304,0.03125,True,PASS,0.9349129841233833,NOT_APPLICABLE
A03,ADVERSARIAL_NEAR_NULL,ScalarField2D,neighbor_coherence,PRESENT_DECOY_NOT_TLD,14,533014,independent-15,4,0.9372964881679918,0.019983244288925013,0.9173132438790668,0.03125,True,PASS,0.9372964881679917,NOT_APPLICABLE
A03,ADVERSARIAL_NEAR_NULL,ScalarField2D,neighbor_coherence,PRESENT_DECOY_NOT_TLD,15,533015,independent-16,4,0.9383329780632742,0.020652761255965282,0.9176802168073089,0.03125,True,PASS,0.9383329780632741,NOT_APPLICABLE
A03,ADVERSARIAL_NEAR_NULL,ScalarField2D,neighbor_coherence,PRESENT_DECOY_NOT_TLD,16,533016,independent-17,4,0.9337189411001211,0.03270225030862552,0.9010166907914956,0.03125,True,PASS,0.9337189411001211,NOT_APPLICABLE
A03,ADVERSARIAL_NEAR_NULL,ScalarField2D,neighbor_coherence,PRESENT_DECOY_NOT_TLD,17,533017,independent-18,4,0.9374644564002108,0.03073312890729099,0.9067313274929198,0.03125,True,PASS,0.9374644564002108,NOT_APPLICABLE
A03,ADVERSARIAL_NEAR_NULL,ScalarField2D,neighbor_coherence,PRESENT_DECOY_NOT_TLD,18,533018,independent-19,4,0.9375291906592551,0.02006460199617518,0.9174645886630799,0.03125,True,PASS,0.9375291906592551,NOT_APPLICABLE
A03,ADVERSARIAL_NEAR_NULL,ScalarField2D,neighbor_coherence,PRESENT_DECOY_NOT_TLD,19,533019,independent-20,4,0.9369411270621706,0.027293828933443173,0.9096472981287275,0.03125,True,PASS,0.9369411270621706,NOT_APPLICABLE
A04,ADVERSARIAL_NEAR_NULL,ScalarField2D,spectral_concentration,PRESENT_DECOY_NOT_TLD,0,534000,independent-1,1,0.9993048391697392,0.20008820588294127,0.7992166332867979,0.03125,True,PASS,0.9993048391697392,NOT_APPLICABLE
A04,ADVERSARIAL_NEAR_NULL,ScalarField2D,spectral_concentration,PRESENT_DECOY_NOT_TLD,1,534001,independent-2,1,0.9992038154269874,0.19838685205182424,0.8008169633751632,0.03125,True,PASS,0.9992038154269874,NOT_APPLICABLE
A04,ADVERSARIAL_NEAR_NULL,ScalarField2D,spectral_concentration,PRESENT_DECOY_NOT_TLD,2,534002,independent-3,1,0.9993021415357058,0.20465098331685486,0.794651158218851,0.03125,True,PASS,0.9993021415357058,NOT_APPLICABLE
A04,ADVERSARIAL_NEAR_NULL,ScalarField2D,spectral_concentration,PRESENT_DECOY_NOT_TLD,3,534003,independent-4,1,0.9992642608502962,0.2008891147994251,0.7983751460508711,0.03125,True,PASS,0.9992642608502962,NOT_APPLICABLE
A04,ADVERSARIAL_NEAR_NULL,ScalarField2D,spectral_concentration,PRESENT_DECOY_NOT_TLD,4,534004,independent-5,1,0.9992937269996411,0.20061835783577592,0.7986753691638653,0.03125,True,PASS,0.9992937269996411,NOT_APPLICABLE
A04,ADVERSARIAL_NEAR_NULL,ScalarField2D,spectral_concentration,PRESENT_DECOY_NOT_TLD,5,534005,independent-6,1,0.9992873615263268,0.19819718327043306,0.8010901782558937,0.03125,True,PASS,0.9992873615263268,NOT_APPLICABLE
A04,ADVERSARIAL_NEAR_NULL,ScalarField2D,spectral_concentration,PRESENT_DECOY_NOT_TLD,6,534006,independent-7,1,0.9992706614408695,0.20145843249935283,0.7978122289415167,0.03125,True,PASS,0.9992706614408695,NOT_APPLICABLE
A04,ADVERSARIAL_NEAR_NULL,ScalarField2D,spectral_concentration,PRESENT_DECOY_NOT_TLD,7,534007,independent-8,1,0.9993199463160886,0.19420792441940332,0.8051120218966852,0.03125,True,PASS,0.9993199463160886,NOT_APPLICABLE
A04,ADVERSARIAL_NEAR_NULL,ScalarField2D,spectral_concentration,PRESENT_DECOY_NOT_TLD,8,534008,independent-9,1,0.999284104215974,0.1978233518469652,0.8014607523690088,0.03125,True,PASS,0.999284104215974,NOT_APPLICABLE
A04,ADVERSARIAL_NEAR_NULL,ScalarField2D,spectral_concentration,PRESENT_DECOY_NOT_TLD,9,534009,independent-10,1,0.999352364602427,0.2010389993220563,0.7983133652803708,0.03125,True,PASS,0.999352364602427,NOT_APPLICABLE
A04,ADVERSARIAL_NEAR_NULL,ScalarField2D,spectral_concentration,PRESENT_DECOY_NOT_TLD,10,534010,independent-11,1,0.999248724501931,0.20484567482142593,0.7944030496805051,0.03125,True,PASS,0.999248724501931,NOT_APPLICABLE
A04,ADVERSARIAL_NEAR_NULL,ScalarField2D,spectral_concentration,PRESENT_DECOY_NOT_TLD,11,534011,independent-12,1,0.9993303548522602,0.2028181981723721,0.7965121566798881,0.03125,True,PASS,0.9993303548522602,NOT_APPLICABLE
A04,ADVERSARIAL_NEAR_NULL,ScalarField2D,spectral_concentration,PRESENT_DECOY_NOT_TLD,12,534012,independent-13,1,0.9993321891891483,0.19979504945259513,0.7995371397365532,0.03125,True,PASS,0.9993321891891483,NOT_APPLICABLE
A04,ADVERSARIAL_NEAR_NULL,ScalarField2D,spectral_concentration,PRESENT_DECOY_NOT_TLD,13,534013,independent-14,1,0.9992196104376077,0.19746486354790152,0.8017547468897062,0.03125,True,PASS,0.9992196104376077,NOT_APPLICABLE
A04,ADVERSARIAL_NEAR_NULL,ScalarField2D,spectral_concentration,PRESENT_DECOY_NOT_TLD,14,534014,independent-15,1,0.9992332834459234,0.19960364402533637,0.7996296394205871,0.03125,True,PASS,0.9992332834459234,NOT_APPLICABLE
A04,ADVERSARIAL_NEAR_NULL,ScalarField2D,spectral_concentration,PRESENT_DECOY_NOT_TLD,15,534015,independent-16,1,0.9992414240183608,0.19550240549410586,0.803739018524255,0.03125,True,PASS,0.9992414240183608,NOT_APPLICABLE
A04,ADVERSARIAL_NEAR_NULL,ScalarField2D,spectral_concentration,PRESENT_DECOY_NOT_TLD,16,534016,independent-17,1,0.9992790432670177,0.19653775157232162,0.8027412916946961,0.03125,True,PASS,0.9992790432670177,NOT_APPLICABLE
A04,ADVERSARIAL_NEAR_NULL,ScalarField2D,spectral_concentration,PRESENT_DECOY_NOT_TLD,17,534017,independent-18,1,0.9992543875997758,0.19743358585998572,0.8018208017397901,0.03125,True,PASS,0.9992543875997758,NOT_APPLICABLE
A04,ADVERSARIAL_NEAR_NULL,ScalarField2D,spectral_concentration,PRESENT_DECOY_NOT_TLD,18,534018,independent-19,1,0.999341205067261,0.1980383278167596,0.8013028772505014,0.03125,True,PASS,0.999341205067261,NOT_APPLICABLE
A04,ADVERSARIAL_NEAR_NULL,ScalarField2D,spectral_concentration,PRESENT_DECOY_NOT_TLD,19,534019,independent-20,1,0.999279103851912,0.19698035260634558,0.8022987512455664,0.03125,True,PASS,0.999279103851912,NOT_APPLICABLE
A05,ADVERSARIAL_NEAR_NULL,ScalarField2D,neighbor_coherence,PRESENT_DECOY_NOT_TLD,0,535000,independent-1,1,0.9845253596786411,0.01938722171507841,0.9651381379635626,0.03125,True,PASS,0.9845253596786413,NOT_APPLICABLE
A05,ADVERSARIAL_NEAR_NULL,ScalarField2D,neighbor_coherence,PRESENT_DECOY_NOT_TLD,1,535001,independent-2,1,0.9851018116517212,0.018737202225838336,0.9663646094258829,0.03125,True,PASS,0.9851018116517212,NOT_APPLICABLE
A05,ADVERSARIAL_NEAR_NULL,ScalarField2D,neighbor_coherence,PRESENT_DECOY_NOT_TLD,2,535002,independent-3,1,0.9857912547614962,0.020572299318665305,0.9652189554428309,0.03125,True,PASS,0.9857912547614962,NOT_APPLICABLE
A05,ADVERSARIAL_NEAR_NULL,ScalarField2D,neighbor_coherence,PRESENT_DECOY_NOT_TLD,3,535003,independent-4,1,0.9853965765527197,0.018775100501775787,0.966621476050944,0.03125,True,PASS,0.9853965765527197,NOT_APPLICABLE
A05,ADVERSARIAL_NEAR_NULL,ScalarField2D,neighbor_coherence,PRESENT_DECOY_NOT_TLD,4,535004,independent-5,1,0.985971187337671,0.017387891001251873,0.9685832963364192,0.03125,True,PASS,0.985971187337671,NOT_APPLICABLE
A05,ADVERSARIAL_NEAR_NULL,ScalarField2D,neighbor_coherence,PRESENT_DECOY_NOT_TLD,5,535005,independent-6,1,0.9856101460492026,0.019332956164850992,0.9662771898843516,0.03125,True,PASS,0.9856101460492026,NOT_APPLICABLE
A05,ADVERSARIAL_NEAR_NULL,ScalarField2D,neighbor_coherence,PRESENT_DECOY_NOT_TLD,6,535006,independent-7,1,0.9844925314414698,0.022131899478683426,0.9623606319627863,0.03125,True,PASS,0.9844925314414698,NOT_APPLICABLE
A05,ADVERSARIAL_NEAR_NULL,ScalarField2D,neighbor_coherence,PRESENT_DECOY_NOT_TLD,7,535007,independent-8,1,0.9851156448009861,0.015313863505364815,0.9698017812956213,0.03125,True,PASS,0.9851156448009861,NOT_APPLICABLE
A05,ADVERSARIAL_NEAR_NULL,ScalarField2D,neighbor_coherence,PRESENT_DECOY_NOT_TLD,8,535008,independent-9,1,0.9850013083222815,0.01582233072049647,0.9691789776017851,0.03125,True,PASS,0.9850013083222815,NOT_APPLICABLE
A05,ADVERSARIAL_NEAR_NULL,ScalarField2D,neighbor_coherence,PRESENT_DECOY_NOT_TLD,9,535009,independent-10,1,0.9861177860833193,0.014045428712685609,0.9720723573706337,0.03125,True,PASS,0.9861177860833193,NOT_APPLICABLE
A05,ADVERSARIAL_NEAR_NULL,ScalarField2D,neighbor_coherence,PRESENT_DECOY_NOT_TLD,10,535010,independent-11,1,0.9860740658474527,0.018414913544341396,0.9676591523031113,0.03125,True,PASS,0.9860740658474527,NOT_APPLICABLE
A05,ADVERSARIAL_NEAR_NULL,ScalarField2D,neighbor_coherence,PRESENT_DECOY_NOT_TLD,11,535011,independent-12,1,0.9855383649891593,0.02176192735116657,0.9637764376379927,0.03125,True,PASS,0.9855383649891593,NOT_APPLICABLE
A05,ADVERSARIAL_NEAR_NULL,ScalarField2D,neighbor_coherence,PRESENT_DECOY_NOT_TLD,12,535012,independent-13,1,0.9866082409826384,0.018919142088001245,0.9676890988946372,0.03125,True,PASS,0.9866082409826384,NOT_APPLICABLE
A05,ADVERSARIAL_NEAR_NULL,ScalarField2D,neighbor_coherence,PRESENT_DECOY_NOT_TLD,13,535013,independent-14,1,0.9858731112202659,0.01942485443472832,0.9664482567855376,0.03125,True,PASS,0.9858731112202659,NOT_APPLICABLE
A05,ADVERSARIAL_NEAR_NULL,ScalarField2D,neighbor_coherence,PRESENT_DECOY_NOT_TLD,14,535014,independent-15,1,0.9850166075596366,0.020640469281358716,0.9643761382782778,0.03125,True,PASS,0.9850166075596366,NOT_APPLICABLE
A05,ADVERSARIAL_NEAR_NULL,ScalarField2D,neighbor_coherence,PRESENT_DECOY_NOT_TLD,15,535015,independent-16,1,0.9858963569310036,0.021073265935615444,0.9648230909953882,0.03125,True,PASS,0.9858963569310039,NOT_APPLICABLE
A05,ADVERSARIAL_NEAR_NULL,ScalarField2D,neighbor_coherence,PRESENT_DECOY_NOT_TLD,16,535016,independent-17,1,0.9866879372209805,0.016476984497105884,0.9702109527238746,0.03125,True,PASS,0.9866879372209805,NOT_APPLICABLE
A05,ADVERSARIAL_NEAR_NULL,ScalarField2D,neighbor_coherence,PRESENT_DECOY_NOT_TLD,17,535017,independent-18,1,0.9849593345849814,0.023811854047180378,0.9611474805378011,0.03125,True,PASS,0.9849593345849816,NOT_APPLICABLE
A05,ADVERSARIAL_NEAR_NULL,ScalarField2D,neighbor_coherence,PRESENT_DECOY_NOT_TLD,18,535018,independent-19,1,0.9864150959129735,0.01896246852215208,0.9674526273908214,0.03125,True,PASS,0.9864150959129733,NOT_APPLICABLE
A05,ADVERSARIAL_NEAR_NULL,ScalarField2D,neighbor_coherence,PRESENT_DECOY_NOT_TLD,19,535019,independent-20,1,0.9855873641996187,0.025702888239383413,0.9598844759602353,0.03125,True,PASS,0.9855873641996187,NOT_APPLICABLE
A06,ADVERSARIAL_NEAR_NULL,ScalarField2D,spectral_concentration,PRESENT_DECOY_NOT_TLD,0,536000,independent-1,1,0.5966016546788131,0.20037938625561624,0.39622226842319686,0.03125,True,PASS,0.5966016546788131,NOT_APPLICABLE
A06,ADVERSARIAL_NEAR_NULL,ScalarField2D,spectral_concentration,PRESENT_DECOY_NOT_TLD,1,536001,independent-2,1,0.5948296110623396,0.192367015711875,0.4024625953504646,0.03125,True,PASS,0.5948296110623398,NOT_APPLICABLE
A06,ADVERSARIAL_NEAR_NULL,ScalarField2D,spectral_concentration,PRESENT_DECOY_NOT_TLD,2,536002,independent-3,1,0.5929368955064658,0.19507425872943115,0.3978626367770346,0.03125,True,PASS,0.5929368955064657,NOT_APPLICABLE
A06,ADVERSARIAL_NEAR_NULL,ScalarField2D,spectral_concentration,PRESENT_DECOY_NOT_TLD,3,536003,independent-4,1,0.5977168728756188,0.19651726048991613,0.4011996123857027,0.03125,True,PASS,0.5977168728756187,NOT_APPLICABLE
A06,ADVERSARIAL_NEAR_NULL,ScalarField2D,spectral_concentration,PRESENT_DECOY_NOT_TLD,4,536004,independent-5,1,0.5961217338112048,0.20137681506594085,0.39474491874526396,0.03125,True,PASS,0.5961217338112049,NOT_APPLICABLE
A06,ADVERSARIAL_NEAR_NULL,ScalarField2D,spectral_concentration,PRESENT_DECOY_NOT_TLD,5,536005,independent-6,1,0.5941384653048082,0.197856161473362,0.3962823038314462,0.03125,True,PASS,0.5941384653048082,NOT_APPLICABLE
A06,ADVERSARIAL_NEAR_NULL,ScalarField2D,spectral_concentration,PRESENT_DECOY_NOT_TLD,6,536006,independent-7,1,0.598049822584695,0.19826980425642035,0.3997800183282746,0.03125,True,PASS,0.5980498225846949,NOT_APPLICABLE
A06,ADVERSARIAL_NEAR_NULL,ScalarField2D,spectral_concentration,PRESENT_DECOY_NOT_TLD,7,536007,independent-8,1,0.5974106912839631,0.1988749489302857,0.3985357423536774,0.03125,True,PASS,0.597410691283963,NOT_APPLICABLE
A06,ADVERSARIAL_NEAR_NULL,ScalarField2D,spectral_concentration,PRESENT_DECOY_NOT_TLD,8,536008,independent-9,1,0.5969817289140886,0.19981583261461916,0.39716589629946947,0.03125,True,PASS,0.5969817289140886,NOT_APPLICABLE
A06,ADVERSARIAL_NEAR_NULL,ScalarField2D,spectral_concentration,PRESENT_DECOY_NOT_TLD,9,536009,independent-10,1,0.5957039446146761,0.20361016364576048,0.3920937809689157,0.03125,True,PASS,0.5957039446146761,NOT_APPLICABLE
A06,ADVERSARIAL_NEAR_NULL,ScalarField2D,spectral_concentration,PRESENT_DECOY_NOT_TLD,10,536010,independent-11,1,0.596089297744008,0.19862355341872842,0.3974657443252796,0.03125,True,PASS,0.5960892977440081,NOT_APPLICABLE
A06,ADVERSARIAL_NEAR_NULL,ScalarField2D,spectral_concentration,PRESENT_DECOY_NOT_TLD,11,536011,independent-12,1,0.5939682401993356,0.18969516050994056,0.404273079689395,0.03125,True,PASS,0.5939682401993356,NOT_APPLICABLE
A06,ADVERSARIAL_NEAR_NULL,ScalarField2D,spectral_concentration,PRESENT_DECOY_NOT_TLD,12,536012,independent-13,1,0.594901940054443,0.19967129752733898,0.395230642527104,0.03125,True,PASS,0.594901940054443,NOT_APPLICABLE
A06,ADVERSARIAL_NEAR_NULL,ScalarField2D,spectral_concentration,PRESENT_DECOY_NOT_TLD,13,536013,independent-14,1,0.5978030050619942,0.19396648122424512,0.40383652383774915,0.03125,True,PASS,0.5978030050619941,NOT_APPLICABLE
A06,ADVERSARIAL_NEAR_NULL,ScalarField2D,spectral_concentration,PRESENT_DECOY_NOT_TLD,14,536014,independent-15,1,0.5935037891224967,0.1950526079768408,0.3984511811456559,0.03125,True,PASS,0.5935037891224967,NOT_APPLICABLE
A06,ADVERSARIAL_NEAR_NULL,ScalarField2D,spectral_concentration,PRESENT_DECOY_NOT_TLD,15,536015,independent-16,1,0.6004839522561705,0.2002603161643275,0.40022363609184297,0.03125,True,PASS,0.6004839522561704,NOT_APPLICABLE
A06,ADVERSARIAL_NEAR_NULL,ScalarField2D,spectral_concentration,PRESENT_DECOY_NOT_TLD,16,536016,independent-17,1,0.5962832647101963,0.1961159003201282,0.4001673643900681,0.03125,True,PASS,0.5962832647101963,NOT_APPLICABLE
A06,ADVERSARIAL_NEAR_NULL,ScalarField2D,spectral_concentration,PRESENT_DECOY_NOT_TLD,17,536017,independent-18,1,0.5937885945718742,0.20304089911135886,0.3907476954605153,0.03125,True,PASS,0.5937885945718742,NOT_APPLICABLE
A06,ADVERSARIAL_NEAR_NULL,ScalarField2D,spectral_concentration,PRESENT_DECOY_NOT_TLD,18,536018,independent-19,1,0.5958406548726974,0.1974383448587021,0.39840231001399534,0.03125,True,PASS,0.5958406548726974,NOT_APPLICABLE
A06,ADVERSARIAL_NEAR_NULL,ScalarField2D,spectral_concentration,PRESENT_DECOY_NOT_TLD,19,536019,independent-20,1,0.5967616804402376,0.19648196964274522,0.40027971079749236,0.03125,True,PASS,0.5967616804402377,NOT_APPLICABLE
