null_family,station,N,observed_score,null_median,null_minus_observed,upper_tail_local_p_32,lower_tail_local_p_32,status
circular_shift,Aotizhongxin,6,0.04239856567027825,0.047820594036518504,0.005422028366240256,0.625,0.40625,POST_HOC_DIAGNOSTIC_ONLY
circular_shift,Aotizhongxin,7,0.05121368162670766,0.04841714818378778,-0.002796533442919885,0.40625,0.625,POST_HOC_DIAGNOSTIC_ONLY
circular_shift,Aotizhongxin,8,0.08523223531221409,0.0761881747749182,-0.009044060537295895,0.46875,0.5625,POST_HOC_DIAGNOSTIC_ONLY
circular_shift,Aotizhongxin,9,0.09032450577931139,0.05258352404612019,-0.0377409817331912,0.25,0.78125,POST_HOC_DIAGNOSTIC_ONLY
circular_shift,Aotizhongxin,10,0.028324471031466982,0.099042569161531,0.07071809813006401,0.96875,0.0625,POST_HOC_DIAGNOSTIC_ONLY
circular_shift,Aotizhongxin,11,0.003981652392786136,0.06494475459821908,0.06096310220543294,1.0,0.03125,POST_HOC_DIAGNOSTIC_ONLY
circular_shift,Aotizhongxin,12,0.06922958596102723,0.07529892058927692,0.006069334628249698,0.6875,0.34375,POST_HOC_DIAGNOSTIC_ONLY
circular_shift,Aotizhongxin,13,0.037786416000372726,0.06139105714171265,0.02360464114133992,0.75,0.28125,POST_HOC_DIAGNOSTIC_ONLY
circular_shift,Aotizhongxin,14,0.09911133690934504,0.0752753131255794,-0.023836023783765634,0.375,0.65625,POST_HOC_DIAGNOSTIC_ONLY
circular_shift,Changping,6,0.0909805871333257,0.05416576465943721,-0.03681482247388849,0.3125,0.71875,POST_HOC_DIAGNOSTIC_ONLY
circular_shift,Changping,7,0.08118355593820688,0.0773855340367967,-0.0037980219014101813,0.375,0.65625,POST_HOC_DIAGNOSTIC_ONLY
circular_shift,Changping,8,0.15464583525178818,0.09128251872095636,-0.06336331653083183,0.0625,0.96875,POST_HOC_DIAGNOSTIC_ONLY
circular_shift,Changping,9,0.1185524798552777,0.10955758220917045,-0.008994897646107253,0.3125,0.71875,POST_HOC_DIAGNOSTIC_ONLY
circular_shift,Changping,10,0.06505386589621673,0.1627637247133712,0.09770985881715447,1.0,0.03125,POST_HOC_DIAGNOSTIC_ONLY
circular_shift,Changping,11,0.10999622989894052,0.1366909111443299,0.026694681245389387,0.90625,0.125,POST_HOC_DIAGNOSTIC_ONLY
circular_shift,Changping,12,0.11894854148845145,0.13012150610590517,0.01117296461745372,0.6875,0.34375,POST_HOC_DIAGNOSTIC_ONLY
circular_shift,Changping,13,0.07919654894717108,0.11469636807018972,0.03549981912301864,0.8125,0.21875,POST_HOC_DIAGNOSTIC_ONLY
circular_shift,Changping,14,0.11865294737245605,0.0994999118224851,-0.019153035549970943,0.46875,0.5625,POST_HOC_DIAGNOSTIC_ONLY
circular_shift,Dingling,6,0.09710537868217659,0.06775447764086294,-0.029350901041313646,0.40625,0.625,POST_HOC_DIAGNOSTIC_ONLY
circular_shift,Dingling,7,0.13741994403860197,0.0944218117137497,-0.042998132324852265,0.375,0.65625,POST_HOC_DIAGNOSTIC_ONLY
circular_shift,Dingling,8,0.1791568875894824,0.10626471881564938,-0.07289216877383302,0.25,0.78125,POST_HOC_DIAGNOSTIC_ONLY
circular_shift,Dingling,9,0.08183899920183463,0.08705373234502047,0.005214733143185837,0.53125,0.5,POST_HOC_DIAGNOSTIC_ONLY
circular_shift,Dingling,10,0.05082228062679052,0.12061491445477444,0.06979263382798392,0.9375,0.09375,POST_HOC_DIAGNOSTIC_ONLY
circular_shift,Dingling,11,0.10836385144013254,0.11574019656109126,0.007376345120958722,0.71875,0.3125,POST_HOC_DIAGNOSTIC_ONLY
circular_shift,Dingling,12,0.12135130549103275,0.12282505603128029,0.001473750540247537,0.53125,0.5,POST_HOC_DIAGNOSTIC_ONLY
circular_shift,Dingling,13,0.057601110434825936,0.10694872407596807,0.04934761364114214,0.875,0.15625,POST_HOC_DIAGNOSTIC_ONLY
circular_shift,Dingling,14,0.066966727655712,0.09821807663645679,0.03125134898074479,0.65625,0.375,POST_HOC_DIAGNOSTIC_ONLY
circular_shift,Dongsi,6,0.11857430450108279,0.10513407035134696,-0.01344023414973583,0.46875,0.5625,POST_HOC_DIAGNOSTIC_ONLY
circular_shift,Dongsi,7,0.14134637965120986,0.12477478912983754,-0.016571590521372317,0.46875,0.5625,POST_HOC_DIAGNOSTIC_ONLY
circular_shift,Dongsi,8,0.18777808964249582,0.1559836206653015,-0.03179446897719432,0.25,0.78125,POST_HOC_DIAGNOSTIC_ONLY
circular_shift,Dongsi,9,0.22155679300434367,0.16721051127347042,-0.05434628173087325,0.15625,0.875,POST_HOC_DIAGNOSTIC_ONLY
circular_shift,Dongsi,10,0.12744720086918573,0.2000886905185709,0.07264148964938516,1.0,0.03125,POST_HOC_DIAGNOSTIC_ONLY
circular_shift,Dongsi,11,0.11464153436251306,0.15963748770550257,0.0449959533429895,0.90625,0.125,POST_HOC_DIAGNOSTIC_ONLY
circular_shift,Dongsi,12,0.1990768341453256,0.1842369595917084,-0.014839874553617183,0.40625,0.625,POST_HOC_DIAGNOSTIC_ONLY
circular_shift,Dongsi,13,0.1704582301859155,0.1778728812792686,0.007414651093353097,0.65625,0.375,POST_HOC_DIAGNOSTIC_ONLY
circular_shift,Dongsi,14,0.19664165218621224,0.1979605669107347,0.0013189147245224464,0.5625,0.46875,POST_HOC_DIAGNOSTIC_ONLY
circular_shift,Guanyuan,6,0.060597859987225854,0.05400122784378707,-0.006596632143438787,0.46875,0.5625,POST_HOC_DIAGNOSTIC_ONLY
circular_shift,Guanyuan,7,0.10990165233674856,0.09332443168339333,-0.016577220653355235,0.375,0.65625,POST_HOC_DIAGNOSTIC_ONLY
circular_shift,Guanyuan,8,0.1793705176113494,0.10636636091524866,-0.07300415669610073,0.0625,0.96875,POST_HOC_DIAGNOSTIC_ONLY
circular_shift,Guanyuan,9,0.12954156807443548,0.11426154548036753,-0.015280022594067952,0.375,0.65625,POST_HOC_DIAGNOSTIC_ONLY
circular_shift,Guanyuan,10,0.035769713168165934,0.08972135343502738,0.053951640266861445,0.9375,0.09375,POST_HOC_DIAGNOSTIC_ONLY
circular_shift,Guanyuan,11,0.023503332655450945,0.08339131257436465,0.0598879799189137,0.96875,0.0625,POST_HOC_DIAGNOSTIC_ONLY
circular_shift,Guanyuan,12,0.13058003202612725,0.07555167608466877,-0.05502835594145848,0.25,0.78125,POST_HOC_DIAGNOSTIC_ONLY
circular_shift,Guanyuan,13,0.0706912133762627,0.11205819280510507,0.04136697942884236,0.8125,0.21875,POST_HOC_DIAGNOSTIC_ONLY
circular_shift,Guanyuan,14,0.0818128734731828,0.10604586666957647,0.02423299319639366,0.71875,0.3125,POST_HOC_DIAGNOSTIC_ONLY
circular_shift,Gucheng,6,0.06794184630283902,0.09392059205175875,0.02597874574891973,0.625,0.40625,POST_HOC_DIAGNOSTIC_ONLY
circular_shift,Gucheng,7,0.12020492394111468,0.083300100046137,-0.03690482389497768,0.1875,0.84375,POST_HOC_DIAGNOSTIC_ONLY
circular_shift,Gucheng,8,0.1453275734251666,0.09823034360205068,-0.04709722982311593,0.21875,0.8125,POST_HOC_DIAGNOSTIC_ONLY
circular_shift,Gucheng,9,0.12927426750101376,0.08315329454466953,-0.04612097295634422,0.21875,0.8125,POST_HOC_DIAGNOSTIC_ONLY
circular_shift,Gucheng,10,0.023847573073487626,0.09307119606203877,0.06922362298855114,1.0,0.03125,POST_HOC_DIAGNOSTIC_ONLY
circular_shift,Gucheng,11,0.01004035476437593,0.08019834566450906,0.07015799090013314,0.9375,0.09375,POST_HOC_DIAGNOSTIC_ONLY
circular_shift,Gucheng,12,0.09623984265322404,0.05721113610571138,-0.03902870654751266,0.21875,0.8125,POST_HOC_DIAGNOSTIC_ONLY
circular_shift,Gucheng,13,0.029637451603203507,0.05793268300595019,0.028295231402746684,0.84375,0.1875,POST_HOC_DIAGNOSTIC_ONLY
circular_shift,Gucheng,14,0.043280189949557096,0.01534092316957594,-0.027939266779981157,0.375,0.65625,POST_HOC_DIAGNOSTIC_ONLY
circular_shift,Huairou,6,0.10039049929906779,0.08066614338205062,-0.01972435591701717,0.4375,0.59375,POST_HOC_DIAGNOSTIC_ONLY
circular_shift,Huairou,7,0.08533629193618253,0.09393738000328072,0.008601088067098195,0.53125,0.5,POST_HOC_DIAGNOSTIC_ONLY
circular_shift,Huairou,8,0.13922686934910863,0.11591590388811115,-0.02331096546099748,0.125,0.90625,POST_HOC_DIAGNOSTIC_ONLY
circular_shift,Huairou,9,0.10130858810339888,0.08239130998572938,-0.018917278117669495,0.4375,0.59375,POST_HOC_DIAGNOSTIC_ONLY
circular_shift,Huairou,10,0.08849247246133661,0.12976700938916888,0.04127453692783227,0.96875,0.0625,POST_HOC_DIAGNOSTIC_ONLY
circular_shift,Huairou,11,0.09576735334987535,0.11166244161559565,0.015895088265720295,0.71875,0.3125,POST_HOC_DIAGNOSTIC_ONLY
circular_shift,Huairou,12,0.09151280278603832,0.11378993964100391,0.022277136854965587,0.78125,0.25,POST_HOC_DIAGNOSTIC_ONLY
circular_shift,Huairou,13,0.0700409282665393,0.10637870082395008,0.036337772557410775,0.8125,0.21875,POST_HOC_DIAGNOSTIC_ONLY
circular_shift,Huairou,14,0.07692783986801553,0.10620343137661872,0.02927559150860319,0.78125,0.25,POST_HOC_DIAGNOSTIC_ONLY
circular_shift,Nongzhanguan,6,0.05756190939749703,0.07875460816761885,0.021192698770121823,0.8125,0.21875,POST_HOC_DIAGNOSTIC_ONLY
circular_shift,Nongzhanguan,7,0.11941506288653891,0.1143799749898883,-0.0050350878966506085,0.46875,0.5625,POST_HOC_DIAGNOSTIC_ONLY
circular_shift,Nongzhanguan,8,0.12410116029778709,0.11614042032587195,-0.00796073997191514,0.34375,0.6875,POST_HOC_DIAGNOSTIC_ONLY
circular_shift,Nongzhanguan,9,0.14323081793730233,0.13301521021626572,-0.010215607721036607,0.34375,0.6875,POST_HOC_DIAGNOSTIC_ONLY
circular_shift,Nongzhanguan,10,0.04078388681369541,0.12922439795135549,0.08844051113766008,0.96875,0.0625,POST_HOC_DIAGNOSTIC_ONLY
circular_shift,Nongzhanguan,11,0.04105844855672605,0.10174016279282044,0.06068171423609439,1.0,0.03125,POST_HOC_DIAGNOSTIC_ONLY
circular_shift,Nongzhanguan,12,0.16557810254838043,0.12407957313428206,-0.04149852941409837,0.15625,0.875,POST_HOC_DIAGNOSTIC_ONLY
circular_shift,Nongzhanguan,13,0.098355731562084,0.12419981437107108,0.025844082808987076,0.6875,0.34375,POST_HOC_DIAGNOSTIC_ONLY
circular_shift,Nongzhanguan,14,0.10506524595771766,0.09431588836140713,-0.01074935759631053,0.40625,0.625,POST_HOC_DIAGNOSTIC_ONLY
circular_shift,Shunyi,6,0.11449300468406301,0.10247005096877901,-0.012022953715284002,0.375,0.65625,POST_HOC_DIAGNOSTIC_ONLY
circular_shift,Shunyi,7,0.07999376617622049,0.09762247016091728,0.017628703984696792,0.75,0.28125,POST_HOC_DIAGNOSTIC_ONLY
circular_shift,Shunyi,8,0.15359065216984344,0.1279690170979541,-0.02562163507188933,0.4375,0.59375,POST_HOC_DIAGNOSTIC_ONLY
circular_shift,Shunyi,9,0.13799885228388803,0.14186715471557454,0.00386830243168651,0.53125,0.5,POST_HOC_DIAGNOSTIC_ONLY
circular_shift,Shunyi,10,0.11520307335934471,0.1370913180102553,0.021888244650910577,0.96875,0.0625,POST_HOC_DIAGNOSTIC_ONLY
circular_shift,Shunyi,11,0.08723598096341419,0.14545984015262964,0.05822385918921545,0.9375,0.09375,POST_HOC_DIAGNOSTIC_ONLY
circular_shift,Shunyi,12,0.12777721313566448,0.13891468649639221,0.011137473360727734,0.6875,0.34375,POST_HOC_DIAGNOSTIC_ONLY
circular_shift,Shunyi,13,0.08281772468736895,0.14750912768451585,0.0646914029971469,0.9375,0.09375,POST_HOC_DIAGNOSTIC_ONLY
circular_shift,Shunyi,14,0.08423420582013076,0.14923181527144486,0.0649976094513141,0.90625,0.125,POST_HOC_DIAGNOSTIC_ONLY
circular_shift,Tiantan,6,-0.033353973731924696,-0.016493281618806935,0.01686069211311776,0.59375,0.4375,POST_HOC_DIAGNOSTIC_ONLY
circular_shift,Tiantan,7,-0.02065985410315172,-0.005330212668706567,0.015329641434445155,0.625,0.40625,POST_HOC_DIAGNOSTIC_ONLY
circular_shift,Tiantan,8,-0.013742515553074375,0.031185359258981686,0.04492787481205606,0.8125,0.21875,POST_HOC_DIAGNOSTIC_ONLY
circular_shift,Tiantan,9,0.024212271543590257,0.005380394865227439,-0.018831876678362818,0.40625,0.625,POST_HOC_DIAGNOSTIC_ONLY
circular_shift,Tiantan,10,0.04597576726512829,0.07914704919303431,0.03317128192790602,0.9375,0.09375,POST_HOC_DIAGNOSTIC_ONLY
circular_shift,Tiantan,11,-0.016304215384755925,0.08668755553911071,0.10299177092386663,0.96875,0.0625,POST_HOC_DIAGNOSTIC_ONLY
circular_shift,Tiantan,12,0.0863447735637619,0.08439272376167731,-0.0019520498020845906,0.46875,0.5625,POST_HOC_DIAGNOSTIC_ONLY
circular_shift,Tiantan,13,0.07619563264908795,0.10468575973398596,0.02849012708489801,0.6875,0.34375,POST_HOC_DIAGNOSTIC_ONLY
circular_shift,Tiantan,14,0.1021260310878298,0.09748342219922711,-0.004642608888602698,0.46875,0.5625,POST_HOC_DIAGNOSTIC_ONLY
circular_shift,Wanliu,6,0.12762233597435446,0.11398339796419105,-0.013638938010163415,0.5,0.53125,POST_HOC_DIAGNOSTIC_ONLY
circular_shift,Wanliu,7,0.15031364660000385,0.1290166718022808,-0.02129697479772305,0.3125,0.71875,POST_HOC_DIAGNOSTIC_ONLY
circular_shift,Wanliu,8,0.17778313628861786,0.1618736903349276,-0.01590944595369026,0.375,0.65625,POST_HOC_DIAGNOSTIC_ONLY
circular_shift,Wanliu,9,0.20639885581934647,0.16899590546049065,-0.037402950358855824,0.3125,0.71875,POST_HOC_DIAGNOSTIC_ONLY
circular_shift,Wanliu,10,0.1054293648996627,0.18535410924566442,0.07992474434600172,0.96875,0.0625,POST_HOC_DIAGNOSTIC_ONLY
circular_shift,Wanliu,11,0.11359421080076365,0.16969032123318217,0.05609611043241852,0.84375,0.1875,POST_HOC_DIAGNOSTIC_ONLY
circular_shift,Wanliu,12,0.21237663484533284,0.17087749578506226,-0.041499139060270585,0.25,0.78125,POST_HOC_DIAGNOSTIC_ONLY
circular_shift,Wanliu,13,0.1609083984766144,0.18906885936836773,0.028160460891753336,0.6875,0.34375,POST_HOC_DIAGNOSTIC_ONLY
circular_shift,Wanliu,14,0.17791789225592478,0.17071117521511822,-0.007206717040806554,0.46875,0.5625,POST_HOC_DIAGNOSTIC_ONLY
circular_shift,Wanshouxigong,6,0.015932630070596074,0.019681064187288183,0.0037484341166921092,0.59375,0.4375,POST_HOC_DIAGNOSTIC_ONLY
circular_shift,Wanshouxigong,7,0.07099445141142566,0.023567840361033158,-0.0474266110503925,0.21875,0.8125,POST_HOC_DIAGNOSTIC_ONLY
circular_shift,Wanshouxigong,8,0.059221620029466675,0.0733930606231465,0.014171440593679828,0.5625,0.46875,POST_HOC_DIAGNOSTIC_ONLY
circular_shift,Wanshouxigong,9,0.11084753275784492,0.07913889478213877,-0.03170863797570615,0.1875,0.84375,POST_HOC_DIAGNOSTIC_ONLY
circular_shift,Wanshouxigong,10,0.07577638900388349,0.09357307127719047,0.017796682273306982,0.90625,0.125,POST_HOC_DIAGNOSTIC_ONLY
circular_shift,Wanshouxigong,11,0.04910877961644294,0.12101739502697541,0.07190861541053248,0.96875,0.0625,POST_HOC_DIAGNOSTIC_ONLY
circular_shift,Wanshouxigong,12,0.14407622996745173,0.1156345307230951,-0.028441699244356633,0.25,0.78125,POST_HOC_DIAGNOSTIC_ONLY
circular_shift,Wanshouxigong,13,0.12306121630908796,0.13110921917104507,0.008048002861957101,0.59375,0.4375,POST_HOC_DIAGNOSTIC_ONLY
circular_shift,Wanshouxigong,14,0.18980995270987125,0.12439603232546932,-0.06541392038440193,0.21875,0.8125,POST_HOC_DIAGNOSTIC_ONLY
fixed_7d_block_permutation,Aotizhongxin,6,0.04239856567027825,0.04011653865230674,-0.002282027017971512,0.5,0.53125,POST_HOC_DIAGNOSTIC_ONLY
fixed_7d_block_permutation,Aotizhongxin,7,0.05121368162670766,0.007803369455381143,-0.04341031217132652,0.34375,0.6875,POST_HOC_DIAGNOSTIC_ONLY
fixed_7d_block_permutation,Aotizhongxin,8,0.08523223531221409,0.03646046571151515,-0.04877176960069894,0.25,0.78125,POST_HOC_DIAGNOSTIC_ONLY
fixed_7d_block_permutation,Aotizhongxin,9,0.09032450577931139,0.009951489081695748,-0.08037301669761565,0.1875,0.84375,POST_HOC_DIAGNOSTIC_ONLY
fixed_7d_block_permutation,Aotizhongxin,10,0.028324471031466982,0.02273186752055317,-0.005592603510913813,0.46875,0.5625,POST_HOC_DIAGNOSTIC_ONLY
fixed_7d_block_permutation,Aotizhongxin,11,0.003981652392786136,0.015361895891057159,0.011380243498271023,0.59375,0.4375,POST_HOC_DIAGNOSTIC_ONLY
fixed_7d_block_permutation,Aotizhongxin,12,0.06922958596102723,-0.005360090590394765,-0.07458967655142199,0.3125,0.71875,POST_HOC_DIAGNOSTIC_ONLY
fixed_7d_block_permutation,Aotizhongxin,13,0.037786416000372726,0.03638170661596234,-0.0014047093844103825,0.5,0.53125,POST_HOC_DIAGNOSTIC_ONLY
fixed_7d_block_permutation,Aotizhongxin,14,0.09911133690934504,0.008237142564377204,-0.09087419434496784,0.25,0.78125,POST_HOC_DIAGNOSTIC_ONLY
fixed_7d_block_permutation,Changping,6,0.0909805871333257,-0.0029819978430167537,-0.09396258497634245,0.21875,0.8125,POST_HOC_DIAGNOSTIC_ONLY
fixed_7d_block_permutation,Changping,7,0.08118355593820688,-0.0026374740433130575,-0.08382102998151994,0.09375,0.9375,POST_HOC_DIAGNOSTIC_ONLY
fixed_7d_block_permutation,Changping,8,0.15464583525178818,0.0008625374569584969,-0.1537832977948297,0.03125,1.0,POST_HOC_DIAGNOSTIC_ONLY
fixed_7d_block_permutation,Changping,9,0.1185524798552777,-0.007752701669924837,-0.12630518152520254,0.0625,0.96875,POST_HOC_DIAGNOSTIC_ONLY
fixed_7d_block_permutation,Changping,10,0.06505386589621673,-0.0022248333995971443,-0.06727869929581387,0.25,0.78125,POST_HOC_DIAGNOSTIC_ONLY
fixed_7d_block_permutation,Changping,11,0.10999622989894052,0.013322819691349536,-0.09667341020759099,0.1875,0.84375,POST_HOC_DIAGNOSTIC_ONLY
fixed_7d_block_permutation,Changping,12,0.11894854148845145,0.04003000564783406,-0.0789185358406174,0.15625,0.875,POST_HOC_DIAGNOSTIC_ONLY
fixed_7d_block_permutation,Changping,13,0.07919654894717108,0.03330506788532753,-0.045891481061843556,0.34375,0.6875,POST_HOC_DIAGNOSTIC_ONLY
fixed_7d_block_permutation,Changping,14,0.11865294737245605,-0.0014180935480548969,-0.12007104092051095,0.25,0.78125,POST_HOC_DIAGNOSTIC_ONLY
fixed_7d_block_permutation,Dingling,6,0.09710537868217659,0.00905314482685474,-0.08805223385532185,0.09375,0.9375,POST_HOC_DIAGNOSTIC_ONLY
fixed_7d_block_permutation,Dingling,7,0.13741994403860197,-0.017212720721597935,-0.1546326647601999,0.0625,0.96875,POST_HOC_DIAGNOSTIC_ONLY
fixed_7d_block_permutation,Dingling,8,0.1791568875894824,-0.014897255863540924,-0.19405414345302333,0.03125,1.0,POST_HOC_DIAGNOSTIC_ONLY
fixed_7d_block_permutation,Dingling,9,0.08183899920183463,-0.010598394501612096,-0.09243739370344672,0.09375,0.9375,POST_HOC_DIAGNOSTIC_ONLY
fixed_7d_block_permutation,Dingling,10,0.05082228062679052,0.01765672836570801,-0.03316555226108251,0.375,0.65625,POST_HOC_DIAGNOSTIC_ONLY
fixed_7d_block_permutation,Dingling,11,0.10836385144013254,0.008060646142240255,-0.10030320529789229,0.125,0.90625,POST_HOC_DIAGNOSTIC_ONLY
fixed_7d_block_permutation,Dingling,12,0.12135130549103275,0.0201732697337468,-0.10117803575728596,0.125,0.90625,POST_HOC_DIAGNOSTIC_ONLY
fixed_7d_block_permutation,Dingling,13,0.057601110434825936,0.014116765722656363,-0.043484344712169574,0.40625,0.625,POST_HOC_DIAGNOSTIC_ONLY
fixed_7d_block_permutation,Dingling,14,0.066966727655712,-0.038661640562697996,-0.10562836821841,0.21875,0.8125,POST_HOC_DIAGNOSTIC_ONLY
fixed_7d_block_permutation,Dongsi,6,0.11857430450108279,0.017084899550158267,-0.10148940495092452,0.0625,0.96875,POST_HOC_DIAGNOSTIC_ONLY
fixed_7d_block_permutation,Dongsi,7,0.14134637965120986,0.005044721780978737,-0.13630165787023113,0.03125,1.0,POST_HOC_DIAGNOSTIC_ONLY
fixed_7d_block_permutation,Dongsi,8,0.18777808964249582,0.017280750053767342,-0.17049733958872848,0.09375,0.9375,POST_HOC_DIAGNOSTIC_ONLY
fixed_7d_block_permutation,Dongsi,9,0.22155679300434367,0.020566946741928,-0.20098984626241567,0.0625,0.96875,POST_HOC_DIAGNOSTIC_ONLY
fixed_7d_block_permutation,Dongsi,10,0.12744720086918573,-0.001201939850572028,-0.12864914071975775,0.15625,0.875,POST_HOC_DIAGNOSTIC_ONLY
fixed_7d_block_permutation,Dongsi,11,0.11464153436251306,0.018230392599223058,-0.09641114176329,0.1875,0.84375,POST_HOC_DIAGNOSTIC_ONLY
fixed_7d_block_permutation,Dongsi,12,0.1990768341453256,0.007883354474460855,-0.19119347967086475,0.03125,1.0,POST_HOC_DIAGNOSTIC_ONLY
fixed_7d_block_permutation,Dongsi,13,0.1704582301859155,0.007226417058247214,-0.16323181312766827,0.03125,1.0,POST_HOC_DIAGNOSTIC_ONLY
fixed_7d_block_permutation,Dongsi,14,0.19664165218621224,-0.022425344342007734,-0.21906699652821998,0.03125,1.0,POST_HOC_DIAGNOSTIC_ONLY
fixed_7d_block_permutation,Guanyuan,6,0.060597859987225854,0.04004761485308007,-0.020550245134145786,0.375,0.65625,POST_HOC_DIAGNOSTIC_ONLY
fixed_7d_block_permutation,Guanyuan,7,0.10990165233674856,-0.0047370696471686945,-0.11463872198391725,0.09375,0.9375,POST_HOC_DIAGNOSTIC_ONLY
fixed_7d_block_permutation,Guanyuan,8,0.1793705176113494,-0.003337795218195785,-0.18270831282954517,0.09375,0.9375,POST_HOC_DIAGNOSTIC_ONLY
fixed_7d_block_permutation,Guanyuan,9,0.12954156807443548,0.014850157389519518,-0.11469141068491596,0.0625,0.96875,POST_HOC_DIAGNOSTIC_ONLY
fixed_7d_block_permutation,Guanyuan,10,0.035769713168165934,0.005283457347530776,-0.030486255820635157,0.375,0.65625,POST_HOC_DIAGNOSTIC_ONLY
fixed_7d_block_permutation,Guanyuan,11,0.023503332655450945,0.010968263366386117,-0.012535069289064829,0.4375,0.59375,POST_HOC_DIAGNOSTIC_ONLY
fixed_7d_block_permutation,Guanyuan,12,0.13058003202612725,-0.012331911529762462,-0.1429119435558897,0.0625,0.96875,POST_HOC_DIAGNOSTIC_ONLY
fixed_7d_block_permutation,Guanyuan,13,0.0706912133762627,0.007476591500208063,-0.06321462187605464,0.25,0.78125,POST_HOC_DIAGNOSTIC_ONLY
fixed_7d_block_permutation,Guanyuan,14,0.0818128734731828,-0.04742794000517259,-0.1292408134783554,0.1875,0.84375,POST_HOC_DIAGNOSTIC_ONLY
fixed_7d_block_permutation,Gucheng,6,0.06794184630283902,0.02304610566242934,-0.04489574064040967,0.25,0.78125,POST_HOC_DIAGNOSTIC_ONLY
fixed_7d_block_permutation,Gucheng,7,0.12020492394111468,-0.01643011423962721,-0.13663503818074188,0.03125,1.0,POST_HOC_DIAGNOSTIC_ONLY
fixed_7d_block_permutation,Gucheng,8,0.1453275734251666,-0.001662268332586901,-0.1469898417577535,0.0625,0.96875,POST_HOC_DIAGNOSTIC_ONLY
fixed_7d_block_permutation,Gucheng,9,0.12927426750101376,-0.006867431463447387,-0.13614169896446116,0.09375,0.9375,POST_HOC_DIAGNOSTIC_ONLY
fixed_7d_block_permutation,Gucheng,10,0.023847573073487626,-0.016088473824846676,-0.0399360468983343,0.34375,0.6875,POST_HOC_DIAGNOSTIC_ONLY
fixed_7d_block_permutation,Gucheng,11,0.01004035476437593,0.01585607383820797,0.00581571907383204,0.5625,0.46875,POST_HOC_DIAGNOSTIC_ONLY
fixed_7d_block_permutation,Gucheng,12,0.09623984265322404,-0.014717290163421274,-0.1109571328166453,0.0625,0.96875,POST_HOC_DIAGNOSTIC_ONLY
fixed_7d_block_permutation,Gucheng,13,0.029637451603203507,0.005161997682313866,-0.02447545392088964,0.375,0.65625,POST_HOC_DIAGNOSTIC_ONLY
fixed_7d_block_permutation,Gucheng,14,0.043280189949557096,-0.05699039620029287,-0.10027058614984996,0.1875,0.84375,POST_HOC_DIAGNOSTIC_ONLY
fixed_7d_block_permutation,Huairou,6,0.10039049929906779,0.026746710673084623,-0.07364378862598317,0.15625,0.875,POST_HOC_DIAGNOSTIC_ONLY
fixed_7d_block_permutation,Huairou,7,0.08533629193618253,0.009553912498636588,-0.07578237943754594,0.09375,0.9375,POST_HOC_DIAGNOSTIC_ONLY
fixed_7d_block_permutation,Huairou,8,0.13922686934910863,0.01810991121732184,-0.1211169581317868,0.03125,1.0,POST_HOC_DIAGNOSTIC_ONLY
fixed_7d_block_permutation,Huairou,9,0.10130858810339888,0.018696987919511885,-0.082611600183887,0.25,0.78125,POST_HOC_DIAGNOSTIC_ONLY
fixed_7d_block_permutation,Huairou,10,0.08849247246133661,-0.004061185995860808,-0.09255365845719742,0.125,0.90625,POST_HOC_DIAGNOSTIC_ONLY
fixed_7d_block_permutation,Huairou,11,0.09576735334987535,-0.001962080269311538,-0.09772943361918689,0.25,0.78125,POST_HOC_DIAGNOSTIC_ONLY
fixed_7d_block_permutation,Huairou,12,0.09151280278603832,0.0005174463866555404,-0.09099535639938278,0.09375,0.9375,POST_HOC_DIAGNOSTIC_ONLY
fixed_7d_block_permutation,Huairou,13,0.0700409282665393,-0.0008974060075853293,-0.07093833427412463,0.28125,0.75,POST_HOC_DIAGNOSTIC_ONLY
fixed_7d_block_permutation,Huairou,14,0.07692783986801553,-0.030452027160560228,-0.10737986702857576,0.09375,0.9375,POST_HOC_DIAGNOSTIC_ONLY
fixed_7d_block_permutation,Nongzhanguan,6,0.05756190939749703,0.009145136570882718,-0.048416772826614315,0.21875,0.8125,POST_HOC_DIAGNOSTIC_ONLY
fixed_7d_block_permutation,Nongzhanguan,7,0.11941506288653891,-0.02811429878421273,-0.14752936167075165,0.09375,0.9375,POST_HOC_DIAGNOSTIC_ONLY
fixed_7d_block_permutation,Nongzhanguan,8,0.12410116029778709,-0.0018645812015355675,-0.12596574149932266,0.125,0.90625,POST_HOC_DIAGNOSTIC_ONLY
fixed_7d_block_permutation,Nongzhanguan,9,0.14323081793730233,0.011462442979882163,-0.13176837495742016,0.09375,0.9375,POST_HOC_DIAGNOSTIC_ONLY
fixed_7d_block_permutation,Nongzhanguan,10,0.04078388681369541,0.010880818787057114,-0.029903068026638294,0.34375,0.6875,POST_HOC_DIAGNOSTIC_ONLY
fixed_7d_block_permutation,Nongzhanguan,11,0.04105844855672605,0.009858442997307603,-0.03120000555941845,0.375,0.65625,POST_HOC_DIAGNOSTIC_ONLY
fixed_7d_block_permutation,Nongzhanguan,12,0.16557810254838043,0.007753220914815464,-0.15782488163356498,0.09375,0.9375,POST_HOC_DIAGNOSTIC_ONLY
fixed_7d_block_permutation,Nongzhanguan,13,0.098355731562084,0.00679395263439671,-0.0915617789276873,0.25,0.78125,POST_HOC_DIAGNOSTIC_ONLY
fixed_7d_block_permutation,Nongzhanguan,14,0.10506524595771766,-0.0081161741631632,-0.11318142012088085,0.15625,0.875,POST_HOC_DIAGNOSTIC_ONLY
fixed_7d_block_permutation,Shunyi,6,0.11449300468406301,0.006473710437849173,-0.10801929424621384,0.0625,0.96875,POST_HOC_DIAGNOSTIC_ONLY
fixed_7d_block_permutation,Shunyi,7,0.07999376617622049,-0.02612468387100977,-0.10611845004723026,0.0625,0.96875,POST_HOC_DIAGNOSTIC_ONLY
fixed_7d_block_permutation,Shunyi,8,0.15359065216984344,-0.03170069839912793,-0.18529135056897136,0.0625,0.96875,POST_HOC_DIAGNOSTIC_ONLY
fixed_7d_block_permutation,Shunyi,9,0.13799885228388803,-0.02618608769332636,-0.1641849399772144,0.0625,0.96875,POST_HOC_DIAGNOSTIC_ONLY
fixed_7d_block_permutation,Shunyi,10,0.11520307335934471,-0.0364083709836174,-0.15161144434296212,0.03125,1.0,POST_HOC_DIAGNOSTIC_ONLY
fixed_7d_block_permutation,Shunyi,11,0.08723598096341419,-0.03772054763760539,-0.12495652860101958,0.125,0.90625,POST_HOC_DIAGNOSTIC_ONLY
fixed_7d_block_permutation,Shunyi,12,0.12777721313566448,-0.0024666345276985156,-0.130243847663363,0.09375,0.9375,POST_HOC_DIAGNOSTIC_ONLY
fixed_7d_block_permutation,Shunyi,13,0.08281772468736895,-0.03922236011997109,-0.12204008480734005,0.15625,0.875,POST_HOC_DIAGNOSTIC_ONLY
fixed_7d_block_permutation,Shunyi,14,0.08423420582013076,-0.03004603209817408,-0.11428023791830484,0.09375,0.9375,POST_HOC_DIAGNOSTIC_ONLY
fixed_7d_block_permutation,Tiantan,6,-0.033353973731924696,0.010902745529694502,0.0442567192616192,0.78125,0.25,POST_HOC_DIAGNOSTIC_ONLY
fixed_7d_block_permutation,Tiantan,7,-0.02065985410315172,-0.011266193591987973,0.009393660511163748,0.5625,0.46875,POST_HOC_DIAGNOSTIC_ONLY
fixed_7d_block_permutation,Tiantan,8,-0.013742515553074375,0.018696692959613966,0.03243920851268834,0.625,0.40625,POST_HOC_DIAGNOSTIC_ONLY
fixed_7d_block_permutation,Tiantan,9,0.024212271543590257,0.01719071956331557,-0.007021551980274685,0.4375,0.59375,POST_HOC_DIAGNOSTIC_ONLY
fixed_7d_block_permutation,Tiantan,10,0.04597576726512829,0.0013333188268808008,-0.04464244843824749,0.40625,0.625,POST_HOC_DIAGNOSTIC_ONLY
fixed_7d_block_permutation,Tiantan,11,-0.016304215384755925,0.00812931425694093,0.024433529641696858,0.65625,0.375,POST_HOC_DIAGNOSTIC_ONLY
fixed_7d_block_permutation,Tiantan,12,0.0863447735637619,0.008394938221409921,-0.07794983534235198,0.25,0.78125,POST_HOC_DIAGNOSTIC_ONLY
fixed_7d_block_permutation,Tiantan,13,0.07619563264908795,-0.003487592925316354,-0.0796832255744043,0.25,0.78125,POST_HOC_DIAGNOSTIC_ONLY
fixed_7d_block_permutation,Tiantan,14,0.1021260310878298,-0.007402732694627604,-0.1095287637824574,0.125,0.90625,POST_HOC_DIAGNOSTIC_ONLY
fixed_7d_block_permutation,Wanliu,6,0.12762233597435446,0.026783956740479602,-0.10083837923387486,0.15625,0.875,POST_HOC_DIAGNOSTIC_ONLY
fixed_7d_block_permutation,Wanliu,7,0.15031364660000385,-0.004311456608935592,-0.15462510320893944,0.0625,0.96875,POST_HOC_DIAGNOSTIC_ONLY
fixed_7d_block_permutation,Wanliu,8,0.17778313628861786,0.007637053428367461,-0.1701460828602504,0.03125,1.0,POST_HOC_DIAGNOSTIC_ONLY
fixed_7d_block_permutation,Wanliu,9,0.20639885581934647,0.01520588142347616,-0.19119297439587032,0.03125,1.0,POST_HOC_DIAGNOSTIC_ONLY
fixed_7d_block_permutation,Wanliu,10,0.1054293648996627,0.02179477753497931,-0.08363458736468339,0.1875,0.84375,POST_HOC_DIAGNOSTIC_ONLY
fixed_7d_block_permutation,Wanliu,11,0.11359421080076365,0.013320912856409694,-0.10027329794435395,0.15625,0.875,POST_HOC_DIAGNOSTIC_ONLY
fixed_7d_block_permutation,Wanliu,12,0.21237663484533284,0.002210663494206649,-0.2101659713511262,0.03125,1.0,POST_HOC_DIAGNOSTIC_ONLY
fixed_7d_block_permutation,Wanliu,13,0.1609083984766144,0.0069311199262057305,-0.15397727855040866,0.09375,0.9375,POST_HOC_DIAGNOSTIC_ONLY
fixed_7d_block_permutation,Wanliu,14,0.17791789225592478,0.008000304368220251,-0.16991758788770453,0.03125,1.0,POST_HOC_DIAGNOSTIC_ONLY
fixed_7d_block_permutation,Wanshouxigong,6,0.015932630070596074,0.0009068212513781085,-0.015025808819217966,0.4375,0.59375,POST_HOC_DIAGNOSTIC_ONLY
fixed_7d_block_permutation,Wanshouxigong,7,0.07099445141142566,-0.014233497343063445,-0.08522794875448911,0.125,0.90625,POST_HOC_DIAGNOSTIC_ONLY
fixed_7d_block_permutation,Wanshouxigong,8,0.059221620029466675,-0.011898435013973451,-0.07112005504344013,0.25,0.78125,POST_HOC_DIAGNOSTIC_ONLY
fixed_7d_block_permutation,Wanshouxigong,9,0.11084753275784492,-0.03622539284708026,-0.1470729256049252,0.09375,0.9375,POST_HOC_DIAGNOSTIC_ONLY
fixed_7d_block_permutation,Wanshouxigong,10,0.07577638900388349,-0.02715314380917214,-0.10292953281305563,0.125,0.90625,POST_HOC_DIAGNOSTIC_ONLY
fixed_7d_block_permutation,Wanshouxigong,11,0.04910877961644294,-0.05274906053507881,-0.10185784015152174,0.21875,0.8125,POST_HOC_DIAGNOSTIC_ONLY
fixed_7d_block_permutation,Wanshouxigong,12,0.14407622996745173,-0.0239243230941914,-0.16800055306164313,0.09375,0.9375,POST_HOC_DIAGNOSTIC_ONLY
fixed_7d_block_permutation,Wanshouxigong,13,0.12306121630908796,-0.04596121723007852,-0.1690224335391665,0.09375,0.9375,POST_HOC_DIAGNOSTIC_ONLY
fixed_7d_block_permutation,Wanshouxigong,14,0.18980995270987125,-0.0550801709113554,-0.24489012362122664,0.0625,0.96875,POST_HOC_DIAGNOSTIC_ONLY
stationary_bootstrap,Aotizhongxin,6,0.04239856567027825,0.04457964338775759,0.0021810777174793433,0.53125,0.5,POST_HOC_DIAGNOSTIC_ONLY
stationary_bootstrap,Aotizhongxin,7,0.05121368162670766,0.021326889379282604,-0.02988679224742506,0.3125,0.71875,POST_HOC_DIAGNOSTIC_ONLY
stationary_bootstrap,Aotizhongxin,8,0.08523223531221409,0.021250968359181235,-0.06398126695303286,0.09375,0.9375,POST_HOC_DIAGNOSTIC_ONLY
stationary_bootstrap,Aotizhongxin,9,0.09032450577931139,0.0030742730914932394,-0.08725023268781815,0.21875,0.8125,POST_HOC_DIAGNOSTIC_ONLY
stationary_bootstrap,Aotizhongxin,10,0.028324471031466982,0.006419754299965071,-0.021904716731501912,0.40625,0.625,POST_HOC_DIAGNOSTIC_ONLY
stationary_bootstrap,Aotizhongxin,11,0.003981652392786136,-0.014043689000212817,-0.018025341392998953,0.4375,0.59375,POST_HOC_DIAGNOSTIC_ONLY
stationary_bootstrap,Aotizhongxin,12,0.06922958596102723,0.005747470749817567,-0.06348211521120967,0.21875,0.8125,POST_HOC_DIAGNOSTIC_ONLY
stationary_bootstrap,Aotizhongxin,13,0.037786416000372726,-0.022291919277967163,-0.06007833527833989,0.3125,0.71875,POST_HOC_DIAGNOSTIC_ONLY
stationary_bootstrap,Aotizhongxin,14,0.09911133690934504,-0.024106880528049636,-0.12321821743739467,0.125,0.90625,POST_HOC_DIAGNOSTIC_ONLY
stationary_bootstrap,Changping,6,0.0909805871333257,0.03501614729573077,-0.05596443983759493,0.125,0.90625,POST_HOC_DIAGNOSTIC_ONLY
stationary_bootstrap,Changping,7,0.08118355593820688,0.02131670901492131,-0.05986684692328557,0.1875,0.84375,POST_HOC_DIAGNOSTIC_ONLY
stationary_bootstrap,Changping,8,0.15464583525178818,0.03746437863417716,-0.11718145661761102,0.125,0.90625,POST_HOC_DIAGNOSTIC_ONLY
stationary_bootstrap,Changping,9,0.1185524798552777,0.008761034345947272,-0.10979144550933043,0.1875,0.84375,POST_HOC_DIAGNOSTIC_ONLY
stationary_bootstrap,Changping,10,0.06505386589621673,0.048560179689192316,-0.016493686207024412,0.34375,0.6875,POST_HOC_DIAGNOSTIC_ONLY
stationary_bootstrap,Changping,11,0.10999622989894052,0.022382559546324253,-0.08761367035261627,0.125,0.90625,POST_HOC_DIAGNOSTIC_ONLY
stationary_bootstrap,Changping,12,0.11894854148845145,0.042893334790838726,-0.07605520669761273,0.15625,0.875,POST_HOC_DIAGNOSTIC_ONLY
stationary_bootstrap,Changping,13,0.07919654894717108,0.009977251690125272,-0.06921929725704581,0.28125,0.75,POST_HOC_DIAGNOSTIC_ONLY
stationary_bootstrap,Changping,14,0.11865294737245605,0.006484248314256077,-0.11216869905819997,0.15625,0.875,POST_HOC_DIAGNOSTIC_ONLY
stationary_bootstrap,Dingling,6,0.09710537868217659,0.04159652121936374,-0.055508857462812845,0.1875,0.84375,POST_HOC_DIAGNOSTIC_ONLY
stationary_bootstrap,Dingling,7,0.13741994403860197,0.04029650880362476,-0.09712343523497721,0.0625,0.96875,POST_HOC_DIAGNOSTIC_ONLY
stationary_bootstrap,Dingling,8,0.1791568875894824,0.04035879462005836,-0.13879809296942403,0.0625,0.96875,POST_HOC_DIAGNOSTIC_ONLY
stationary_bootstrap,Dingling,9,0.08183899920183463,0.05842543425200617,-0.023413564949828457,0.34375,0.6875,POST_HOC_DIAGNOSTIC_ONLY
stationary_bootstrap,Dingling,10,0.05082228062679052,0.04146225079305109,-0.00936002983373943,0.5,0.53125,POST_HOC_DIAGNOSTIC_ONLY
stationary_bootstrap,Dingling,11,0.10836385144013254,0.030500804475168286,-0.07786304696496425,0.1875,0.84375,POST_HOC_DIAGNOSTIC_ONLY
stationary_bootstrap,Dingling,12,0.12135130549103275,0.03374845045011793,-0.08760285504091482,0.15625,0.875,POST_HOC_DIAGNOSTIC_ONLY
stationary_bootstrap,Dingling,13,0.057601110434825936,0.040449193784533356,-0.01715191665029258,0.5,0.53125,POST_HOC_DIAGNOSTIC_ONLY
stationary_bootstrap,Dingling,14,0.066966727655712,0.01638076741125307,-0.05058596024445893,0.34375,0.6875,POST_HOC_DIAGNOSTIC_ONLY
stationary_bootstrap,Dongsi,6,0.11857430450108279,0.07495396138295776,-0.04362034311812503,0.25,0.78125,POST_HOC_DIAGNOSTIC_ONLY
stationary_bootstrap,Dongsi,7,0.14134637965120986,0.08382156016393509,-0.05752481948727477,0.21875,0.8125,POST_HOC_DIAGNOSTIC_ONLY
stationary_bootstrap,Dongsi,8,0.18777808964249582,0.06534147867063565,-0.12243661097186016,0.09375,0.9375,POST_HOC_DIAGNOSTIC_ONLY
stationary_bootstrap,Dongsi,9,0.22155679300434367,0.07582235342069758,-0.14573443958364607,0.0625,0.96875,POST_HOC_DIAGNOSTIC_ONLY
stationary_bootstrap,Dongsi,10,0.12744720086918573,0.07563956136623766,-0.051807639502948075,0.28125,0.75,POST_HOC_DIAGNOSTIC_ONLY
stationary_bootstrap,Dongsi,11,0.11464153436251306,0.03709612670739621,-0.07754540765511686,0.3125,0.71875,POST_HOC_DIAGNOSTIC_ONLY
stationary_bootstrap,Dongsi,12,0.1990768341453256,0.06659943388124742,-0.13247740026407817,0.1875,0.84375,POST_HOC_DIAGNOSTIC_ONLY
stationary_bootstrap,Dongsi,13,0.1704582301859155,0.05937235205748821,-0.11108587812842728,0.1875,0.84375,POST_HOC_DIAGNOSTIC_ONLY
stationary_bootstrap,Dongsi,14,0.19664165218621224,0.046060490255119296,-0.15058116193109294,0.03125,1.0,POST_HOC_DIAGNOSTIC_ONLY
stationary_bootstrap,Guanyuan,6,0.060597859987225854,0.024026836004546033,-0.03657102398267982,0.375,0.65625,POST_HOC_DIAGNOSTIC_ONLY
stationary_bootstrap,Guanyuan,7,0.10990165233674856,-0.0013570324284614037,-0.11125868476520996,0.125,0.90625,POST_HOC_DIAGNOSTIC_ONLY
stationary_bootstrap,Guanyuan,8,0.1793705176113494,0.04855528249932582,-0.1308152351120236,0.09375,0.9375,POST_HOC_DIAGNOSTIC_ONLY
stationary_bootstrap,Guanyuan,9,0.12954156807443548,0.059240317850880415,-0.07030125022355507,0.15625,0.875,POST_HOC_DIAGNOSTIC_ONLY
stationary_bootstrap,Guanyuan,10,0.035769713168165934,0.0061329823751480675,-0.029636730793017867,0.40625,0.625,POST_HOC_DIAGNOSTIC_ONLY
stationary_bootstrap,Guanyuan,11,0.023503332655450945,0.01570586072473062,-0.007797471930720324,0.5,0.53125,POST_HOC_DIAGNOSTIC_ONLY
stationary_bootstrap,Guanyuan,12,0.13058003202612725,0.04981134409223094,-0.08076868793389631,0.15625,0.875,POST_HOC_DIAGNOSTIC_ONLY
stationary_bootstrap,Guanyuan,13,0.0706912133762627,0.03827491036098098,-0.03241630301528173,0.375,0.65625,POST_HOC_DIAGNOSTIC_ONLY
stationary_bootstrap,Guanyuan,14,0.0818128734731828,0.039582923551734844,-0.04222994992144796,0.3125,0.71875,POST_HOC_DIAGNOSTIC_ONLY
stationary_bootstrap,Gucheng,6,0.06794184630283902,0.06886958474523831,0.0009277384423992951,0.53125,0.5,POST_HOC_DIAGNOSTIC_ONLY
stationary_bootstrap,Gucheng,7,0.12020492394111468,0.06666674980577157,-0.053538174135343106,0.1875,0.84375,POST_HOC_DIAGNOSTIC_ONLY
stationary_bootstrap,Gucheng,8,0.1453275734251666,0.0372710000031869,-0.10805657342197972,0.125,0.90625,POST_HOC_DIAGNOSTIC_ONLY
stationary_bootstrap,Gucheng,9,0.12927426750101376,0.03254573939473576,-0.096728528106278,0.09375,0.9375,POST_HOC_DIAGNOSTIC_ONLY
stationary_bootstrap,Gucheng,10,0.023847573073487626,0.059157433261095134,0.03530986018760751,0.625,0.40625,POST_HOC_DIAGNOSTIC_ONLY
stationary_bootstrap,Gucheng,11,0.01004035476437593,0.02881802201997707,0.018777667255601142,0.625,0.40625,POST_HOC_DIAGNOSTIC_ONLY
stationary_bootstrap,Gucheng,12,0.09623984265322404,0.028615093616273183,-0.06762474903695086,0.28125,0.75,POST_HOC_DIAGNOSTIC_ONLY
stationary_bootstrap,Gucheng,13,0.029637451603203507,0.019818323915851546,-0.00981912768735196,0.5,0.53125,POST_HOC_DIAGNOSTIC_ONLY
stationary_bootstrap,Gucheng,14,0.043280189949557096,0.020084523229399374,-0.023195666720157722,0.34375,0.6875,POST_HOC_DIAGNOSTIC_ONLY
stationary_bootstrap,Huairou,6,0.10039049929906779,0.05006490472272411,-0.05032559457634368,0.1875,0.84375,POST_HOC_DIAGNOSTIC_ONLY
stationary_bootstrap,Huairou,7,0.08533629193618253,0.044391502832385195,-0.040944789103797334,0.34375,0.6875,POST_HOC_DIAGNOSTIC_ONLY
stationary_bootstrap,Huairou,8,0.13922686934910863,0.03969382577126461,-0.09953304357784402,0.0625,0.96875,POST_HOC_DIAGNOSTIC_ONLY
stationary_bootstrap,Huairou,9,0.10130858810339888,0.047073696178980384,-0.054234891924418493,0.25,0.78125,POST_HOC_DIAGNOSTIC_ONLY
stationary_bootstrap,Huairou,10,0.08849247246133661,0.04474327692933912,-0.04374919553199749,0.3125,0.71875,POST_HOC_DIAGNOSTIC_ONLY
stationary_bootstrap,Huairou,11,0.09576735334987535,0.01760984509096421,-0.07815750825891114,0.28125,0.75,POST_HOC_DIAGNOSTIC_ONLY
stationary_bootstrap,Huairou,12,0.09151280278603832,0.04536110610973823,-0.04615169667630009,0.3125,0.71875,POST_HOC_DIAGNOSTIC_ONLY
stationary_bootstrap,Huairou,13,0.0700409282665393,0.020274225313172498,-0.04976670295336681,0.375,0.65625,POST_HOC_DIAGNOSTIC_ONLY
stationary_bootstrap,Huairou,14,0.07692783986801553,0.03145059849460002,-0.045477241373415515,0.375,0.65625,POST_HOC_DIAGNOSTIC_ONLY
stationary_bootstrap,Nongzhanguan,6,0.05756190939749703,0.0508160383881139,-0.006745871009383127,0.5,0.53125,POST_HOC_DIAGNOSTIC_ONLY
stationary_bootstrap,Nongzhanguan,7,0.11941506288653891,0.05001685615406867,-0.06939820673247024,0.09375,0.9375,POST_HOC_DIAGNOSTIC_ONLY
stationary_bootstrap,Nongzhanguan,8,0.12410116029778709,0.03538539703694716,-0.08871576326083994,0.09375,0.9375,POST_HOC_DIAGNOSTIC_ONLY
stationary_bootstrap,Nongzhanguan,9,0.14323081793730233,0.04384208311855684,-0.0993887348187455,0.1875,0.84375,POST_HOC_DIAGNOSTIC_ONLY
stationary_bootstrap,Nongzhanguan,10,0.04078388681369541,0.005357534578499729,-0.03542635223519568,0.40625,0.625,POST_HOC_DIAGNOSTIC_ONLY
stationary_bootstrap,Nongzhanguan,11,0.04105844855672605,0.02530560398451585,-0.0157528445722102,0.34375,0.6875,POST_HOC_DIAGNOSTIC_ONLY
stationary_bootstrap,Nongzhanguan,12,0.16557810254838043,0.007658505445048095,-0.15791959710333234,0.125,0.90625,POST_HOC_DIAGNOSTIC_ONLY
stationary_bootstrap,Nongzhanguan,13,0.098355731562084,0.02820117272623468,-0.07015455883584933,0.15625,0.875,POST_HOC_DIAGNOSTIC_ONLY
stationary_bootstrap,Nongzhanguan,14,0.10506524595771766,-0.00656144548247069,-0.11162669144018834,0.25,0.78125,POST_HOC_DIAGNOSTIC_ONLY
stationary_bootstrap,Shunyi,6,0.11449300468406301,0.056017437870437656,-0.058475566813625354,0.15625,0.875,POST_HOC_DIAGNOSTIC_ONLY
stationary_bootstrap,Shunyi,7,0.07999376617622049,0.031161265465661038,-0.04883250071055945,0.4375,0.59375,POST_HOC_DIAGNOSTIC_ONLY
stationary_bootstrap,Shunyi,8,0.15359065216984344,0.036638401010636035,-0.1169522511592074,0.0625,0.96875,POST_HOC_DIAGNOSTIC_ONLY
stationary_bootstrap,Shunyi,9,0.13799885228388803,0.0576309507726208,-0.08036790151126723,0.09375,0.9375,POST_HOC_DIAGNOSTIC_ONLY
stationary_bootstrap,Shunyi,10,0.11520307335934471,0.04435324718024383,-0.07084982617910088,0.25,0.78125,POST_HOC_DIAGNOSTIC_ONLY
stationary_bootstrap,Shunyi,11,0.08723598096341419,0.050585838056024825,-0.03665014290738936,0.375,0.65625,POST_HOC_DIAGNOSTIC_ONLY
stationary_bootstrap,Shunyi,12,0.12777721313566448,0.035692712562401405,-0.09208450057326308,0.28125,0.75,POST_HOC_DIAGNOSTIC_ONLY
stationary_bootstrap,Shunyi,13,0.08281772468736895,0.008526092365462888,-0.07429163232190605,0.25,0.78125,POST_HOC_DIAGNOSTIC_ONLY
stationary_bootstrap,Shunyi,14,0.08423420582013076,0.009088395789367633,-0.07514581003076312,0.28125,0.75,POST_HOC_DIAGNOSTIC_ONLY
stationary_bootstrap,Tiantan,6,-0.033353973731924696,0.04454925739493199,0.07790323112685668,0.78125,0.25,POST_HOC_DIAGNOSTIC_ONLY
stationary_bootstrap,Tiantan,7,-0.02065985410315172,-0.013173058732006243,0.007486795371145478,0.59375,0.4375,POST_HOC_DIAGNOSTIC_ONLY
stationary_bootstrap,Tiantan,8,-0.013742515553074375,0.01629415151839575,0.030036667071470124,0.71875,0.3125,POST_HOC_DIAGNOSTIC_ONLY
stationary_bootstrap,Tiantan,9,0.024212271543590257,0.006996662932445074,-0.017215608611145183,0.40625,0.625,POST_HOC_DIAGNOSTIC_ONLY
stationary_bootstrap,Tiantan,10,0.04597576726512829,0.031538205655616644,-0.014437561609511644,0.5,0.53125,POST_HOC_DIAGNOSTIC_ONLY
stationary_bootstrap,Tiantan,11,-0.016304215384755925,0.059294700756363644,0.07559891614111958,0.71875,0.3125,POST_HOC_DIAGNOSTIC_ONLY
stationary_bootstrap,Tiantan,12,0.0863447735637619,0.0284955406035628,-0.0578492329601991,0.34375,0.6875,POST_HOC_DIAGNOSTIC_ONLY
stationary_bootstrap,Tiantan,13,0.07619563264908795,0.026855812125109835,-0.04933982052397812,0.4375,0.59375,POST_HOC_DIAGNOSTIC_ONLY
stationary_bootstrap,Tiantan,14,0.1021260310878298,0.02735057098425256,-0.07477546010357725,0.28125,0.75,POST_HOC_DIAGNOSTIC_ONLY
stationary_bootstrap,Wanliu,6,0.12762233597435446,0.06162662961089469,-0.06599570636345978,0.21875,0.8125,POST_HOC_DIAGNOSTIC_ONLY
stationary_bootstrap,Wanliu,7,0.15031364660000385,0.07174736302709386,-0.07856628357290998,0.09375,0.9375,POST_HOC_DIAGNOSTIC_ONLY
stationary_bootstrap,Wanliu,8,0.17778313628861786,0.07620324605816726,-0.1015798902304506,0.03125,1.0,POST_HOC_DIAGNOSTIC_ONLY
stationary_bootstrap,Wanliu,9,0.20639885581934647,0.08794926886428232,-0.11844958695506415,0.0625,0.96875,POST_HOC_DIAGNOSTIC_ONLY
stationary_bootstrap,Wanliu,10,0.1054293648996627,0.05575107183700195,-0.04967829306266075,0.21875,0.8125,POST_HOC_DIAGNOSTIC_ONLY
stationary_bootstrap,Wanliu,11,0.11359421080076365,0.059099218382701775,-0.054494992418061876,0.1875,0.84375,POST_HOC_DIAGNOSTIC_ONLY
stationary_bootstrap,Wanliu,12,0.21237663484533284,0.08576747516059291,-0.12660915968473993,0.0625,0.96875,POST_HOC_DIAGNOSTIC_ONLY
stationary_bootstrap,Wanliu,13,0.1609083984766144,0.06466336555286656,-0.09624503292374784,0.09375,0.9375,POST_HOC_DIAGNOSTIC_ONLY
stationary_bootstrap,Wanliu,14,0.17791789225592478,0.05094611667911502,-0.12697177557680975,0.0625,0.96875,POST_HOC_DIAGNOSTIC_ONLY
stationary_bootstrap,Wanshouxigong,6,0.015932630070596074,0.01577591726140408,-0.00015671280919199448,0.46875,0.5625,POST_HOC_DIAGNOSTIC_ONLY
stationary_bootstrap,Wanshouxigong,7,0.07099445141142566,0.01169858061721825,-0.05929587079420741,0.25,0.78125,POST_HOC_DIAGNOSTIC_ONLY
stationary_bootstrap,Wanshouxigong,8,0.059221620029466675,0.020411201579840634,-0.038810418449626044,0.21875,0.8125,POST_HOC_DIAGNOSTIC_ONLY
stationary_bootstrap,Wanshouxigong,9,0.11084753275784492,-0.0027667451816308685,-0.11361427793947579,0.09375,0.9375,POST_HOC_DIAGNOSTIC_ONLY
stationary_bootstrap,Wanshouxigong,10,0.07577638900388349,0.030665079989364304,-0.04511130901451919,0.375,0.65625,POST_HOC_DIAGNOSTIC_ONLY
stationary_bootstrap,Wanshouxigong,11,0.04910877961644294,0.014141262158963677,-0.03496751745747926,0.40625,0.625,POST_HOC_DIAGNOSTIC_ONLY
stationary_bootstrap,Wanshouxigong,12,0.14407622996745173,0.034605508127393755,-0.10947072184005797,0.125,0.90625,POST_HOC_DIAGNOSTIC_ONLY
stationary_bootstrap,Wanshouxigong,13,0.12306121630908796,0.023871343502392103,-0.09918987280669586,0.1875,0.84375,POST_HOC_DIAGNOSTIC_ONLY
stationary_bootstrap,Wanshouxigong,14,0.18980995270987125,0.03959293865206532,-0.15021701405780594,0.0625,0.96875,POST_HOC_DIAGNOSTIC_ONLY
phase_randomized,Aotizhongxin,6,0.04239856567027825,0.057109149373144825,0.014710583702866577,0.625,0.40625,POST_HOC_DIAGNOSTIC_ONLY
phase_randomized,Aotizhongxin,7,0.05121368162670766,0.05392680068663128,0.0027131190599236146,0.5625,0.46875,POST_HOC_DIAGNOSTIC_ONLY
phase_randomized,Aotizhongxin,8,0.08523223531221409,0.08313545553042762,-0.002096779781786476,0.46875,0.5625,POST_HOC_DIAGNOSTIC_ONLY
phase_randomized,Aotizhongxin,9,0.09032450577931139,0.07827757843867347,-0.01204692734063792,0.375,0.65625,POST_HOC_DIAGNOSTIC_ONLY
phase_randomized,Aotizhongxin,10,0.028324471031466982,0.09151481609115952,0.06319034505969254,0.875,0.15625,POST_HOC_DIAGNOSTIC_ONLY
phase_randomized,Aotizhongxin,11,0.003981652392786136,0.07386539491186019,0.06988374251907405,0.96875,0.0625,POST_HOC_DIAGNOSTIC_ONLY
phase_randomized,Aotizhongxin,12,0.06922958596102723,0.08030778453194654,0.01107819857091931,0.5625,0.46875,POST_HOC_DIAGNOSTIC_ONLY
phase_randomized,Aotizhongxin,13,0.037786416000372726,0.0846524085451751,0.04686599254480237,0.84375,0.1875,POST_HOC_DIAGNOSTIC_ONLY
phase_randomized,Aotizhongxin,14,0.09911133690934504,0.06920465510070252,-0.02990668180864252,0.34375,0.6875,POST_HOC_DIAGNOSTIC_ONLY
phase_randomized,Changping,6,0.0909805871333257,0.077074280901812,-0.013906306231513704,0.40625,0.625,POST_HOC_DIAGNOSTIC_ONLY
phase_randomized,Changping,7,0.08118355593820688,0.08163677118012028,0.0004532152419133989,0.5625,0.46875,POST_HOC_DIAGNOSTIC_ONLY
phase_randomized,Changping,8,0.15464583525178818,0.12286126708249412,-0.031784568169294064,0.1875,0.84375,POST_HOC_DIAGNOSTIC_ONLY
phase_randomized,Changping,9,0.1185524798552777,0.11823555772277648,-0.0003169221325012156,0.5,0.53125,POST_HOC_DIAGNOSTIC_ONLY
phase_randomized,Changping,10,0.06505386589621673,0.1393988546172254,0.07434498872100867,0.96875,0.0625,POST_HOC_DIAGNOSTIC_ONLY
phase_randomized,Changping,11,0.10999622989894052,0.1167607263515472,0.006764496452606683,0.5625,0.46875,POST_HOC_DIAGNOSTIC_ONLY
phase_randomized,Changping,12,0.11894854148845145,0.13181697106422263,0.012868429575771181,0.625,0.40625,POST_HOC_DIAGNOSTIC_ONLY
phase_randomized,Changping,13,0.07919654894717108,0.13183087723515652,0.052634328287985435,0.84375,0.1875,POST_HOC_DIAGNOSTIC_ONLY
phase_randomized,Changping,14,0.11865294737245605,0.13379514168800072,0.015142194315544671,0.5625,0.46875,POST_HOC_DIAGNOSTIC_ONLY
phase_randomized,Dingling,6,0.09710537868217659,0.07794024417805284,-0.019165134504123743,0.34375,0.6875,POST_HOC_DIAGNOSTIC_ONLY
phase_randomized,Dingling,7,0.13741994403860197,0.10802045344832013,-0.029399490590281838,0.15625,0.875,POST_HOC_DIAGNOSTIC_ONLY
phase_randomized,Dingling,8,0.1791568875894824,0.10667438557046696,-0.07248250201901543,0.0625,0.96875,POST_HOC_DIAGNOSTIC_ONLY
phase_randomized,Dingling,9,0.08183899920183463,0.12269002600844976,0.040851026806615134,0.78125,0.25,POST_HOC_DIAGNOSTIC_ONLY
phase_randomized,Dingling,10,0.05082228062679052,0.11994186824751647,0.06911958762072595,0.96875,0.0625,POST_HOC_DIAGNOSTIC_ONLY
phase_randomized,Dingling,11,0.10836385144013254,0.1178180256422306,0.009454174202098056,0.65625,0.375,POST_HOC_DIAGNOSTIC_ONLY
phase_randomized,Dingling,12,0.12135130549103275,0.1295088207005562,0.008157515209523444,0.53125,0.5,POST_HOC_DIAGNOSTIC_ONLY
phase_randomized,Dingling,13,0.057601110434825936,0.09911585805549813,0.0415147476206722,0.875,0.15625,POST_HOC_DIAGNOSTIC_ONLY
phase_randomized,Dingling,14,0.066966727655712,0.11950576476728512,0.05253903711157312,0.75,0.28125,POST_HOC_DIAGNOSTIC_ONLY
phase_randomized,Dongsi,6,0.11857430450108279,0.13052254000479072,0.011948235503707924,0.59375,0.4375,POST_HOC_DIAGNOSTIC_ONLY
phase_randomized,Dongsi,7,0.14134637965120986,0.13884410636948105,-0.0025022732817288063,0.5,0.53125,POST_HOC_DIAGNOSTIC_ONLY
phase_randomized,Dongsi,8,0.18777808964249582,0.1799177318403444,-0.007860357802151413,0.40625,0.625,POST_HOC_DIAGNOSTIC_ONLY
phase_randomized,Dongsi,9,0.22155679300434367,0.1962275105922493,-0.025329282412094367,0.34375,0.6875,POST_HOC_DIAGNOSTIC_ONLY
phase_randomized,Dongsi,10,0.12744720086918573,0.1741128941690193,0.046665693299833555,0.9375,0.09375,POST_HOC_DIAGNOSTIC_ONLY
phase_randomized,Dongsi,11,0.11464153436251306,0.18791486994005593,0.07327333557754287,0.875,0.15625,POST_HOC_DIAGNOSTIC_ONLY
phase_randomized,Dongsi,12,0.1990768341453256,0.18598033193866434,-0.013096502206661254,0.34375,0.6875,POST_HOC_DIAGNOSTIC_ONLY
phase_randomized,Dongsi,13,0.1704582301859155,0.1941867140273088,0.02372848384139331,0.75,0.28125,POST_HOC_DIAGNOSTIC_ONLY
phase_randomized,Dongsi,14,0.19664165218621224,0.1952028822391915,-0.001438769947020746,0.5,0.53125,POST_HOC_DIAGNOSTIC_ONLY
phase_randomized,Guanyuan,6,0.060597859987225854,0.051395768293000285,-0.009202091694225568,0.4375,0.59375,POST_HOC_DIAGNOSTIC_ONLY
phase_randomized,Guanyuan,7,0.10990165233674856,0.07197502054938626,-0.0379266317873623,0.1875,0.84375,POST_HOC_DIAGNOSTIC_ONLY
phase_randomized,Guanyuan,8,0.1793705176113494,0.08887554352795635,-0.09049497408339305,0.09375,0.9375,POST_HOC_DIAGNOSTIC_ONLY
phase_randomized,Guanyuan,9,0.12954156807443548,0.11067303531671593,-0.018868532757719547,0.4375,0.59375,POST_HOC_DIAGNOSTIC_ONLY
phase_randomized,Guanyuan,10,0.035769713168165934,0.10439495554862285,0.06862524238045692,0.9375,0.09375,POST_HOC_DIAGNOSTIC_ONLY
phase_randomized,Guanyuan,11,0.023503332655450945,0.09170023007383671,0.06819689741838576,0.84375,0.1875,POST_HOC_DIAGNOSTIC_ONLY
phase_randomized,Guanyuan,12,0.13058003202612725,0.09369949890598465,-0.0368805331201426,0.28125,0.75,POST_HOC_DIAGNOSTIC_ONLY
phase_randomized,Guanyuan,13,0.0706912133762627,0.11272086767996713,0.04202965430370442,0.71875,0.3125,POST_HOC_DIAGNOSTIC_ONLY
phase_randomized,Guanyuan,14,0.0818128734731828,0.09024883959294547,0.008435966119762661,0.5625,0.46875,POST_HOC_DIAGNOSTIC_ONLY
phase_randomized,Gucheng,6,0.06794184630283902,0.0677386401153849,-0.00020320618745411911,0.5,0.53125,POST_HOC_DIAGNOSTIC_ONLY
phase_randomized,Gucheng,7,0.12020492394111468,0.08723556759943718,-0.0329693563416775,0.28125,0.75,POST_HOC_DIAGNOSTIC_ONLY
phase_randomized,Gucheng,8,0.1453275734251666,0.11037858320011575,-0.034948990225050866,0.125,0.90625,POST_HOC_DIAGNOSTIC_ONLY
phase_randomized,Gucheng,9,0.12927426750101376,0.10727087491729329,-0.02200339258372047,0.34375,0.6875,POST_HOC_DIAGNOSTIC_ONLY
phase_randomized,Gucheng,10,0.023847573073487626,0.08384729964848045,0.05999972657499282,0.9375,0.09375,POST_HOC_DIAGNOSTIC_ONLY
phase_randomized,Gucheng,11,0.01004035476437593,0.08529723038606347,0.07525687562168755,1.0,0.03125,POST_HOC_DIAGNOSTIC_ONLY
phase_randomized,Gucheng,12,0.09623984265322404,0.08226387051561995,-0.013975972137604084,0.34375,0.6875,POST_HOC_DIAGNOSTIC_ONLY
phase_randomized,Gucheng,13,0.029637451603203507,0.0855730217493211,0.055935570146117594,0.875,0.15625,POST_HOC_DIAGNOSTIC_ONLY
phase_randomized,Gucheng,14,0.043280189949557096,0.07414969280520677,0.03086950285564967,0.78125,0.25,POST_HOC_DIAGNOSTIC_ONLY
phase_randomized,Huairou,6,0.10039049929906779,0.09047090368875103,-0.009919595610316759,0.46875,0.5625,POST_HOC_DIAGNOSTIC_ONLY
phase_randomized,Huairou,7,0.08533629193618253,0.10036561102907794,0.015029319092895413,0.71875,0.3125,POST_HOC_DIAGNOSTIC_ONLY
phase_randomized,Huairou,8,0.13922686934910863,0.100898201285218,-0.03832866806389064,0.375,0.65625,POST_HOC_DIAGNOSTIC_ONLY
phase_randomized,Huairou,9,0.10130858810339888,0.12725485399464326,0.02594626589124438,0.75,0.28125,POST_HOC_DIAGNOSTIC_ONLY
phase_randomized,Huairou,10,0.08849247246133661,0.1182910141847626,0.029798541723425984,0.78125,0.25,POST_HOC_DIAGNOSTIC_ONLY
phase_randomized,Huairou,11,0.09576735334987535,0.12111797500273289,0.025350621652857536,0.75,0.28125,POST_HOC_DIAGNOSTIC_ONLY
phase_randomized,Huairou,12,0.09151280278603832,0.12634443081565144,0.03483162802961312,0.875,0.15625,POST_HOC_DIAGNOSTIC_ONLY
phase_randomized,Huairou,13,0.0700409282665393,0.11201100043713828,0.04197007217059898,0.84375,0.1875,POST_HOC_DIAGNOSTIC_ONLY
phase_randomized,Huairou,14,0.07692783986801553,0.13014630444872968,0.05321846458071415,0.75,0.28125,POST_HOC_DIAGNOSTIC_ONLY
phase_randomized,Nongzhanguan,6,0.05756190939749703,0.0670556231617245,0.009493713764227474,0.625,0.40625,POST_HOC_DIAGNOSTIC_ONLY
phase_randomized,Nongzhanguan,7,0.11941506288653891,0.07816706374474416,-0.04124799914179475,0.1875,0.84375,POST_HOC_DIAGNOSTIC_ONLY
phase_randomized,Nongzhanguan,8,0.12410116029778709,0.13503364662663578,0.01093248632884869,0.59375,0.4375,POST_HOC_DIAGNOSTIC_ONLY
phase_randomized,Nongzhanguan,9,0.14323081793730233,0.12578131441418844,-0.01744950352311389,0.28125,0.75,POST_HOC_DIAGNOSTIC_ONLY
phase_randomized,Nongzhanguan,10,0.04078388681369541,0.13294593942063884,0.09216205260694343,1.0,0.03125,POST_HOC_DIAGNOSTIC_ONLY
phase_randomized,Nongzhanguan,11,0.04105844855672605,0.12460208503620344,0.08354363647947739,1.0,0.03125,POST_HOC_DIAGNOSTIC_ONLY
phase_randomized,Nongzhanguan,12,0.16557810254838043,0.1076970447178649,-0.05788105783051553,0.15625,0.875,POST_HOC_DIAGNOSTIC_ONLY
phase_randomized,Nongzhanguan,13,0.098355731562084,0.12828766812695902,0.029931936564875014,0.75,0.28125,POST_HOC_DIAGNOSTIC_ONLY
phase_randomized,Nongzhanguan,14,0.10506524595771766,0.11776131363032888,0.012696067672611222,0.53125,0.5,POST_HOC_DIAGNOSTIC_ONLY
phase_randomized,Shunyi,6,0.11449300468406301,0.1016416554920145,-0.012851349192048514,0.28125,0.75,POST_HOC_DIAGNOSTIC_ONLY
phase_randomized,Shunyi,7,0.07999376617622049,0.11519908773285549,0.035205321556635,0.75,0.28125,POST_HOC_DIAGNOSTIC_ONLY
phase_randomized,Shunyi,8,0.15359065216984344,0.12262338982408277,-0.030967262345760665,0.3125,0.71875,POST_HOC_DIAGNOSTIC_ONLY
phase_randomized,Shunyi,9,0.13799885228388803,0.14711786710566063,0.009119014821772603,0.59375,0.4375,POST_HOC_DIAGNOSTIC_ONLY
phase_randomized,Shunyi,10,0.11520307335934471,0.13687483384195467,0.021671760482609964,0.71875,0.3125,POST_HOC_DIAGNOSTIC_ONLY
phase_randomized,Shunyi,11,0.08723598096341419,0.12859490903202078,0.041358928068606596,0.8125,0.21875,POST_HOC_DIAGNOSTIC_ONLY
phase_randomized,Shunyi,12,0.12777721313566448,0.14937509108301422,0.021597877947349742,0.625,0.40625,POST_HOC_DIAGNOSTIC_ONLY
phase_randomized,Shunyi,13,0.08281772468736895,0.14710965379136104,0.06429192910399209,0.90625,0.125,POST_HOC_DIAGNOSTIC_ONLY
phase_randomized,Shunyi,14,0.08423420582013076,0.14066047467795498,0.056426268857824216,0.8125,0.21875,POST_HOC_DIAGNOSTIC_ONLY
phase_randomized,Tiantan,6,-0.033353973731924696,0.03189892099502748,0.06525289472695217,0.90625,0.125,POST_HOC_DIAGNOSTIC_ONLY
phase_randomized,Tiantan,7,-0.02065985410315172,0.044514304398103215,0.06517415850125494,0.875,0.15625,POST_HOC_DIAGNOSTIC_ONLY
phase_randomized,Tiantan,8,-0.013742515553074375,0.05450671467316701,0.06824923022624138,0.96875,0.0625,POST_HOC_DIAGNOSTIC_ONLY
phase_randomized,Tiantan,9,0.024212271543590257,0.077166805198232,0.05295453365464175,0.90625,0.125,POST_HOC_DIAGNOSTIC_ONLY
phase_randomized,Tiantan,10,0.04597576726512829,0.06522719441098807,0.019251427145859777,0.75,0.28125,POST_HOC_DIAGNOSTIC_ONLY
phase_randomized,Tiantan,11,-0.016304215384755925,0.06482144343641519,0.08112565882117112,0.96875,0.0625,POST_HOC_DIAGNOSTIC_ONLY
phase_randomized,Tiantan,12,0.0863447735637619,0.06411843439462267,-0.022226339169139228,0.40625,0.625,POST_HOC_DIAGNOSTIC_ONLY
phase_randomized,Tiantan,13,0.07619563264908795,0.06510994285528623,-0.011085689793801715,0.40625,0.625,POST_HOC_DIAGNOSTIC_ONLY
phase_randomized,Tiantan,14,0.1021260310878298,0.09325638550253319,-0.008869645585296612,0.4375,0.59375,POST_HOC_DIAGNOSTIC_ONLY
phase_randomized,Wanliu,6,0.12762233597435446,0.1105249925411525,-0.01709734343320196,0.1875,0.84375,POST_HOC_DIAGNOSTIC_ONLY
phase_randomized,Wanliu,7,0.15031364660000385,0.12623232612600305,-0.0240813204740008,0.25,0.78125,POST_HOC_DIAGNOSTIC_ONLY
phase_randomized,Wanliu,8,0.17778313628861786,0.13873141283513318,-0.03905172345348468,0.15625,0.875,POST_HOC_DIAGNOSTIC_ONLY
phase_randomized,Wanliu,9,0.20639885581934647,0.15349472731204017,-0.0529041285073063,0.0625,0.96875,POST_HOC_DIAGNOSTIC_ONLY
phase_randomized,Wanliu,10,0.1054293648996627,0.17612176731265386,0.07069240241299116,0.90625,0.125,POST_HOC_DIAGNOSTIC_ONLY
phase_randomized,Wanliu,11,0.11359421080076365,0.17190435585596778,0.05831014505520413,0.90625,0.125,POST_HOC_DIAGNOSTIC_ONLY
phase_randomized,Wanliu,12,0.21237663484533284,0.18688925020533534,-0.0254873846399975,0.34375,0.6875,POST_HOC_DIAGNOSTIC_ONLY
phase_randomized,Wanliu,13,0.1609083984766144,0.17828850397424514,0.01738010549763075,0.75,0.28125,POST_HOC_DIAGNOSTIC_ONLY
phase_randomized,Wanliu,14,0.17791789225592478,0.18339036539860426,0.005472473142679485,0.625,0.40625,POST_HOC_DIAGNOSTIC_ONLY
phase_randomized,Wanshouxigong,6,0.015932630070596074,0.05996200483081603,0.04402937476021996,0.8125,0.21875,POST_HOC_DIAGNOSTIC_ONLY
phase_randomized,Wanshouxigong,7,0.07099445141142566,0.048555992331443795,-0.022438459079981862,0.375,0.65625,POST_HOC_DIAGNOSTIC_ONLY
phase_randomized,Wanshouxigong,8,0.059221620029466675,0.08227630548846321,0.023054685458996534,0.65625,0.375,POST_HOC_DIAGNOSTIC_ONLY
phase_randomized,Wanshouxigong,9,0.11084753275784492,0.10084921148801869,-0.009998321269826235,0.46875,0.5625,POST_HOC_DIAGNOSTIC_ONLY
phase_randomized,Wanshouxigong,10,0.07577638900388349,0.09083661374221182,0.015060224738328326,0.6875,0.34375,POST_HOC_DIAGNOSTIC_ONLY
phase_randomized,Wanshouxigong,11,0.04910877961644294,0.10208904703522488,0.052980267418781944,0.84375,0.1875,POST_HOC_DIAGNOSTIC_ONLY
phase_randomized,Wanshouxigong,12,0.14407622996745173,0.13102571788143952,-0.013050512086012211,0.40625,0.625,POST_HOC_DIAGNOSTIC_ONLY
phase_randomized,Wanshouxigong,13,0.12306121630908796,0.13642746457570482,0.01336624826661685,0.59375,0.4375,POST_HOC_DIAGNOSTIC_ONLY
phase_randomized,Wanshouxigong,14,0.18980995270987125,0.11839818749420603,-0.07141176521566522,0.09375,0.9375,POST_HOC_DIAGNOSTIC_ONLY
ar1_residual,Aotizhongxin,6,0.04239856567027825,0.12230093155619993,0.07990236588592169,0.84375,0.1875,POST_HOC_DIAGNOSTIC_ONLY
ar1_residual,Aotizhongxin,7,0.05121368162670766,0.07310843938355123,0.021894757756843568,0.625,0.40625,POST_HOC_DIAGNOSTIC_ONLY
ar1_residual,Aotizhongxin,8,0.08523223531221409,0.08636402587529632,0.0011317905630822273,0.53125,0.5,POST_HOC_DIAGNOSTIC_ONLY
ar1_residual,Aotizhongxin,9,0.09032450577931139,0.08641031795911175,-0.003914187820199644,0.46875,0.5625,POST_HOC_DIAGNOSTIC_ONLY
ar1_residual,Aotizhongxin,10,0.028324471031466982,0.04609385179933374,0.01776938076786676,0.59375,0.4375,POST_HOC_DIAGNOSTIC_ONLY
ar1_residual,Aotizhongxin,11,0.003981652392786136,0.03046366571472984,0.026482013321943703,0.625,0.40625,POST_HOC_DIAGNOSTIC_ONLY
ar1_residual,Aotizhongxin,12,0.06922958596102723,0.04533822546490871,-0.023891360496118515,0.375,0.65625,POST_HOC_DIAGNOSTIC_ONLY
ar1_residual,Aotizhongxin,13,0.037786416000372726,0.014783534715971174,-0.023002881284401554,0.40625,0.625,POST_HOC_DIAGNOSTIC_ONLY
ar1_residual,Aotizhongxin,14,0.09911133690934504,0.009864821940653787,-0.08924651496869125,0.28125,0.75,POST_HOC_DIAGNOSTIC_ONLY
ar1_residual,Changping,6,0.0909805871333257,0.10108811744274053,0.01010753030941483,0.625,0.40625,POST_HOC_DIAGNOSTIC_ONLY
ar1_residual,Changping,7,0.08118355593820688,0.106179692392152,0.02499613645394512,0.71875,0.3125,POST_HOC_DIAGNOSTIC_ONLY
ar1_residual,Changping,8,0.15464583525178818,0.10670044848248478,-0.047945386769303405,0.21875,0.8125,POST_HOC_DIAGNOSTIC_ONLY
ar1_residual,Changping,9,0.1185524798552777,0.09446072543588122,-0.024091754419396483,0.28125,0.75,POST_HOC_DIAGNOSTIC_ONLY
ar1_residual,Changping,10,0.06505386589621673,0.08301561522048051,0.01796174932426378,0.625,0.40625,POST_HOC_DIAGNOSTIC_ONLY
ar1_residual,Changping,11,0.10999622989894052,0.08193874269795483,-0.028057487200985692,0.375,0.65625,POST_HOC_DIAGNOSTIC_ONLY
ar1_residual,Changping,12,0.11894854148845145,0.07597825543341802,-0.04297028605503343,0.3125,0.71875,POST_HOC_DIAGNOSTIC_ONLY
ar1_residual,Changping,13,0.07919654894717108,0.06744682600018612,-0.011749722946984967,0.46875,0.5625,POST_HOC_DIAGNOSTIC_ONLY
ar1_residual,Changping,14,0.11865294737245605,0.08377330000358141,-0.03487964736887464,0.34375,0.6875,POST_HOC_DIAGNOSTIC_ONLY
ar1_residual,Dingling,6,0.09710537868217659,0.11817714075597428,0.021071762073797698,0.59375,0.4375,POST_HOC_DIAGNOSTIC_ONLY
ar1_residual,Dingling,7,0.13741994403860197,0.09560928650822276,-0.041810657530379214,0.34375,0.6875,POST_HOC_DIAGNOSTIC_ONLY
ar1_residual,Dingling,8,0.1791568875894824,0.08449108528131305,-0.09466580230816934,0.0625,0.96875,POST_HOC_DIAGNOSTIC_ONLY
ar1_residual,Dingling,9,0.08183899920183463,0.0813219424478969,-0.0005170567539377335,0.46875,0.5625,POST_HOC_DIAGNOSTIC_ONLY
ar1_residual,Dingling,10,0.05082228062679052,0.07246740525125162,0.021645124624461096,0.6875,0.34375,POST_HOC_DIAGNOSTIC_ONLY
ar1_residual,Dingling,11,0.10836385144013254,0.05645044728254165,-0.05191340415759089,0.28125,0.75,POST_HOC_DIAGNOSTIC_ONLY
ar1_residual,Dingling,12,0.12135130549103275,0.045485078796965034,-0.07586622669406771,0.15625,0.875,POST_HOC_DIAGNOSTIC_ONLY
ar1_residual,Dingling,13,0.057601110434825936,0.05537500431934975,-0.0022261061154761896,0.4375,0.59375,POST_HOC_DIAGNOSTIC_ONLY
ar1_residual,Dingling,14,0.066966727655712,0.06849877144421544,0.00153204378850344,0.53125,0.5,POST_HOC_DIAGNOSTIC_ONLY
ar1_residual,Dongsi,6,0.11857430450108279,0.11185430053876279,-0.006720003962320004,0.4375,0.59375,POST_HOC_DIAGNOSTIC_ONLY
ar1_residual,Dongsi,7,0.14134637965120986,0.05453508221339343,-0.08681129743781643,0.28125,0.75,POST_HOC_DIAGNOSTIC_ONLY
ar1_residual,Dongsi,8,0.18777808964249582,0.07018265909265228,-0.11759543054984353,0.15625,0.875,POST_HOC_DIAGNOSTIC_ONLY
ar1_residual,Dongsi,9,0.22155679300434367,0.03759346518028584,-0.18396332782405783,0.0625,0.96875,POST_HOC_DIAGNOSTIC_ONLY
ar1_residual,Dongsi,10,0.12744720086918573,0.040537218271645435,-0.08690998259754029,0.21875,0.8125,POST_HOC_DIAGNOSTIC_ONLY
ar1_residual,Dongsi,11,0.11464153436251306,0.04613436616894651,-0.06850716819356656,0.28125,0.75,POST_HOC_DIAGNOSTIC_ONLY
ar1_residual,Dongsi,12,0.1990768341453256,0.05941140407290992,-0.13966543007241566,0.03125,1.0,POST_HOC_DIAGNOSTIC_ONLY
ar1_residual,Dongsi,13,0.1704582301859155,0.0182394608952269,-0.1522187692906886,0.03125,1.0,POST_HOC_DIAGNOSTIC_ONLY
ar1_residual,Dongsi,14,0.19664165218621224,0.04607826769328394,-0.1505633844929283,0.0625,0.96875,POST_HOC_DIAGNOSTIC_ONLY
ar1_residual,Guanyuan,6,0.060597859987225854,0.09199382588270581,0.03139596589547996,0.75,0.28125,POST_HOC_DIAGNOSTIC_ONLY
ar1_residual,Guanyuan,7,0.10990165233674856,0.08826037295702975,-0.02164127937971881,0.375,0.65625,POST_HOC_DIAGNOSTIC_ONLY
ar1_residual,Guanyuan,8,0.1793705176113494,0.06702241225335591,-0.11234810535799349,0.0625,0.96875,POST_HOC_DIAGNOSTIC_ONLY
ar1_residual,Guanyuan,9,0.12954156807443548,0.06707054123702494,-0.06247102683741054,0.25,0.78125,POST_HOC_DIAGNOSTIC_ONLY
ar1_residual,Guanyuan,10,0.035769713168165934,0.06352274660738519,0.027753033439219255,0.65625,0.375,POST_HOC_DIAGNOSTIC_ONLY
ar1_residual,Guanyuan,11,0.023503332655450945,0.05871619999922023,0.035212867343769286,0.6875,0.34375,POST_HOC_DIAGNOSTIC_ONLY
ar1_residual,Guanyuan,12,0.13058003202612725,0.05149847716872314,-0.07908155485740412,0.1875,0.84375,POST_HOC_DIAGNOSTIC_ONLY
ar1_residual,Guanyuan,13,0.0706912133762627,0.04034777672347022,-0.03034343665279248,0.34375,0.6875,POST_HOC_DIAGNOSTIC_ONLY
ar1_residual,Guanyuan,14,0.0818128734731828,0.051967783933860416,-0.02984508953932239,0.375,0.65625,POST_HOC_DIAGNOSTIC_ONLY
ar1_residual,Gucheng,6,0.06794184630283902,0.08177049367980954,0.013828647376970524,0.71875,0.3125,POST_HOC_DIAGNOSTIC_ONLY
ar1_residual,Gucheng,7,0.12020492394111468,0.09680575140085435,-0.023399172540260332,0.375,0.65625,POST_HOC_DIAGNOSTIC_ONLY
ar1_residual,Gucheng,8,0.1453275734251666,0.055644455877134756,-0.08968311754803185,0.1875,0.84375,POST_HOC_DIAGNOSTIC_ONLY
ar1_residual,Gucheng,9,0.12927426750101376,0.058012422664156724,-0.07126184483685703,0.1875,0.84375,POST_HOC_DIAGNOSTIC_ONLY
ar1_residual,Gucheng,10,0.023847573073487626,0.016956559843558237,-0.006891013229929389,0.46875,0.5625,POST_HOC_DIAGNOSTIC_ONLY
ar1_residual,Gucheng,11,0.01004035476437593,0.05513339795933368,0.04509304319495775,0.625,0.40625,POST_HOC_DIAGNOSTIC_ONLY
ar1_residual,Gucheng,12,0.09623984265322404,0.033972966715993654,-0.06226687593723038,0.3125,0.71875,POST_HOC_DIAGNOSTIC_ONLY
ar1_residual,Gucheng,13,0.029637451603203507,0.057808194418832184,0.028170742815628678,0.6875,0.34375,POST_HOC_DIAGNOSTIC_ONLY
ar1_residual,Gucheng,14,0.043280189949557096,0.025414457449871013,-0.017865732499686083,0.5,0.53125,POST_HOC_DIAGNOSTIC_ONLY
ar1_residual,Huairou,6,0.10039049929906779,0.09907758209010815,-0.001312917208959638,0.5,0.53125,POST_HOC_DIAGNOSTIC_ONLY
ar1_residual,Huairou,7,0.08533629193618253,0.06458498767732992,-0.020751304258852604,0.375,0.65625,POST_HOC_DIAGNOSTIC_ONLY
ar1_residual,Huairou,8,0.13922686934910863,0.046926006554098516,-0.09230086279501012,0.125,0.90625,POST_HOC_DIAGNOSTIC_ONLY
ar1_residual,Huairou,9,0.10130858810339888,0.03856351869421449,-0.0627450694091844,0.28125,0.75,POST_HOC_DIAGNOSTIC_ONLY
ar1_residual,Huairou,10,0.08849247246133661,0.032192442441604296,-0.056300030019732314,0.28125,0.75,POST_HOC_DIAGNOSTIC_ONLY
ar1_residual,Huairou,11,0.09576735334987535,0.03954609343072837,-0.05622125991914698,0.21875,0.8125,POST_HOC_DIAGNOSTIC_ONLY
ar1_residual,Huairou,12,0.09151280278603832,0.04112714003980951,-0.05038566274622881,0.28125,0.75,POST_HOC_DIAGNOSTIC_ONLY
ar1_residual,Huairou,13,0.0700409282665393,0.025195651518489397,-0.04484527674804991,0.28125,0.75,POST_HOC_DIAGNOSTIC_ONLY
ar1_residual,Huairou,14,0.07692783986801553,-0.00960703133845048,-0.08653487120646601,0.25,0.78125,POST_HOC_DIAGNOSTIC_ONLY
ar1_residual,Nongzhanguan,6,0.05756190939749703,0.08899996644228697,0.03143805704478994,0.75,0.28125,POST_HOC_DIAGNOSTIC_ONLY
ar1_residual,Nongzhanguan,7,0.11941506288653891,0.05569783004217401,-0.0637172328443649,0.25,0.78125,POST_HOC_DIAGNOSTIC_ONLY
ar1_residual,Nongzhanguan,8,0.12410116029778709,0.062349485467466395,-0.061751674830320694,0.125,0.90625,POST_HOC_DIAGNOSTIC_ONLY
ar1_residual,Nongzhanguan,9,0.14323081793730233,0.02752600536366039,-0.11570481257364194,0.09375,0.9375,POST_HOC_DIAGNOSTIC_ONLY
ar1_residual,Nongzhanguan,10,0.04078388681369541,0.029270536463134655,-0.011513350350560753,0.40625,0.625,POST_HOC_DIAGNOSTIC_ONLY
ar1_residual,Nongzhanguan,11,0.04105844855672605,0.0026278291687268367,-0.038430619387999215,0.28125,0.75,POST_HOC_DIAGNOSTIC_ONLY
ar1_residual,Nongzhanguan,12,0.16557810254838043,0.012049266805106424,-0.153528835743274,0.15625,0.875,POST_HOC_DIAGNOSTIC_ONLY
ar1_residual,Nongzhanguan,13,0.098355731562084,-0.023213485635881066,-0.12156921719796507,0.21875,0.8125,POST_HOC_DIAGNOSTIC_ONLY
ar1_residual,Nongzhanguan,14,0.10506524595771766,-0.017641728458508553,-0.12270697441622622,0.15625,0.875,POST_HOC_DIAGNOSTIC_ONLY
ar1_residual,Shunyi,6,0.11449300468406301,0.14459486130679677,0.030101856622733764,0.625,0.40625,POST_HOC_DIAGNOSTIC_ONLY
ar1_residual,Shunyi,7,0.07999376617622049,0.11682300162702478,0.036829235450804285,0.65625,0.375,POST_HOC_DIAGNOSTIC_ONLY
ar1_residual,Shunyi,8,0.15359065216984344,0.10558125968097201,-0.04800939248887143,0.28125,0.75,POST_HOC_DIAGNOSTIC_ONLY
ar1_residual,Shunyi,9,0.13799885228388803,0.06364528617797145,-0.07435356610591658,0.25,0.78125,POST_HOC_DIAGNOSTIC_ONLY
ar1_residual,Shunyi,10,0.11520307335934471,0.05752773413609251,-0.0576753392232522,0.21875,0.8125,POST_HOC_DIAGNOSTIC_ONLY
ar1_residual,Shunyi,11,0.08723598096341419,0.05058957039339889,-0.036646410570015296,0.375,0.65625,POST_HOC_DIAGNOSTIC_ONLY
ar1_residual,Shunyi,12,0.12777721313566448,0.04556124747254501,-0.08221596566311948,0.21875,0.8125,POST_HOC_DIAGNOSTIC_ONLY
ar1_residual,Shunyi,13,0.08281772468736895,0.045630957582720864,-0.037186767104648084,0.40625,0.625,POST_HOC_DIAGNOSTIC_ONLY
ar1_residual,Shunyi,14,0.08423420582013076,0.055192605682691645,-0.029041600137439116,0.40625,0.625,POST_HOC_DIAGNOSTIC_ONLY
ar1_residual,Tiantan,6,-0.033353973731924696,0.11810313894846813,0.15145711268039283,1.0,0.03125,POST_HOC_DIAGNOSTIC_ONLY
ar1_residual,Tiantan,7,-0.02065985410315172,0.11351684969976798,0.1341767038029197,0.96875,0.0625,POST_HOC_DIAGNOSTIC_ONLY
ar1_residual,Tiantan,8,-0.013742515553074375,0.09521986040427517,0.10896237595734955,0.875,0.15625,POST_HOC_DIAGNOSTIC_ONLY
ar1_residual,Tiantan,9,0.024212271543590257,0.07534300524848514,0.05113073370489488,0.8125,0.21875,POST_HOC_DIAGNOSTIC_ONLY
ar1_residual,Tiantan,10,0.04597576726512829,0.05758557860395257,0.011609811338824279,0.625,0.40625,POST_HOC_DIAGNOSTIC_ONLY
ar1_residual,Tiantan,11,-0.016304215384755925,0.037161916006518046,0.05346613139127397,0.8125,0.21875,POST_HOC_DIAGNOSTIC_ONLY
ar1_residual,Tiantan,12,0.0863447735637619,0.03975071239377083,-0.04659406116999107,0.28125,0.75,POST_HOC_DIAGNOSTIC_ONLY
ar1_residual,Tiantan,13,0.07619563264908795,0.04192568080767311,-0.03426995184141484,0.34375,0.6875,POST_HOC_DIAGNOSTIC_ONLY
ar1_residual,Tiantan,14,0.1021260310878298,0.03901054026804635,-0.06311549081978346,0.28125,0.75,POST_HOC_DIAGNOSTIC_ONLY
ar1_residual,Wanliu,6,0.12762233597435446,0.10480142681462001,-0.022820909159734448,0.375,0.65625,POST_HOC_DIAGNOSTIC_ONLY
ar1_residual,Wanliu,7,0.15031364660000385,0.11147672842663399,-0.03883691817336986,0.28125,0.75,POST_HOC_DIAGNOSTIC_ONLY
ar1_residual,Wanliu,8,0.17778313628861786,0.07229184444288082,-0.10549129184573704,0.09375,0.9375,POST_HOC_DIAGNOSTIC_ONLY
ar1_residual,Wanliu,9,0.20639885581934647,0.08213515078087176,-0.12426370503847471,0.03125,1.0,POST_HOC_DIAGNOSTIC_ONLY
ar1_residual,Wanliu,10,0.1054293648996627,0.04841288852511192,-0.05701647637455078,0.3125,0.71875,POST_HOC_DIAGNOSTIC_ONLY
ar1_residual,Wanliu,11,0.11359421080076365,0.06962170040673227,-0.04397251039403138,0.3125,0.71875,POST_HOC_DIAGNOSTIC_ONLY
ar1_residual,Wanliu,12,0.21237663484533284,0.029787104826753834,-0.182589530018579,0.1875,0.84375,POST_HOC_DIAGNOSTIC_ONLY
ar1_residual,Wanliu,13,0.1609083984766144,0.034575490974235734,-0.12633290750237866,0.09375,0.9375,POST_HOC_DIAGNOSTIC_ONLY
ar1_residual,Wanliu,14,0.17791789225592478,0.05549173147855012,-0.12242616077737466,0.15625,0.875,POST_HOC_DIAGNOSTIC_ONLY
ar1_residual,Wanshouxigong,6,0.015932630070596074,0.10009072814098997,0.0841580980703939,0.875,0.15625,POST_HOC_DIAGNOSTIC_ONLY
ar1_residual,Wanshouxigong,7,0.07099445141142566,0.08828370843456931,0.017289257023143656,0.59375,0.4375,POST_HOC_DIAGNOSTIC_ONLY
ar1_residual,Wanshouxigong,8,0.059221620029466675,0.09708754745855432,0.03786592742908764,0.65625,0.375,POST_HOC_DIAGNOSTIC_ONLY
ar1_residual,Wanshouxigong,9,0.11084753275784492,0.07336429230529075,-0.037483240452554176,0.34375,0.6875,POST_HOC_DIAGNOSTIC_ONLY
ar1_residual,Wanshouxigong,10,0.07577638900388349,0.06861515289908827,-0.0071612361047952156,0.4375,0.59375,POST_HOC_DIAGNOSTIC_ONLY
ar1_residual,Wanshouxigong,11,0.04910877961644294,0.08199566059640305,0.03288688097996011,0.625,0.40625,POST_HOC_DIAGNOSTIC_ONLY
ar1_residual,Wanshouxigong,12,0.14407622996745173,0.06723054162531089,-0.07684568834214084,0.21875,0.8125,POST_HOC_DIAGNOSTIC_ONLY
ar1_residual,Wanshouxigong,13,0.12306121630908796,0.050778709450225556,-0.07228250685886241,0.25,0.78125,POST_HOC_DIAGNOSTIC_ONLY
ar1_residual,Wanshouxigong,14,0.18980995270987125,0.06234589367941512,-0.12746405903045613,0.125,0.90625,POST_HOC_DIAGNOSTIC_ONLY
calendar_demeaned_permutation,Aotizhongxin,6,0.04239856567027825,0.1903258669851918,0.14792730131491355,1.0,0.03125,POST_HOC_DIAGNOSTIC_ONLY
calendar_demeaned_permutation,Aotizhongxin,7,0.05121368162670766,0.20875856830696857,0.1575448866802609,1.0,0.03125,POST_HOC_DIAGNOSTIC_ONLY
calendar_demeaned_permutation,Aotizhongxin,8,0.08523223531221409,0.22634050794056937,0.1411082726283553,0.9375,0.09375,POST_HOC_DIAGNOSTIC_ONLY
calendar_demeaned_permutation,Aotizhongxin,9,0.09032450577931139,0.21630804946496263,0.12598354368565123,1.0,0.03125,POST_HOC_DIAGNOSTIC_ONLY
calendar_demeaned_permutation,Aotizhongxin,10,0.028324471031466982,0.269393351925283,0.24106888089381603,1.0,0.03125,POST_HOC_DIAGNOSTIC_ONLY
calendar_demeaned_permutation,Aotizhongxin,11,0.003981652392786136,0.28724949183622467,0.28326783944343853,1.0,0.03125,POST_HOC_DIAGNOSTIC_ONLY
calendar_demeaned_permutation,Aotizhongxin,12,0.06922958596102723,0.2932839251815279,0.22405433922050066,1.0,0.03125,POST_HOC_DIAGNOSTIC_ONLY
calendar_demeaned_permutation,Aotizhongxin,13,0.037786416000372726,0.28030469648247897,0.24251828048210625,1.0,0.03125,POST_HOC_DIAGNOSTIC_ONLY
calendar_demeaned_permutation,Aotizhongxin,14,0.09911133690934504,0.2809415186975712,0.1818301817882262,1.0,0.03125,POST_HOC_DIAGNOSTIC_ONLY
calendar_demeaned_permutation,Changping,6,0.0909805871333257,0.21776720021197785,0.12678661307865213,1.0,0.03125,POST_HOC_DIAGNOSTIC_ONLY
calendar_demeaned_permutation,Changping,7,0.08118355593820688,0.258767178890207,0.17758362295200014,1.0,0.03125,POST_HOC_DIAGNOSTIC_ONLY
calendar_demeaned_permutation,Changping,8,0.15464583525178818,0.266501821956135,0.1118559867043468,0.96875,0.0625,POST_HOC_DIAGNOSTIC_ONLY
calendar_demeaned_permutation,Changping,9,0.1185524798552777,0.27924950216699385,0.16069702231171615,1.0,0.03125,POST_HOC_DIAGNOSTIC_ONLY
calendar_demeaned_permutation,Changping,10,0.06505386589621673,0.29354437221218793,0.2284905063159712,1.0,0.03125,POST_HOC_DIAGNOSTIC_ONLY
calendar_demeaned_permutation,Changping,11,0.10999622989894052,0.3117917813358893,0.20179555143694877,1.0,0.03125,POST_HOC_DIAGNOSTIC_ONLY
calendar_demeaned_permutation,Changping,12,0.11894854148845145,0.3229692330754808,0.20402069158702935,1.0,0.03125,POST_HOC_DIAGNOSTIC_ONLY
calendar_demeaned_permutation,Changping,13,0.07919654894717108,0.314076155241112,0.2348796062939409,1.0,0.03125,POST_HOC_DIAGNOSTIC_ONLY
calendar_demeaned_permutation,Changping,14,0.11865294737245605,0.30498650235713654,0.1863335549846805,1.0,0.03125,POST_HOC_DIAGNOSTIC_ONLY
calendar_demeaned_permutation,Dingling,6,0.09710537868217659,0.2438302089132849,0.14672483023110833,1.0,0.03125,POST_HOC_DIAGNOSTIC_ONLY
calendar_demeaned_permutation,Dingling,7,0.13741994403860197,0.2649598711508684,0.12753992711226642,1.0,0.03125,POST_HOC_DIAGNOSTIC_ONLY
calendar_demeaned_permutation,Dingling,8,0.1791568875894824,0.2703800160064416,0.09122312841695923,0.96875,0.0625,POST_HOC_DIAGNOSTIC_ONLY
calendar_demeaned_permutation,Dingling,9,0.08183899920183463,0.2847257386323951,0.20288673943056046,1.0,0.03125,POST_HOC_DIAGNOSTIC_ONLY
calendar_demeaned_permutation,Dingling,10,0.05082228062679052,0.3105081355191744,0.2596858548923839,1.0,0.03125,POST_HOC_DIAGNOSTIC_ONLY
calendar_demeaned_permutation,Dingling,11,0.10836385144013254,0.29896179942351964,0.19059794798338708,1.0,0.03125,POST_HOC_DIAGNOSTIC_ONLY
calendar_demeaned_permutation,Dingling,12,0.12135130549103275,0.3109790653064361,0.18962775981540336,1.0,0.03125,POST_HOC_DIAGNOSTIC_ONLY
calendar_demeaned_permutation,Dingling,13,0.057601110434825936,0.31394871224563464,0.25634760181080873,1.0,0.03125,POST_HOC_DIAGNOSTIC_ONLY
calendar_demeaned_permutation,Dingling,14,0.066966727655712,0.2943003740684591,0.22733364641274711,1.0,0.03125,POST_HOC_DIAGNOSTIC_ONLY
calendar_demeaned_permutation,Dongsi,6,0.11857430450108279,0.26339284452192185,0.14481854002083905,1.0,0.03125,POST_HOC_DIAGNOSTIC_ONLY
calendar_demeaned_permutation,Dongsi,7,0.14134637965120986,0.305833927719586,0.16448754806837615,1.0,0.03125,POST_HOC_DIAGNOSTIC_ONLY
calendar_demeaned_permutation,Dongsi,8,0.18777808964249582,0.31353561002603564,0.12575752038353982,1.0,0.03125,POST_HOC_DIAGNOSTIC_ONLY
calendar_demeaned_permutation,Dongsi,9,0.22155679300434367,0.31581150485888404,0.09425471185454037,1.0,0.03125,POST_HOC_DIAGNOSTIC_ONLY
calendar_demeaned_permutation,Dongsi,10,0.12744720086918573,0.33368963188904266,0.20624243101985693,1.0,0.03125,POST_HOC_DIAGNOSTIC_ONLY
calendar_demeaned_permutation,Dongsi,11,0.11464153436251306,0.3616000331570333,0.24695849879452025,1.0,0.03125,POST_HOC_DIAGNOSTIC_ONLY
calendar_demeaned_permutation,Dongsi,12,0.1990768341453256,0.360275729596201,0.16119889545087543,1.0,0.03125,POST_HOC_DIAGNOSTIC_ONLY
calendar_demeaned_permutation,Dongsi,13,0.1704582301859155,0.35433990815223365,0.18388167796631816,1.0,0.03125,POST_HOC_DIAGNOSTIC_ONLY
calendar_demeaned_permutation,Dongsi,14,0.19664165218621224,0.3693311406084161,0.17268948842220386,1.0,0.03125,POST_HOC_DIAGNOSTIC_ONLY
calendar_demeaned_permutation,Guanyuan,6,0.060597859987225854,0.23362808245730196,0.1730302224700761,1.0,0.03125,POST_HOC_DIAGNOSTIC_ONLY
calendar_demeaned_permutation,Guanyuan,7,0.10990165233674856,0.24842064946053807,0.1385189971237895,0.96875,0.0625,POST_HOC_DIAGNOSTIC_ONLY
calendar_demeaned_permutation,Guanyuan,8,0.1793705176113494,0.26314585840501487,0.08377534079366547,0.875,0.15625,POST_HOC_DIAGNOSTIC_ONLY
calendar_demeaned_permutation,Guanyuan,9,0.12954156807443548,0.2701495135630296,0.1406079454885941,1.0,0.03125,POST_HOC_DIAGNOSTIC_ONLY
calendar_demeaned_permutation,Guanyuan,10,0.035769713168165934,0.2940428914829896,0.25827317831482366,1.0,0.03125,POST_HOC_DIAGNOSTIC_ONLY
calendar_demeaned_permutation,Guanyuan,11,0.023503332655450945,0.2827336231924033,0.25923029053695235,1.0,0.03125,POST_HOC_DIAGNOSTIC_ONLY
calendar_demeaned_permutation,Guanyuan,12,0.13058003202612725,0.3023073482018022,0.17172731617567497,0.96875,0.0625,POST_HOC_DIAGNOSTIC_ONLY
calendar_demeaned_permutation,Guanyuan,13,0.0706912133762627,0.28223128534041425,0.21154007196415153,1.0,0.03125,POST_HOC_DIAGNOSTIC_ONLY
calendar_demeaned_permutation,Guanyuan,14,0.0818128734731828,0.30949643980663355,0.22768356633345074,1.0,0.03125,POST_HOC_DIAGNOSTIC_ONLY
calendar_demeaned_permutation,Gucheng,6,0.06794184630283902,0.20982975766656056,0.14188791136372153,1.0,0.03125,POST_HOC_DIAGNOSTIC_ONLY
calendar_demeaned_permutation,Gucheng,7,0.12020492394111468,0.2250513847298633,0.10484646078874862,0.9375,0.09375,POST_HOC_DIAGNOSTIC_ONLY
calendar_demeaned_permutation,Gucheng,8,0.1453275734251666,0.25183011236282465,0.10650253893765804,0.96875,0.0625,POST_HOC_DIAGNOSTIC_ONLY
calendar_demeaned_permutation,Gucheng,9,0.12927426750101376,0.2551236288007557,0.12584936129974192,0.96875,0.0625,POST_HOC_DIAGNOSTIC_ONLY
calendar_demeaned_permutation,Gucheng,10,0.023847573073487626,0.26236078099227556,0.23851320791878794,1.0,0.03125,POST_HOC_DIAGNOSTIC_ONLY
calendar_demeaned_permutation,Gucheng,11,0.01004035476437593,0.277058786311022,0.26701843154664606,1.0,0.03125,POST_HOC_DIAGNOSTIC_ONLY
calendar_demeaned_permutation,Gucheng,12,0.09623984265322404,0.326381427010522,0.23014158435729792,1.0,0.03125,POST_HOC_DIAGNOSTIC_ONLY
calendar_demeaned_permutation,Gucheng,13,0.029637451603203507,0.31807831722584945,0.2884408656226459,1.0,0.03125,POST_HOC_DIAGNOSTIC_ONLY
calendar_demeaned_permutation,Gucheng,14,0.043280189949557096,0.3056410126633971,0.26236082271384,1.0,0.03125,POST_HOC_DIAGNOSTIC_ONLY
calendar_demeaned_permutation,Huairou,6,0.10039049929906779,0.24262372320935113,0.14223322391028334,1.0,0.03125,POST_HOC_DIAGNOSTIC_ONLY
calendar_demeaned_permutation,Huairou,7,0.08533629193618253,0.2452802017248138,0.15994390978863127,1.0,0.03125,POST_HOC_DIAGNOSTIC_ONLY
calendar_demeaned_permutation,Huairou,8,0.13922686934910863,0.2714087904031265,0.13218192105401785,1.0,0.03125,POST_HOC_DIAGNOSTIC_ONLY
calendar_demeaned_permutation,Huairou,9,0.10130858810339888,0.2808803703818989,0.17957178227850001,1.0,0.03125,POST_HOC_DIAGNOSTIC_ONLY
calendar_demeaned_permutation,Huairou,10,0.08849247246133661,0.2963163129807742,0.20782384051943759,1.0,0.03125,POST_HOC_DIAGNOSTIC_ONLY
calendar_demeaned_permutation,Huairou,11,0.09576735334987535,0.3007901405553287,0.20502278720545336,1.0,0.03125,POST_HOC_DIAGNOSTIC_ONLY
calendar_demeaned_permutation,Huairou,12,0.09151280278603832,0.3059335033454353,0.21442070055939697,1.0,0.03125,POST_HOC_DIAGNOSTIC_ONLY
calendar_demeaned_permutation,Huairou,13,0.0700409282665393,0.30843646365786287,0.23839553539132358,1.0,0.03125,POST_HOC_DIAGNOSTIC_ONLY
calendar_demeaned_permutation,Huairou,14,0.07692783986801553,0.3097578744305128,0.23283003456249723,1.0,0.03125,POST_HOC_DIAGNOSTIC_ONLY
calendar_demeaned_permutation,Nongzhanguan,6,0.05756190939749703,0.2157732091299217,0.15821129973242468,1.0,0.03125,POST_HOC_DIAGNOSTIC_ONLY
calendar_demeaned_permutation,Nongzhanguan,7,0.11941506288653891,0.23536512107435825,0.11595005818781934,1.0,0.03125,POST_HOC_DIAGNOSTIC_ONLY
calendar_demeaned_permutation,Nongzhanguan,8,0.12410116029778709,0.24563395215907055,0.12153279186128346,1.0,0.03125,POST_HOC_DIAGNOSTIC_ONLY
calendar_demeaned_permutation,Nongzhanguan,9,0.14323081793730233,0.24559023699761243,0.1023594190603101,1.0,0.03125,POST_HOC_DIAGNOSTIC_ONLY
calendar_demeaned_permutation,Nongzhanguan,10,0.04078388681369541,0.27591925659602623,0.23513536978233082,1.0,0.03125,POST_HOC_DIAGNOSTIC_ONLY
calendar_demeaned_permutation,Nongzhanguan,11,0.04105844855672605,0.26994035875274003,0.22888191019601398,1.0,0.03125,POST_HOC_DIAGNOSTIC_ONLY
calendar_demeaned_permutation,Nongzhanguan,12,0.16557810254838043,0.287830989058933,0.12225288651055258,1.0,0.03125,POST_HOC_DIAGNOSTIC_ONLY
calendar_demeaned_permutation,Nongzhanguan,13,0.098355731562084,0.3145930017287169,0.2162372701666329,1.0,0.03125,POST_HOC_DIAGNOSTIC_ONLY
calendar_demeaned_permutation,Nongzhanguan,14,0.10506524595771766,0.30160645422714594,0.19654120826942828,1.0,0.03125,POST_HOC_DIAGNOSTIC_ONLY
calendar_demeaned_permutation,Shunyi,6,0.11449300468406301,0.24706135012798042,0.1325683454439174,1.0,0.03125,POST_HOC_DIAGNOSTIC_ONLY
calendar_demeaned_permutation,Shunyi,7,0.07999376617622049,0.2787021883117774,0.1987084221355569,1.0,0.03125,POST_HOC_DIAGNOSTIC_ONLY
calendar_demeaned_permutation,Shunyi,8,0.15359065216984344,0.28867572985242107,0.13508507768257763,1.0,0.03125,POST_HOC_DIAGNOSTIC_ONLY
calendar_demeaned_permutation,Shunyi,9,0.13799885228388803,0.28625281285483184,0.1482539605709438,0.96875,0.0625,POST_HOC_DIAGNOSTIC_ONLY
calendar_demeaned_permutation,Shunyi,10,0.11520307335934471,0.323858275831023,0.2086552024716783,1.0,0.03125,POST_HOC_DIAGNOSTIC_ONLY
calendar_demeaned_permutation,Shunyi,11,0.08723598096341419,0.3093753207291904,0.2221393397657762,1.0,0.03125,POST_HOC_DIAGNOSTIC_ONLY
calendar_demeaned_permutation,Shunyi,12,0.12777721313566448,0.3243523599983297,0.1965751468626652,1.0,0.03125,POST_HOC_DIAGNOSTIC_ONLY
calendar_demeaned_permutation,Shunyi,13,0.08281772468736895,0.3111790916761452,0.22836136698877627,1.0,0.03125,POST_HOC_DIAGNOSTIC_ONLY
calendar_demeaned_permutation,Shunyi,14,0.08423420582013076,0.31078067777754415,0.2265464719574134,1.0,0.03125,POST_HOC_DIAGNOSTIC_ONLY
calendar_demeaned_permutation,Tiantan,6,-0.033353973731924696,0.17921230414470893,0.21256627787663362,1.0,0.03125,POST_HOC_DIAGNOSTIC_ONLY
calendar_demeaned_permutation,Tiantan,7,-0.02065985410315172,0.18400646341095353,0.20466631751410524,1.0,0.03125,POST_HOC_DIAGNOSTIC_ONLY
calendar_demeaned_permutation,Tiantan,8,-0.013742515553074375,0.19427712687721696,0.20801964243029133,1.0,0.03125,POST_HOC_DIAGNOSTIC_ONLY
calendar_demeaned_permutation,Tiantan,9,0.024212271543590257,0.22434090040936316,0.2001286288657729,1.0,0.03125,POST_HOC_DIAGNOSTIC_ONLY
calendar_demeaned_permutation,Tiantan,10,0.04597576726512829,0.19551055243220697,0.1495347851670787,1.0,0.03125,POST_HOC_DIAGNOSTIC_ONLY
calendar_demeaned_permutation,Tiantan,11,-0.016304215384755925,0.23599963559901144,0.25230385098376734,1.0,0.03125,POST_HOC_DIAGNOSTIC_ONLY
calendar_demeaned_permutation,Tiantan,12,0.0863447735637619,0.24933935380217562,0.16299458023841373,0.96875,0.0625,POST_HOC_DIAGNOSTIC_ONLY
calendar_demeaned_permutation,Tiantan,13,0.07619563264908795,0.22550810527864315,0.14931247262955522,0.96875,0.0625,POST_HOC_DIAGNOSTIC_ONLY
calendar_demeaned_permutation,Tiantan,14,0.1021260310878298,0.23540432819233278,0.13327829710450298,0.96875,0.0625,POST_HOC_DIAGNOSTIC_ONLY
calendar_demeaned_permutation,Wanliu,6,0.12762233597435446,0.28096692242889265,0.1533445864545382,1.0,0.03125,POST_HOC_DIAGNOSTIC_ONLY
calendar_demeaned_permutation,Wanliu,7,0.15031364660000385,0.29876010166745837,0.14844645506745452,1.0,0.03125,POST_HOC_DIAGNOSTIC_ONLY
calendar_demeaned_permutation,Wanliu,8,0.17778313628861786,0.3271983092560526,0.14941517296743473,1.0,0.03125,POST_HOC_DIAGNOSTIC_ONLY
calendar_demeaned_permutation,Wanliu,9,0.20639885581934647,0.3460177023143999,0.1396188464950534,1.0,0.03125,POST_HOC_DIAGNOSTIC_ONLY
calendar_demeaned_permutation,Wanliu,10,0.1054293648996627,0.3642992765136556,0.2588699116139929,1.0,0.03125,POST_HOC_DIAGNOSTIC_ONLY
calendar_demeaned_permutation,Wanliu,11,0.11359421080076365,0.3679198716117239,0.25432566081096025,1.0,0.03125,POST_HOC_DIAGNOSTIC_ONLY
calendar_demeaned_permutation,Wanliu,12,0.21237663484533284,0.36572955651267897,0.15335292166734613,1.0,0.03125,POST_HOC_DIAGNOSTIC_ONLY
calendar_demeaned_permutation,Wanliu,13,0.1609083984766144,0.3879057861380717,0.2269973876614573,1.0,0.03125,POST_HOC_DIAGNOSTIC_ONLY
calendar_demeaned_permutation,Wanliu,14,0.17791789225592478,0.36799806997059464,0.19008017771466987,1.0,0.03125,POST_HOC_DIAGNOSTIC_ONLY
calendar_demeaned_permutation,Wanshouxigong,6,0.015932630070596074,0.19221571547350091,0.17628308540290483,1.0,0.03125,POST_HOC_DIAGNOSTIC_ONLY
calendar_demeaned_permutation,Wanshouxigong,7,0.07099445141142566,0.2252719178587009,0.15427746644727525,1.0,0.03125,POST_HOC_DIAGNOSTIC_ONLY
calendar_demeaned_permutation,Wanshouxigong,8,0.059221620029466675,0.23530010960779196,0.17607848957832528,0.96875,0.0625,POST_HOC_DIAGNOSTIC_ONLY
calendar_demeaned_permutation,Wanshouxigong,9,0.11084753275784492,0.24336216417374698,0.13251463141590206,0.90625,0.125,POST_HOC_DIAGNOSTIC_ONLY
calendar_demeaned_permutation,Wanshouxigong,10,0.07577638900388349,0.25422074700626146,0.17844435800237796,1.0,0.03125,POST_HOC_DIAGNOSTIC_ONLY
calendar_demeaned_permutation,Wanshouxigong,11,0.04910877961644294,0.2561344397300091,0.20702566011356616,1.0,0.03125,POST_HOC_DIAGNOSTIC_ONLY
calendar_demeaned_permutation,Wanshouxigong,12,0.14407622996745173,0.30350250541262286,0.15942627544517113,1.0,0.03125,POST_HOC_DIAGNOSTIC_ONLY
calendar_demeaned_permutation,Wanshouxigong,13,0.12306121630908796,0.2878592032928346,0.16479798698374665,0.96875,0.0625,POST_HOC_DIAGNOSTIC_ONLY
calendar_demeaned_permutation,Wanshouxigong,14,0.18980995270987125,0.3017990945462495,0.11198914183637823,0.9375,0.09375,POST_HOC_DIAGNOSTIC_ONLY
short_3d_block_permutation,Aotizhongxin,6,0.04239856567027825,0.1085591611601685,0.06616059548989026,0.90625,0.125,POST_HOC_DIAGNOSTIC_ONLY
short_3d_block_permutation,Aotizhongxin,7,0.05121368162670766,0.10014262836414224,0.04892894673743458,0.78125,0.25,POST_HOC_DIAGNOSTIC_ONLY
short_3d_block_permutation,Aotizhongxin,8,0.08523223531221409,0.08970263897247116,0.004470403660257069,0.59375,0.4375,POST_HOC_DIAGNOSTIC_ONLY
short_3d_block_permutation,Aotizhongxin,9,0.09032450577931139,0.1248620884642256,0.034537582684914206,0.71875,0.3125,POST_HOC_DIAGNOSTIC_ONLY
short_3d_block_permutation,Aotizhongxin,10,0.028324471031466982,0.15084763145929245,0.12252316042782546,0.9375,0.09375,POST_HOC_DIAGNOSTIC_ONLY
short_3d_block_permutation,Aotizhongxin,11,0.003981652392786136,0.144417825727911,0.14043617333512487,0.96875,0.0625,POST_HOC_DIAGNOSTIC_ONLY
short_3d_block_permutation,Aotizhongxin,12,0.06922958596102723,0.17922466886270402,0.1099950829016768,0.9375,0.09375,POST_HOC_DIAGNOSTIC_ONLY
short_3d_block_permutation,Aotizhongxin,13,0.037786416000372726,0.1721101784384684,0.13432376243809568,0.96875,0.0625,POST_HOC_DIAGNOSTIC_ONLY
short_3d_block_permutation,Aotizhongxin,14,0.09911133690934504,0.1703216460187015,0.07121030910935647,0.875,0.15625,POST_HOC_DIAGNOSTIC_ONLY
short_3d_block_permutation,Changping,6,0.0909805871333257,0.15229816702464385,0.061317579891318155,0.9375,0.09375,POST_HOC_DIAGNOSTIC_ONLY
short_3d_block_permutation,Changping,7,0.08118355593820688,0.12664728844330694,0.045463732505100066,0.71875,0.3125,POST_HOC_DIAGNOSTIC_ONLY
short_3d_block_permutation,Changping,8,0.15464583525178818,0.11944184796909332,-0.03520398728269486,0.40625,0.625,POST_HOC_DIAGNOSTIC_ONLY
short_3d_block_permutation,Changping,9,0.1185524798552777,0.13603693770974248,0.017484457854464786,0.71875,0.3125,POST_HOC_DIAGNOSTIC_ONLY
short_3d_block_permutation,Changping,10,0.06505386589621673,0.14589251658500474,0.08083865068878801,0.90625,0.125,POST_HOC_DIAGNOSTIC_ONLY
short_3d_block_permutation,Changping,11,0.10999622989894052,0.15335852733829214,0.04336229743935162,0.75,0.28125,POST_HOC_DIAGNOSTIC_ONLY
short_3d_block_permutation,Changping,12,0.11894854148845145,0.16235207021826534,0.04340352872981389,0.78125,0.25,POST_HOC_DIAGNOSTIC_ONLY
short_3d_block_permutation,Changping,13,0.07919654894717108,0.16000978768749993,0.08081323874032885,0.90625,0.125,POST_HOC_DIAGNOSTIC_ONLY
short_3d_block_permutation,Changping,14,0.11865294737245605,0.162549827775105,0.04389688040264894,0.8125,0.21875,POST_HOC_DIAGNOSTIC_ONLY
short_3d_block_permutation,Dingling,6,0.09710537868217659,0.15615310733088691,0.05904772864871033,0.90625,0.125,POST_HOC_DIAGNOSTIC_ONLY
short_3d_block_permutation,Dingling,7,0.13741994403860197,0.15724832995151677,0.019828385912914803,0.625,0.40625,POST_HOC_DIAGNOSTIC_ONLY
short_3d_block_permutation,Dingling,8,0.1791568875894824,0.17263823585756083,-0.006518651731921565,0.4375,0.59375,POST_HOC_DIAGNOSTIC_ONLY
short_3d_block_permutation,Dingling,9,0.08183899920183463,0.19085055920733843,0.1090115600055038,0.96875,0.0625,POST_HOC_DIAGNOSTIC_ONLY
short_3d_block_permutation,Dingling,10,0.05082228062679052,0.1898058915205659,0.13898361089377537,1.0,0.03125,POST_HOC_DIAGNOSTIC_ONLY
short_3d_block_permutation,Dingling,11,0.10836385144013254,0.216110893774883,0.10774704233475045,1.0,0.03125,POST_HOC_DIAGNOSTIC_ONLY
short_3d_block_permutation,Dingling,12,0.12135130549103275,0.19021637603035993,0.06886507053932718,0.875,0.15625,POST_HOC_DIAGNOSTIC_ONLY
short_3d_block_permutation,Dingling,13,0.057601110434825936,0.21708597757641715,0.1594848671415912,0.96875,0.0625,POST_HOC_DIAGNOSTIC_ONLY
short_3d_block_permutation,Dingling,14,0.066966727655712,0.18850516412207505,0.12153843646636305,0.96875,0.0625,POST_HOC_DIAGNOSTIC_ONLY
short_3d_block_permutation,Dongsi,6,0.11857430450108279,0.191228306919943,0.0726540024188602,0.96875,0.0625,POST_HOC_DIAGNOSTIC_ONLY
short_3d_block_permutation,Dongsi,7,0.14134637965120986,0.2051664218577819,0.06382004220657203,0.75,0.28125,POST_HOC_DIAGNOSTIC_ONLY
short_3d_block_permutation,Dongsi,8,0.18777808964249582,0.20967085717790365,0.021892767535407837,0.75,0.28125,POST_HOC_DIAGNOSTIC_ONLY
short_3d_block_permutation,Dongsi,9,0.22155679300434367,0.21315843515140337,-0.008398357852940297,0.5,0.53125,POST_HOC_DIAGNOSTIC_ONLY
short_3d_block_permutation,Dongsi,10,0.12744720086918573,0.22366486341950734,0.0962176625503216,0.96875,0.0625,POST_HOC_DIAGNOSTIC_ONLY
short_3d_block_permutation,Dongsi,11,0.11464153436251306,0.22269682930848353,0.10805529494597046,0.90625,0.125,POST_HOC_DIAGNOSTIC_ONLY
short_3d_block_permutation,Dongsi,12,0.1990768341453256,0.23305650385914062,0.033979669713815025,0.71875,0.3125,POST_HOC_DIAGNOSTIC_ONLY
short_3d_block_permutation,Dongsi,13,0.1704582301859155,0.2588356681000679,0.08837743791415242,0.8125,0.21875,POST_HOC_DIAGNOSTIC_ONLY
short_3d_block_permutation,Dongsi,14,0.19664165218621224,0.24669130565714129,0.050049653470929045,0.6875,0.34375,POST_HOC_DIAGNOSTIC_ONLY
short_3d_block_permutation,Guanyuan,6,0.060597859987225854,0.1533176015936959,0.09271974160647004,1.0,0.03125,POST_HOC_DIAGNOSTIC_ONLY
short_3d_block_permutation,Guanyuan,7,0.10990165233674856,0.17596603743888242,0.06606438510213386,0.75,0.28125,POST_HOC_DIAGNOSTIC_ONLY
short_3d_block_permutation,Guanyuan,8,0.1793705176113494,0.18784113963777255,0.008470622026423152,0.53125,0.5,POST_HOC_DIAGNOSTIC_ONLY
short_3d_block_permutation,Guanyuan,9,0.12954156807443548,0.1839181234117659,0.05437655533733041,0.84375,0.1875,POST_HOC_DIAGNOSTIC_ONLY
short_3d_block_permutation,Guanyuan,10,0.035769713168165934,0.19375475411986756,0.15798504095170163,1.0,0.03125,POST_HOC_DIAGNOSTIC_ONLY
short_3d_block_permutation,Guanyuan,11,0.023503332655450945,0.16772620918118694,0.144222876525736,0.96875,0.0625,POST_HOC_DIAGNOSTIC_ONLY
short_3d_block_permutation,Guanyuan,12,0.13058003202612725,0.193714989266008,0.06313495723988075,0.78125,0.25,POST_HOC_DIAGNOSTIC_ONLY
short_3d_block_permutation,Guanyuan,13,0.0706912133762627,0.19978895617218115,0.12909774279591846,0.9375,0.09375,POST_HOC_DIAGNOSTIC_ONLY
short_3d_block_permutation,Guanyuan,14,0.0818128734731828,0.165644718035858,0.0838318445626752,0.96875,0.0625,POST_HOC_DIAGNOSTIC_ONLY
short_3d_block_permutation,Gucheng,6,0.06794184630283902,0.15747767842838922,0.0895358321255502,0.90625,0.125,POST_HOC_DIAGNOSTIC_ONLY
short_3d_block_permutation,Gucheng,7,0.12020492394111468,0.12130175150767729,0.001096827566562611,0.53125,0.5,POST_HOC_DIAGNOSTIC_ONLY
short_3d_block_permutation,Gucheng,8,0.1453275734251666,0.13337418294403358,-0.01195339048113303,0.4375,0.59375,POST_HOC_DIAGNOSTIC_ONLY
short_3d_block_permutation,Gucheng,9,0.12927426750101376,0.15813324426944408,0.028858976768430328,0.59375,0.4375,POST_HOC_DIAGNOSTIC_ONLY
short_3d_block_permutation,Gucheng,10,0.023847573073487626,0.1443554794097859,0.12050790633629828,0.9375,0.09375,POST_HOC_DIAGNOSTIC_ONLY
short_3d_block_permutation,Gucheng,11,0.01004035476437593,0.16301802281590475,0.15297766805152882,0.96875,0.0625,POST_HOC_DIAGNOSTIC_ONLY
short_3d_block_permutation,Gucheng,12,0.09623984265322404,0.16613487712796166,0.06989503447473762,0.875,0.15625,POST_HOC_DIAGNOSTIC_ONLY
short_3d_block_permutation,Gucheng,13,0.029637451603203507,0.1524469546869126,0.1228095030837091,0.90625,0.125,POST_HOC_DIAGNOSTIC_ONLY
short_3d_block_permutation,Gucheng,14,0.043280189949557096,0.1316364850994637,0.08835629514990662,0.90625,0.125,POST_HOC_DIAGNOSTIC_ONLY
short_3d_block_permutation,Huairou,6,0.10039049929906779,0.14611318498941864,0.045722685690350845,0.84375,0.1875,POST_HOC_DIAGNOSTIC_ONLY
short_3d_block_permutation,Huairou,7,0.08533629193618253,0.11816563366619962,0.032829341730017086,0.78125,0.25,POST_HOC_DIAGNOSTIC_ONLY
short_3d_block_permutation,Huairou,8,0.13922686934910863,0.1386955182943209,-0.0005313510547877431,0.5,0.53125,POST_HOC_DIAGNOSTIC_ONLY
short_3d_block_permutation,Huairou,9,0.10130858810339888,0.14941220406859387,0.048103615965194996,0.8125,0.21875,POST_HOC_DIAGNOSTIC_ONLY
short_3d_block_permutation,Huairou,10,0.08849247246133661,0.1676652214192699,0.07917274895793329,0.875,0.15625,POST_HOC_DIAGNOSTIC_ONLY
short_3d_block_permutation,Huairou,11,0.09576735334987535,0.1988996084137631,0.10313225506388776,0.9375,0.09375,POST_HOC_DIAGNOSTIC_ONLY
short_3d_block_permutation,Huairou,12,0.09151280278603832,0.21298022425061616,0.12146742146457784,0.90625,0.125,POST_HOC_DIAGNOSTIC_ONLY
short_3d_block_permutation,Huairou,13,0.0700409282665393,0.21971397164084366,0.14967304337430437,1.0,0.03125,POST_HOC_DIAGNOSTIC_ONLY
short_3d_block_permutation,Huairou,14,0.07692783986801553,0.20387716531617667,0.12694932544816112,0.96875,0.0625,POST_HOC_DIAGNOSTIC_ONLY
short_3d_block_permutation,Nongzhanguan,6,0.05756190939749703,0.13422726502453186,0.07666535562703483,0.96875,0.0625,POST_HOC_DIAGNOSTIC_ONLY
short_3d_block_permutation,Nongzhanguan,7,0.11941506288653891,0.14934414742024385,0.029929084533704936,0.625,0.40625,POST_HOC_DIAGNOSTIC_ONLY
short_3d_block_permutation,Nongzhanguan,8,0.12410116029778709,0.16490015279886738,0.040798992501080295,0.625,0.40625,POST_HOC_DIAGNOSTIC_ONLY
short_3d_block_permutation,Nongzhanguan,9,0.14323081793730233,0.175419861852884,0.03218904391558167,0.625,0.40625,POST_HOC_DIAGNOSTIC_ONLY
short_3d_block_permutation,Nongzhanguan,10,0.04078388681369541,0.19232863626706928,0.15154474945337387,1.0,0.03125,POST_HOC_DIAGNOSTIC_ONLY
short_3d_block_permutation,Nongzhanguan,11,0.04105844855672605,0.1837978931311525,0.14273944457442644,0.9375,0.09375,POST_HOC_DIAGNOSTIC_ONLY
short_3d_block_permutation,Nongzhanguan,12,0.16557810254838043,0.1914908139644799,0.025912711416099465,0.65625,0.375,POST_HOC_DIAGNOSTIC_ONLY
short_3d_block_permutation,Nongzhanguan,13,0.098355731562084,0.21256104147963445,0.11420530991755044,0.875,0.15625,POST_HOC_DIAGNOSTIC_ONLY
short_3d_block_permutation,Nongzhanguan,14,0.10506524595771766,0.21093585728502567,0.10587061132730802,0.84375,0.1875,POST_HOC_DIAGNOSTIC_ONLY
short_3d_block_permutation,Shunyi,6,0.11449300468406301,0.1529157960870064,0.038422791402943385,0.8125,0.21875,POST_HOC_DIAGNOSTIC_ONLY
short_3d_block_permutation,Shunyi,7,0.07999376617622049,0.16432041974945824,0.08432665357323775,0.8125,0.21875,POST_HOC_DIAGNOSTIC_ONLY
short_3d_block_permutation,Shunyi,8,0.15359065216984344,0.16845144875052512,0.014860796580681679,0.65625,0.375,POST_HOC_DIAGNOSTIC_ONLY
short_3d_block_permutation,Shunyi,9,0.13799885228388803,0.16050290435112236,0.022504052067234326,0.78125,0.25,POST_HOC_DIAGNOSTIC_ONLY
short_3d_block_permutation,Shunyi,10,0.11520307335934471,0.17467627507253478,0.059473201713190066,0.8125,0.21875,POST_HOC_DIAGNOSTIC_ONLY
short_3d_block_permutation,Shunyi,11,0.08723598096341419,0.2130903111366069,0.1258543301731927,0.90625,0.125,POST_HOC_DIAGNOSTIC_ONLY
short_3d_block_permutation,Shunyi,12,0.12777721313566448,0.19096887303109125,0.06319165989542677,0.78125,0.25,POST_HOC_DIAGNOSTIC_ONLY
short_3d_block_permutation,Shunyi,13,0.08281772468736895,0.20980096247146215,0.1269832377840932,0.96875,0.0625,POST_HOC_DIAGNOSTIC_ONLY
short_3d_block_permutation,Shunyi,14,0.08423420582013076,0.2037170431174566,0.11948283729732583,0.90625,0.125,POST_HOC_DIAGNOSTIC_ONLY
short_3d_block_permutation,Tiantan,6,-0.033353973731924696,0.10255686915006847,0.13591084288199318,0.96875,0.0625,POST_HOC_DIAGNOSTIC_ONLY
short_3d_block_permutation,Tiantan,7,-0.02065985410315172,0.07399134198753396,0.09465119609068567,0.9375,0.09375,POST_HOC_DIAGNOSTIC_ONLY
short_3d_block_permutation,Tiantan,8,-0.013742515553074375,0.10507408300524769,0.11881659855832206,0.9375,0.09375,POST_HOC_DIAGNOSTIC_ONLY
short_3d_block_permutation,Tiantan,9,0.024212271543590257,0.10320018142655898,0.07898790988296872,0.90625,0.125,POST_HOC_DIAGNOSTIC_ONLY
short_3d_block_permutation,Tiantan,10,0.04597576726512829,0.10341170288115896,0.05743593561603067,0.84375,0.1875,POST_HOC_DIAGNOSTIC_ONLY
short_3d_block_permutation,Tiantan,11,-0.016304215384755925,0.1413039171719941,0.15760813255675002,1.0,0.03125,POST_HOC_DIAGNOSTIC_ONLY
short_3d_block_permutation,Tiantan,12,0.0863447735637619,0.1707616253063465,0.0844168517425846,0.78125,0.25,POST_HOC_DIAGNOSTIC_ONLY
short_3d_block_permutation,Tiantan,13,0.07619563264908795,0.13833634948072387,0.062140716831635925,0.875,0.15625,POST_HOC_DIAGNOSTIC_ONLY
short_3d_block_permutation,Tiantan,14,0.1021260310878298,0.17072596063167716,0.06859992954384736,0.78125,0.25,POST_HOC_DIAGNOSTIC_ONLY
short_3d_block_permutation,Wanliu,6,0.12762233597435446,0.18545009794108958,0.057827761966735114,0.9375,0.09375,POST_HOC_DIAGNOSTIC_ONLY
short_3d_block_permutation,Wanliu,7,0.15031364660000385,0.20412652526510097,0.053812878665097125,0.90625,0.125,POST_HOC_DIAGNOSTIC_ONLY
short_3d_block_permutation,Wanliu,8,0.17778313628861786,0.20399020307042237,0.02620706678180451,0.84375,0.1875,POST_HOC_DIAGNOSTIC_ONLY
short_3d_block_permutation,Wanliu,9,0.20639885581934647,0.22347242834776818,0.017073572528421704,0.65625,0.375,POST_HOC_DIAGNOSTIC_ONLY
short_3d_block_permutation,Wanliu,10,0.1054293648996627,0.21367694876258003,0.10824758386291733,1.0,0.03125,POST_HOC_DIAGNOSTIC_ONLY
short_3d_block_permutation,Wanliu,11,0.11359421080076365,0.22450531676593882,0.11091110596517517,1.0,0.03125,POST_HOC_DIAGNOSTIC_ONLY
short_3d_block_permutation,Wanliu,12,0.21237663484533284,0.2491159202071463,0.03673928536181345,0.84375,0.1875,POST_HOC_DIAGNOSTIC_ONLY
short_3d_block_permutation,Wanliu,13,0.1609083984766144,0.26426289320626584,0.10335449472965144,0.90625,0.125,POST_HOC_DIAGNOSTIC_ONLY
short_3d_block_permutation,Wanliu,14,0.17791789225592478,0.25048836570318683,0.07257047344726206,0.78125,0.25,POST_HOC_DIAGNOSTIC_ONLY
short_3d_block_permutation,Wanshouxigong,6,0.015932630070596074,0.1272805197885952,0.11134788971799912,0.96875,0.0625,POST_HOC_DIAGNOSTIC_ONLY
short_3d_block_permutation,Wanshouxigong,7,0.07099445141142566,0.11103999527255223,0.040045543861126576,0.8125,0.21875,POST_HOC_DIAGNOSTIC_ONLY
short_3d_block_permutation,Wanshouxigong,8,0.059221620029466675,0.09875119298256607,0.0395295729530994,0.8125,0.21875,POST_HOC_DIAGNOSTIC_ONLY
short_3d_block_permutation,Wanshouxigong,9,0.11084753275784492,0.09142756070708055,-0.019419972050764372,0.4375,0.59375,POST_HOC_DIAGNOSTIC_ONLY
short_3d_block_permutation,Wanshouxigong,10,0.07577638900388349,0.10529454971112474,0.029518160707241253,0.84375,0.1875,POST_HOC_DIAGNOSTIC_ONLY
short_3d_block_permutation,Wanshouxigong,11,0.04910877961644294,0.11808812522309489,0.06897934560665195,0.875,0.15625,POST_HOC_DIAGNOSTIC_ONLY
short_3d_block_permutation,Wanshouxigong,12,0.14407622996745173,0.15155060012723395,0.007474370159782223,0.5625,0.46875,POST_HOC_DIAGNOSTIC_ONLY
short_3d_block_permutation,Wanshouxigong,13,0.12306121630908796,0.1265656497506611,0.0035044334415731265,0.5625,0.46875,POST_HOC_DIAGNOSTIC_ONLY
short_3d_block_permutation,Wanshouxigong,14,0.18980995270987125,0.13600153576825996,-0.05380841694161129,0.1875,0.84375,POST_HOC_DIAGNOSTIC_ONLY
