station,N,phase,registered_v021_phase,observed_score,null_median,signed_effect,lower_tail_local_p,month_boundary_crossings,trailing_days_dropped,status
Aotizhongxin,6,0,True,0.04239856567027825,0.1919546849344719,-0.14955611926419365,0.015625,39,3,REGISTERED
Aotizhongxin,6,1,False,0.0930550512791227,0.18942652215556638,-0.09637147087644368,0.03125,40,2,POST_HOC_DIAGNOSTIC_ONLY
Aotizhongxin,6,2,False,0.09438075495486077,0.19876476919131,-0.10438401423644923,0.0703125,40,1,POST_HOC_DIAGNOSTIC_ONLY
Aotizhongxin,6,3,False,-0.021966724179291606,0.18988302629567164,-0.21184975047496324,0.0078125,40,0,POST_HOC_DIAGNOSTIC_ONLY
Aotizhongxin,6,4,False,0.01579082400569326,0.19042685792139563,-0.17463603391570237,0.0078125,39,5,POST_HOC_DIAGNOSTIC_ONLY
Aotizhongxin,6,5,False,0.045556007792703225,0.19672133998837027,-0.15116533219566705,0.0234375,37,4,POST_HOC_DIAGNOSTIC_ONLY
Changping,6,0,True,0.0909805871333257,0.21567636814881563,-0.12469578101548993,0.0078125,39,3,REGISTERED
Changping,6,1,False,0.1421329987203209,0.2231806798137432,-0.08104768109342231,0.078125,40,2,POST_HOC_DIAGNOSTIC_ONLY
Changping,6,2,False,0.10894487299676978,0.2314691294600698,-0.12252425646330004,0.03125,40,1,POST_HOC_DIAGNOSTIC_ONLY
Changping,6,3,False,-0.03041606142501847,0.22919254831046118,-0.25960860973547967,0.0078125,40,0,POST_HOC_DIAGNOSTIC_ONLY
Changping,6,4,False,0.012264348720418209,0.2194650759703805,-0.2072007272499623,0.0078125,39,5,POST_HOC_DIAGNOSTIC_ONLY
Changping,6,5,False,0.04618664871181887,0.21823123950849477,-0.1720445907966759,0.0078125,37,4,POST_HOC_DIAGNOSTIC_ONLY
Dingling,6,0,True,0.09710537868217659,0.2535917905257804,-0.15648641184360382,0.0078125,39,3,REGISTERED
Dingling,6,1,False,0.16051527742575908,0.25863034598402096,-0.09811506855826188,0.03125,40,2,POST_HOC_DIAGNOSTIC_ONLY
Dingling,6,2,False,0.13994717020408734,0.2478341879816917,-0.10788701777760437,0.0234375,40,1,POST_HOC_DIAGNOSTIC_ONLY
Dingling,6,3,False,0.007090602758475451,0.2497206158676791,-0.24263001310920365,0.0078125,40,0,POST_HOC_DIAGNOSTIC_ONLY
Dingling,6,4,False,0.049207152337677924,0.2436125557447536,-0.19440540340707568,0.0078125,39,5,POST_HOC_DIAGNOSTIC_ONLY
Dingling,6,5,False,0.06773683398879167,0.24394893059708248,-0.1762120966082908,0.0078125,37,4,POST_HOC_DIAGNOSTIC_ONLY
Dongsi,6,0,True,0.11857430450108279,0.2655871909268978,-0.147012886425815,0.0078125,39,3,REGISTERED
Dongsi,6,1,False,0.16360084704978423,0.2675842275313591,-0.10398338048157485,0.0703125,40,2,POST_HOC_DIAGNOSTIC_ONLY
Dongsi,6,2,False,0.14426746630499865,0.2752142116354879,-0.13094674533048928,0.0078125,40,1,POST_HOC_DIAGNOSTIC_ONLY
Dongsi,6,3,False,0.06486984937580861,0.2681325299267657,-0.20326268055095706,0.0078125,40,0,POST_HOC_DIAGNOSTIC_ONLY
Dongsi,6,4,False,0.11747898555978052,0.26300968939434965,-0.14553070383456912,0.015625,39,5,POST_HOC_DIAGNOSTIC_ONLY
Dongsi,6,5,False,0.11260805699332015,0.26139879752446094,-0.14879074053114077,0.0078125,37,4,POST_HOC_DIAGNOSTIC_ONLY
Guanyuan,6,0,True,0.060597859987225854,0.22126584258801457,-0.1606679826007887,0.0078125,39,3,REGISTERED
Guanyuan,6,1,False,0.12731269118698252,0.22486442770127685,-0.09755173651429433,0.0390625,40,2,POST_HOC_DIAGNOSTIC_ONLY
Guanyuan,6,2,False,0.1255002156941028,0.22504649010458205,-0.09954627441047925,0.046875,40,1,POST_HOC_DIAGNOSTIC_ONLY
Guanyuan,6,3,False,0.04577739967008148,0.21903081453293402,-0.17325341486285253,0.0078125,40,0,POST_HOC_DIAGNOSTIC_ONLY
Guanyuan,6,4,False,0.05365678150038919,0.2163627430437964,-0.16270596154340722,0.0078125,39,5,POST_HOC_DIAGNOSTIC_ONLY
Guanyuan,6,5,False,0.048746141174080784,0.21512134385490295,-0.16637520268082218,0.0078125,37,4,POST_HOC_DIAGNOSTIC_ONLY
Gucheng,6,0,True,0.06794184630283902,0.21657854198073448,-0.14863669567789545,0.015625,39,3,REGISTERED
Gucheng,6,1,False,0.12441025200004106,0.21833241665001135,-0.09392216464997029,0.0625,40,2,POST_HOC_DIAGNOSTIC_ONLY
Gucheng,6,2,False,0.12388798783489235,0.2172298473079288,-0.09334185947303644,0.046875,40,1,POST_HOC_DIAGNOSTIC_ONLY
Gucheng,6,3,False,0.04492006032627329,0.21040966197659738,-0.1654896016503241,0.0078125,40,0,POST_HOC_DIAGNOSTIC_ONLY
Gucheng,6,4,False,0.05161594750455371,0.21024259359008915,-0.15862664608553545,0.0078125,39,5,POST_HOC_DIAGNOSTIC_ONLY
Gucheng,6,5,False,0.05074620886730298,0.21016641972531952,-0.15942021085801655,0.0078125,37,4,POST_HOC_DIAGNOSTIC_ONLY
Huairou,6,0,True,0.10039049929906779,0.23033273335666707,-0.12994223405759928,0.0234375,39,3,REGISTERED
Huairou,6,1,False,0.1561347381113563,0.228899958598737,-0.07276522048738068,0.109375,40,2,POST_HOC_DIAGNOSTIC_ONLY
Huairou,6,2,False,0.16975133439543894,0.22407657502250813,-0.0543252406270692,0.1640625,40,1,POST_HOC_DIAGNOSTIC_ONLY
Huairou,6,3,False,-0.02384750229053241,0.2347863947766047,-0.25863389706713713,0.0078125,40,0,POST_HOC_DIAGNOSTIC_ONLY
Huairou,6,4,False,0.024995622961668535,0.24123744972082192,-0.21624182675915338,0.0078125,39,5,POST_HOC_DIAGNOSTIC_ONLY
Huairou,6,5,False,0.07112948375835201,0.22163329228952025,-0.15050380853116824,0.015625,37,4,POST_HOC_DIAGNOSTIC_ONLY
Nongzhanguan,6,0,True,0.05756190939749703,0.22255543899376054,-0.1649935295962635,0.015625,39,3,REGISTERED
Nongzhanguan,6,1,False,0.1380992437050629,0.22498001538426862,-0.08688077167920571,0.0625,40,2,POST_HOC_DIAGNOSTIC_ONLY
Nongzhanguan,6,2,False,0.12803917602190676,0.22003752806088703,-0.09199835203898027,0.0546875,40,1,POST_HOC_DIAGNOSTIC_ONLY
Nongzhanguan,6,3,False,0.07618891717956122,0.22533115521610525,-0.14914223803654403,0.015625,40,0,POST_HOC_DIAGNOSTIC_ONLY
Nongzhanguan,6,4,False,0.07492677780116512,0.21566198322079566,-0.14073520541963053,0.0078125,39,5,POST_HOC_DIAGNOSTIC_ONLY
Nongzhanguan,6,5,False,0.07465496438780246,0.2227428100497094,-0.14808784566190691,0.015625,37,4,POST_HOC_DIAGNOSTIC_ONLY
Shunyi,6,0,True,0.11449300468406301,0.236956797720001,-0.12246379303593799,0.0234375,39,3,REGISTERED
Shunyi,6,1,False,0.14849563237706934,0.236458179855325,-0.08796254747825566,0.0703125,40,2,POST_HOC_DIAGNOSTIC_ONLY
Shunyi,6,2,False,0.15416538983771558,0.24966341264921865,-0.09549802281150307,0.0703125,40,1,POST_HOC_DIAGNOSTIC_ONLY
Shunyi,6,3,False,0.011383467650542017,0.24355804264039854,-0.23217457498985652,0.0078125,40,0,POST_HOC_DIAGNOSTIC_ONLY
Shunyi,6,4,False,0.026110164808963346,0.23923453325772015,-0.21312436844875682,0.0078125,39,5,POST_HOC_DIAGNOSTIC_ONLY
Shunyi,6,5,False,0.06608725004393888,0.24071877064691707,-0.1746315206029782,0.0078125,37,4,POST_HOC_DIAGNOSTIC_ONLY
Tiantan,6,0,True,-0.033353973731924696,0.1809552691385893,-0.214309242870514,0.0078125,39,3,REGISTERED
Tiantan,6,1,False,0.05697179438161966,0.1695985909062891,-0.11262679652466943,0.015625,40,2,POST_HOC_DIAGNOSTIC_ONLY
Tiantan,6,2,False,0.021944065247623455,0.16729442675557704,-0.14535036150795358,0.0078125,40,1,POST_HOC_DIAGNOSTIC_ONLY
Tiantan,6,3,False,-0.06556361316524126,0.1681540734353141,-0.23371768660055536,0.0078125,40,0,POST_HOC_DIAGNOSTIC_ONLY
Tiantan,6,4,False,-0.05695683077867264,0.17536226803412758,-0.23231909881280022,0.0078125,39,5,POST_HOC_DIAGNOSTIC_ONLY
Tiantan,6,5,False,0.01289492961265272,0.1797140155110598,-0.1668190858984071,0.0078125,37,4,POST_HOC_DIAGNOSTIC_ONLY
Wanliu,6,0,True,0.12762233597435446,0.2688859156732408,-0.14126357969888637,0.0078125,39,3,REGISTERED
Wanliu,6,1,False,0.18730502175109637,0.2614073436491552,-0.07410232189805882,0.0546875,40,2,POST_HOC_DIAGNOSTIC_ONLY
Wanliu,6,2,False,0.1365039014828879,0.27224802844260615,-0.13574412695971824,0.0078125,40,1,POST_HOC_DIAGNOSTIC_ONLY
Wanliu,6,3,False,0.04633141028435034,0.27795805757017905,-0.2316266472858287,0.0078125,40,0,POST_HOC_DIAGNOSTIC_ONLY
Wanliu,6,4,False,0.07246553671761427,0.28261340588933326,-0.210147869171719,0.0078125,39,5,POST_HOC_DIAGNOSTIC_ONLY
Wanliu,6,5,False,0.10685723065095887,0.27116083677333525,-0.16430360612237638,0.0078125,37,4,POST_HOC_DIAGNOSTIC_ONLY
Wanshouxigong,6,0,True,0.015932630070596074,0.18150375368382937,-0.16557112361323328,0.0078125,39,3,REGISTERED
Wanshouxigong,6,1,False,0.05166597667375298,0.1893930412149644,-0.13772706454121142,0.0078125,40,2,POST_HOC_DIAGNOSTIC_ONLY
Wanshouxigong,6,2,False,0.05464316609578949,0.17463854642766796,-0.11999538033187848,0.0234375,40,1,POST_HOC_DIAGNOSTIC_ONLY
Wanshouxigong,6,3,False,-0.03695750334751941,0.17924428094959158,-0.21620178429711098,0.0078125,40,0,POST_HOC_DIAGNOSTIC_ONLY
Wanshouxigong,6,4,False,0.00957200869815139,0.182696407871229,-0.17312439917307762,0.0078125,39,5,POST_HOC_DIAGNOSTIC_ONLY
Wanshouxigong,6,5,False,0.06685565443331648,0.187963700210158,-0.12110804577684153,0.015625,37,4,POST_HOC_DIAGNOSTIC_ONLY
Aotizhongxin,7,0,True,0.05121368162670766,0.21077590053761314,-0.15956221891090547,0.0078125,41,5,REGISTERED
Aotizhongxin,7,1,False,0.053221212382327465,0.21710171250320529,-0.16388050012087782,0.0078125,41,4,POST_HOC_DIAGNOSTIC_ONLY
Aotizhongxin,7,2,False,0.04590058458245013,0.21205849824973713,-0.166157913667287,0.0078125,39,3,POST_HOC_DIAGNOSTIC_ONLY
Aotizhongxin,7,3,False,0.02261303118165763,0.20551601882674933,-0.1829029876450917,0.0078125,40,2,POST_HOC_DIAGNOSTIC_ONLY
Aotizhongxin,7,4,False,0.09178386515581254,0.21259679172449475,-0.12081292656868221,0.03125,40,1,POST_HOC_DIAGNOSTIC_ONLY
Aotizhongxin,7,5,False,0.11613760954891271,0.21866745777246197,-0.10252984822354926,0.0390625,40,0,POST_HOC_DIAGNOSTIC_ONLY
Aotizhongxin,7,6,False,0.025702993622225574,0.21445063407338452,-0.18874764045115894,0.0078125,41,6,POST_HOC_DIAGNOSTIC_ONLY
Changping,7,0,True,0.08118355593820688,0.2431010206471469,-0.16191746470894003,0.0078125,41,5,REGISTERED
Changping,7,1,False,0.06539833846315876,0.23848265344600061,-0.17308431498284185,0.015625,41,4,POST_HOC_DIAGNOSTIC_ONLY
Changping,7,2,False,0.07160458485088632,0.23643765887330204,-0.1648330740224157,0.0078125,39,3,POST_HOC_DIAGNOSTIC_ONLY
Changping,7,3,False,0.049251780696489444,0.2513429439938363,-0.20209116329734683,0.0078125,40,2,POST_HOC_DIAGNOSTIC_ONLY
Changping,7,4,False,0.08830444280371405,0.2499171468132822,-0.16161270400956815,0.015625,40,1,POST_HOC_DIAGNOSTIC_ONLY
Changping,7,5,False,0.14969705558359178,0.24949945359932763,-0.09980239801573584,0.078125,40,0,POST_HOC_DIAGNOSTIC_ONLY
Changping,7,6,False,0.08547204026255975,0.24887246158015566,-0.1634004213175959,0.015625,41,6,POST_HOC_DIAGNOSTIC_ONLY
Dingling,7,0,True,0.13741994403860197,0.2629988334720255,-0.12557888943342355,0.0234375,41,5,REGISTERED
Dingling,7,1,False,0.09100039474888831,0.2606873065778607,-0.1696869118289724,0.0078125,41,4,POST_HOC_DIAGNOSTIC_ONLY
Dingling,7,2,False,0.06743933702169645,0.25618049169813967,-0.1887411546764432,0.0078125,39,3,POST_HOC_DIAGNOSTIC_ONLY
Dingling,7,3,False,0.03957157858805565,0.26568346069542176,-0.2261118821073661,0.015625,40,2,POST_HOC_DIAGNOSTIC_ONLY
Dingling,7,4,False,0.10518542860977119,0.25892984726696927,-0.15374441865719807,0.015625,40,1,POST_HOC_DIAGNOSTIC_ONLY
Dingling,7,5,False,0.17301510662858147,0.26959271251919437,-0.0965776058906129,0.0546875,40,0,POST_HOC_DIAGNOSTIC_ONLY
Dingling,7,6,False,0.10068956712120858,0.2775048657577584,-0.17681529863654982,0.015625,41,6,POST_HOC_DIAGNOSTIC_ONLY
Dongsi,7,0,True,0.14134637965120986,0.2842504224037612,-0.14290404275255134,0.015625,41,5,REGISTERED
Dongsi,7,1,False,0.140509963287662,0.2766443511166933,-0.13613438782903128,0.0234375,41,4,POST_HOC_DIAGNOSTIC_ONLY
Dongsi,7,2,False,0.12770519866744418,0.2886876009808158,-0.16098240231337163,0.015625,39,3,POST_HOC_DIAGNOSTIC_ONLY
Dongsi,7,3,False,0.11330272762279399,0.2951790514533122,-0.18187632383051822,0.0078125,40,2,POST_HOC_DIAGNOSTIC_ONLY
Dongsi,7,4,False,0.16914624936720699,0.28652434409636285,-0.11737809472915586,0.0234375,40,1,POST_HOC_DIAGNOSTIC_ONLY
Dongsi,7,5,False,0.17546316156139388,0.2852394519892872,-0.1097762904278933,0.0234375,40,0,POST_HOC_DIAGNOSTIC_ONLY
Dongsi,7,6,False,0.1227423844602775,0.2887929784666459,-0.1660505940063684,0.0078125,41,6,POST_HOC_DIAGNOSTIC_ONLY
Guanyuan,7,0,True,0.10990165233674856,0.2394765942751888,-0.12957494193844024,0.015625,41,5,REGISTERED
Guanyuan,7,1,False,0.09336052065045689,0.24058561480906923,-0.14722509415861235,0.0078125,41,4,POST_HOC_DIAGNOSTIC_ONLY
Guanyuan,7,2,False,0.07892459507013933,0.24743247640030294,-0.16850788133016362,0.0078125,39,3,POST_HOC_DIAGNOSTIC_ONLY
Guanyuan,7,3,False,0.03331925881272597,0.2452416602407712,-0.21192240142804525,0.0078125,40,2,POST_HOC_DIAGNOSTIC_ONLY
Guanyuan,7,4,False,0.11600773305545559,0.2407288805781771,-0.12472114752272151,0.015625,40,1,POST_HOC_DIAGNOSTIC_ONLY
Guanyuan,7,5,False,0.1448839448759743,0.24546008232676728,-0.10057613745079297,0.03125,40,0,POST_HOC_DIAGNOSTIC_ONLY
Guanyuan,7,6,False,0.12113540119139522,0.24546608914972456,-0.12433068795832934,0.015625,41,6,POST_HOC_DIAGNOSTIC_ONLY
Gucheng,7,0,True,0.12020492394111468,0.23472318114656707,-0.11451825720545239,0.03125,41,5,REGISTERED
Gucheng,7,1,False,0.07388721519066759,0.23136780206265015,-0.15748058687198258,0.0078125,41,4,POST_HOC_DIAGNOSTIC_ONLY
Gucheng,7,2,False,0.05930117429540336,0.22587002681560436,-0.166568852520201,0.015625,39,3,POST_HOC_DIAGNOSTIC_ONLY
Gucheng,7,3,False,0.020249520472658947,0.22670746019009838,-0.20645793971743942,0.0078125,40,2,POST_HOC_DIAGNOSTIC_ONLY
Gucheng,7,4,False,0.10337204095988894,0.2292536072409919,-0.12588156628110295,0.015625,40,1,POST_HOC_DIAGNOSTIC_ONLY
Gucheng,7,5,False,0.13316013684360947,0.23707907898526454,-0.10391894214165506,0.03125,40,0,POST_HOC_DIAGNOSTIC_ONLY
Gucheng,7,6,False,0.09846397924133576,0.2392144254011231,-0.14075044615978732,0.0234375,41,6,POST_HOC_DIAGNOSTIC_ONLY
Huairou,7,0,True,0.08533629193618253,0.23923889908859838,-0.15390260715241585,0.0234375,41,5,REGISTERED
Huairou,7,1,False,0.06005091064901848,0.24708001589068893,-0.18702910524167043,0.0078125,41,4,POST_HOC_DIAGNOSTIC_ONLY
Huairou,7,2,False,0.07327479816363681,0.24517562582258481,-0.17190082765894799,0.0078125,39,3,POST_HOC_DIAGNOSTIC_ONLY
Huairou,7,3,False,0.06618993235475515,0.24945917855224717,-0.18326924619749202,0.015625,40,2,POST_HOC_DIAGNOSTIC_ONLY
Huairou,7,4,False,0.12050746712739098,0.25245564587354513,-0.13194817874615417,0.0078125,40,1,POST_HOC_DIAGNOSTIC_ONLY
Huairou,7,5,False,0.134841973844466,0.24784124374370714,-0.11299926989924114,0.0390625,40,0,POST_HOC_DIAGNOSTIC_ONLY
Huairou,7,6,False,0.13366666544920325,0.23967450921607267,-0.10600784376686942,0.0390625,41,6,POST_HOC_DIAGNOSTIC_ONLY
Nongzhanguan,7,0,True,0.11941506288653891,0.24831429919313527,-0.12889923630659636,0.03125,41,5,REGISTERED
Nongzhanguan,7,1,False,0.09395301702274311,0.23618192157848666,-0.14222890455574355,0.0234375,41,4,POST_HOC_DIAGNOSTIC_ONLY
Nongzhanguan,7,2,False,0.04995200144597187,0.2379848485839618,-0.18803284713798993,0.0078125,39,3,POST_HOC_DIAGNOSTIC_ONLY
Nongzhanguan,7,3,False,0.03244717870796136,0.23846317954142854,-0.20601600083346716,0.0078125,40,2,POST_HOC_DIAGNOSTIC_ONLY
Nongzhanguan,7,4,False,0.13224595220484042,0.23215996353805518,-0.09991401133321476,0.03125,40,1,POST_HOC_DIAGNOSTIC_ONLY
Nongzhanguan,7,5,False,0.19682512430822308,0.24093301398332595,-0.044107889675102874,0.2421875,40,0,POST_HOC_DIAGNOSTIC_ONLY
Nongzhanguan,7,6,False,0.16479626084085125,0.24395085772983072,-0.07915459688897947,0.0859375,41,6,POST_HOC_DIAGNOSTIC_ONLY
Shunyi,7,0,True,0.07999376617622049,0.25820694649711606,-0.17821318032089556,0.0078125,41,5,REGISTERED
Shunyi,7,1,False,0.07062161862887473,0.26811576469274684,-0.1974941460638721,0.0078125,41,4,POST_HOC_DIAGNOSTIC_ONLY
Shunyi,7,2,False,0.0683896773964548,0.25918141445275933,-0.19079173705630453,0.0078125,39,3,POST_HOC_DIAGNOSTIC_ONLY
Shunyi,7,3,False,0.07450300046370247,0.2605437487231169,-0.18604074825941447,0.0078125,40,2,POST_HOC_DIAGNOSTIC_ONLY
Shunyi,7,4,False,0.15567212661121077,0.2619328940252221,-0.1062607674140113,0.0390625,40,1,POST_HOC_DIAGNOSTIC_ONLY
Shunyi,7,5,False,0.1843378001910822,0.252554234474231,-0.06821643428314877,0.09375,40,0,POST_HOC_DIAGNOSTIC_ONLY
Shunyi,7,6,False,0.09767285798662742,0.2604718001634758,-0.1627989421768484,0.0078125,41,6,POST_HOC_DIAGNOSTIC_ONLY
Tiantan,7,0,True,-0.02065985410315172,0.19243533252905368,-0.2130951866322054,0.0078125,41,5,REGISTERED
Tiantan,7,1,False,-0.025751525787439257,0.1880801495620153,-0.21383167534945455,0.0078125,41,4,POST_HOC_DIAGNOSTIC_ONLY
Tiantan,7,2,False,-0.029321924524487248,0.18669681781030345,-0.2160187423347907,0.0078125,39,3,POST_HOC_DIAGNOSTIC_ONLY
Tiantan,7,3,False,0.035736670253583,0.17863265039355342,-0.1428959801399704,0.015625,40,2,POST_HOC_DIAGNOSTIC_ONLY
Tiantan,7,4,False,0.01659095223558793,0.17914174667909666,-0.16255079444350873,0.0078125,40,1,POST_HOC_DIAGNOSTIC_ONLY
Tiantan,7,5,False,0.0030528975744713183,0.18590696844706062,-0.18285407087258929,0.015625,40,0,POST_HOC_DIAGNOSTIC_ONLY
Tiantan,7,6,False,-0.034011524137561824,0.2049424791515285,-0.23895400328909033,0.0078125,41,6,POST_HOC_DIAGNOSTIC_ONLY
Wanliu,7,0,True,0.15031364660000385,0.3061757953745399,-0.15586214877453608,0.015625,41,5,REGISTERED
Wanliu,7,1,False,0.1234589067618358,0.3047040521529396,-0.1812451453911038,0.0078125,41,4,POST_HOC_DIAGNOSTIC_ONLY
Wanliu,7,2,False,0.11245867098360737,0.3082221457477449,-0.19576347476413755,0.0078125,39,3,POST_HOC_DIAGNOSTIC_ONLY
Wanliu,7,3,False,0.06658798693205943,0.30864537938283565,-0.24205739245077623,0.0078125,40,2,POST_HOC_DIAGNOSTIC_ONLY
Wanliu,7,4,False,0.15368334189412972,0.30048498763387366,-0.14680164573974394,0.015625,40,1,POST_HOC_DIAGNOSTIC_ONLY
Wanliu,7,5,False,0.19462246443963427,0.29522574432126314,-0.10060327988162887,0.0234375,40,0,POST_HOC_DIAGNOSTIC_ONLY
Wanliu,7,6,False,0.16197709487094517,0.304606241043779,-0.14262914617283382,0.0078125,41,6,POST_HOC_DIAGNOSTIC_ONLY
Wanshouxigong,7,0,True,0.07099445141142566,0.19526587748299568,-0.12427142607157002,0.0234375,41,5,REGISTERED
Wanshouxigong,7,1,False,0.045016172861349714,0.18978961067054095,-0.14477343780919125,0.0078125,41,4,POST_HOC_DIAGNOSTIC_ONLY
Wanshouxigong,7,2,False,0.021970734010123602,0.20102813342246428,-0.17905739941234067,0.0078125,39,3,POST_HOC_DIAGNOSTIC_ONLY
Wanshouxigong,7,3,False,0.0013844509123296387,0.20863160676585923,-0.2072471558535296,0.0078125,40,2,POST_HOC_DIAGNOSTIC_ONLY
Wanshouxigong,7,4,False,0.05616149891620095,0.2046499102469622,-0.14848841133076124,0.015625,40,1,POST_HOC_DIAGNOSTIC_ONLY
Wanshouxigong,7,5,False,0.049197748956088555,0.20209585144956504,-0.1528981024934765,0.0078125,40,0,POST_HOC_DIAGNOSTIC_ONLY
Wanshouxigong,7,6,False,0.06658105457434443,0.19652178929335629,-0.12994073471901185,0.015625,41,6,POST_HOC_DIAGNOSTIC_ONLY
Aotizhongxin,8,0,True,0.08523223531221409,0.2333554092153114,-0.14812317390309732,0.0078125,42,5,REGISTERED
Aotizhongxin,8,1,False,0.06769335211550813,0.23125084363094423,-0.16355749151543608,0.0078125,41,4,POST_HOC_DIAGNOSTIC_ONLY
Aotizhongxin,8,2,False,0.09423222079697775,0.22685410018248106,-0.1326218793855033,0.015625,39,3,POST_HOC_DIAGNOSTIC_ONLY
Aotizhongxin,8,3,False,0.040529861631100124,0.22498154400323708,-0.18445168237213697,0.0078125,42,2,POST_HOC_DIAGNOSTIC_ONLY
Aotizhongxin,8,4,False,0.04606325547359319,0.2278374918744144,-0.18177423640082122,0.015625,42,1,POST_HOC_DIAGNOSTIC_ONLY
Aotizhongxin,8,5,False,0.07393742160144137,0.23610997875091197,-0.1621725571494706,0.0078125,40,0,POST_HOC_DIAGNOSTIC_ONLY
Aotizhongxin,8,6,False,0.0643213491827933,0.23680618084487368,-0.1724848316620804,0.015625,42,7,POST_HOC_DIAGNOSTIC_ONLY
Aotizhongxin,8,7,False,0.07067737504544747,0.23980431847708167,-0.1691269434316342,0.015625,41,6,POST_HOC_DIAGNOSTIC_ONLY
Changping,8,0,True,0.15464583525178818,0.2634299466580692,-0.108784111406281,0.0625,42,5,REGISTERED
Changping,8,1,False,0.1224667729186781,0.26501473779570195,-0.14254796487702387,0.015625,41,4,POST_HOC_DIAGNOSTIC_ONLY
Changping,8,2,False,0.13958426592965856,0.26009205860247897,-0.12050779267282041,0.0703125,39,3,POST_HOC_DIAGNOSTIC_ONLY
Changping,8,3,False,0.07493648438618596,0.25770019527625215,-0.1827637108900662,0.0078125,42,2,POST_HOC_DIAGNOSTIC_ONLY
Changping,8,4,False,0.08196409921454512,0.2555883209274367,-0.1736242217128916,0.0078125,42,1,POST_HOC_DIAGNOSTIC_ONLY
Changping,8,5,False,0.05495468427737793,0.26376351714689106,-0.20880883286951313,0.0078125,40,0,POST_HOC_DIAGNOSTIC_ONLY
Changping,8,6,False,0.079482245336338,0.271639785612313,-0.19215754027597498,0.0078125,42,7,POST_HOC_DIAGNOSTIC_ONLY
Changping,8,7,False,0.14001004036869116,0.2611126281307817,-0.12110258776209051,0.0390625,41,6,POST_HOC_DIAGNOSTIC_ONLY
Dingling,8,0,True,0.1791568875894824,0.2799898605351979,-0.10083297294571553,0.0625,42,5,REGISTERED
Dingling,8,1,False,0.1686098305725655,0.2829484890813217,-0.11433865850875619,0.0390625,41,4,POST_HOC_DIAGNOSTIC_ONLY
Dingling,8,2,False,0.14912683192804937,0.27770850522381146,-0.1285816732957621,0.0234375,39,3,POST_HOC_DIAGNOSTIC_ONLY
Dingling,8,3,False,0.07014229815935616,0.2829462213919636,-0.21280392323260747,0.0078125,42,2,POST_HOC_DIAGNOSTIC_ONLY
Dingling,8,4,False,0.10827106134367284,0.28035187156059227,-0.17208081021691943,0.0078125,42,1,POST_HOC_DIAGNOSTIC_ONLY
Dingling,8,5,False,0.049819038956194966,0.2686509067526875,-0.21883186779649252,0.0078125,40,0,POST_HOC_DIAGNOSTIC_ONLY
Dingling,8,6,False,0.0022948754266325653,0.27874078229326993,-0.27644590686663734,0.0078125,42,7,POST_HOC_DIAGNOSTIC_ONLY
Dingling,8,7,False,0.12546825245045137,0.2793921653748166,-0.15392391292436522,0.0078125,41,6,POST_HOC_DIAGNOSTIC_ONLY
Dongsi,8,0,True,0.18777808964249582,0.31581444174452344,-0.12803635210202763,0.0390625,42,5,REGISTERED
Dongsi,8,1,False,0.18917860094357514,0.31146120760198226,-0.12228260665840712,0.046875,41,4,POST_HOC_DIAGNOSTIC_ONLY
Dongsi,8,2,False,0.21130860637364726,0.30560346297607555,-0.09429485660242828,0.078125,39,3,POST_HOC_DIAGNOSTIC_ONLY
Dongsi,8,3,False,0.16898721116237905,0.30671054505319456,-0.1377233338908155,0.0234375,42,2,POST_HOC_DIAGNOSTIC_ONLY
Dongsi,8,4,False,0.13519512146250576,0.30150754654865514,-0.16631242508614938,0.0078125,42,1,POST_HOC_DIAGNOSTIC_ONLY
Dongsi,8,5,False,0.1417642341816987,0.29787370728995566,-0.15610947310825696,0.0078125,40,0,POST_HOC_DIAGNOSTIC_ONLY
Dongsi,8,6,False,0.11669825881417693,0.3077971742238295,-0.19109891540965257,0.0078125,42,7,POST_HOC_DIAGNOSTIC_ONLY
Dongsi,8,7,False,0.16000727655914893,0.3090292436047516,-0.14902196704560267,0.0390625,41,6,POST_HOC_DIAGNOSTIC_ONLY
Guanyuan,8,0,True,0.1793705176113494,0.253668789758734,-0.07429827214738463,0.09375,42,5,REGISTERED
Guanyuan,8,1,False,0.15817472913084143,0.2588698426732714,-0.10069511354242996,0.046875,41,4,POST_HOC_DIAGNOSTIC_ONLY
Guanyuan,8,2,False,0.15470023040996145,0.2573375675984469,-0.10263733718848544,0.03125,39,3,POST_HOC_DIAGNOSTIC_ONLY
Guanyuan,8,3,False,0.09647289626382113,0.2538098603577245,-0.15733696409390338,0.0078125,42,2,POST_HOC_DIAGNOSTIC_ONLY
Guanyuan,8,4,False,0.0991452628018426,0.2632652705986693,-0.16412000779682667,0.0078125,42,1,POST_HOC_DIAGNOSTIC_ONLY
Guanyuan,8,5,False,0.08562162842128046,0.26376788127554185,-0.1781462528542614,0.0078125,40,0,POST_HOC_DIAGNOSTIC_ONLY
Guanyuan,8,6,False,0.06112862433100874,0.27101782886446696,-0.20988920453345822,0.0078125,42,7,POST_HOC_DIAGNOSTIC_ONLY
Guanyuan,8,7,False,0.13262415933766616,0.2573451220093002,-0.12472096267163404,0.0390625,41,6,POST_HOC_DIAGNOSTIC_ONLY
Gucheng,8,0,True,0.1453275734251666,0.251573588063645,-0.10624601463847838,0.0859375,42,5,REGISTERED
Gucheng,8,1,False,0.09170212220420808,0.25698401237242596,-0.16528189016821787,0.015625,41,4,POST_HOC_DIAGNOSTIC_ONLY
Gucheng,8,2,False,0.11831726831026357,0.24804824301314946,-0.1297309747028859,0.0390625,39,3,POST_HOC_DIAGNOSTIC_ONLY
Gucheng,8,3,False,0.0782199979709076,0.24836131150601048,-0.17014131353510287,0.015625,42,2,POST_HOC_DIAGNOSTIC_ONLY
Gucheng,8,4,False,0.10236886830049714,0.2520948650794475,-0.14972599677895038,0.015625,42,1,POST_HOC_DIAGNOSTIC_ONLY
Gucheng,8,5,False,0.10319604797367632,0.24711726222183508,-0.14392121424815876,0.015625,40,0,POST_HOC_DIAGNOSTIC_ONLY
Gucheng,8,6,False,0.0803400800188114,0.25071423746091426,-0.17037415744210285,0.0234375,42,7,POST_HOC_DIAGNOSTIC_ONLY
Gucheng,8,7,False,0.11907800000466484,0.2522069235645922,-0.13312892355992734,0.0234375,41,6,POST_HOC_DIAGNOSTIC_ONLY
Huairou,8,0,True,0.13922686934910863,0.2625465552860084,-0.12331968593689976,0.0234375,42,5,REGISTERED
Huairou,8,1,False,0.13646050171837548,0.2545900113155986,-0.11812950959722313,0.0390625,41,4,POST_HOC_DIAGNOSTIC_ONLY
Huairou,8,2,False,0.15738004919004409,0.26344895830283527,-0.10606890911279118,0.0859375,39,3,POST_HOC_DIAGNOSTIC_ONLY
Huairou,8,3,False,0.05318932200267227,0.27046262190270143,-0.21727329990002917,0.0078125,42,2,POST_HOC_DIAGNOSTIC_ONLY
Huairou,8,4,False,0.0867453500740676,0.26651370939937125,-0.17976835932530366,0.0078125,42,1,POST_HOC_DIAGNOSTIC_ONLY
Huairou,8,5,False,0.07269991582510472,0.2655847487037549,-0.19288483287865021,0.0078125,40,0,POST_HOC_DIAGNOSTIC_ONLY
Huairou,8,6,False,0.0638364098682644,0.2717695635337527,-0.2079331536654883,0.0078125,42,7,POST_HOC_DIAGNOSTIC_ONLY
Huairou,8,7,False,0.08731778430264348,0.2619901335426476,-0.17467234924000413,0.0078125,41,6,POST_HOC_DIAGNOSTIC_ONLY
Nongzhanguan,8,0,True,0.12410116029778709,0.25029486654552224,-0.12619370624773515,0.015625,42,5,REGISTERED
Nongzhanguan,8,1,False,0.13522821999926912,0.25486926375033103,-0.11964104375106191,0.0078125,41,4,POST_HOC_DIAGNOSTIC_ONLY
Nongzhanguan,8,2,False,0.17082407512102082,0.2562843055020872,-0.08546023038106637,0.1171875,39,3,POST_HOC_DIAGNOSTIC_ONLY
Nongzhanguan,8,3,False,0.14413474678798607,0.24979227940641174,-0.10565753261842567,0.0546875,42,2,POST_HOC_DIAGNOSTIC_ONLY
Nongzhanguan,8,4,False,0.1373043388000689,0.25854364290662546,-0.12123930410655656,0.0546875,42,1,POST_HOC_DIAGNOSTIC_ONLY
Nongzhanguan,8,5,False,0.10650836605684241,0.2551713633462809,-0.14866299728943846,0.03125,40,0,POST_HOC_DIAGNOSTIC_ONLY
Nongzhanguan,8,6,False,0.06794923491183075,0.25528314756162557,-0.18733391264979482,0.015625,42,7,POST_HOC_DIAGNOSTIC_ONLY
Nongzhanguan,8,7,False,0.13501767946854226,0.2610800208472758,-0.1260623413787335,0.015625,41,6,POST_HOC_DIAGNOSTIC_ONLY
Shunyi,8,0,True,0.15359065216984344,0.28637963640077363,-0.1327889842309302,0.015625,42,5,REGISTERED
Shunyi,8,1,False,0.14992850043260403,0.27722274485872545,-0.12729424442612142,0.0234375,41,4,POST_HOC_DIAGNOSTIC_ONLY
Shunyi,8,2,False,0.1818123706415514,0.2824398684836643,-0.10062749784211292,0.0625,39,3,POST_HOC_DIAGNOSTIC_ONLY
Shunyi,8,3,False,0.11578948185744926,0.2823802387072063,-0.16659075684975705,0.0078125,42,2,POST_HOC_DIAGNOSTIC_ONLY
Shunyi,8,4,False,0.10869815215565344,0.28375406570546347,-0.17505591354981004,0.0234375,42,1,POST_HOC_DIAGNOSTIC_ONLY
Shunyi,8,5,False,0.09110458068850825,0.28909841239338324,-0.197993831704875,0.0078125,40,0,POST_HOC_DIAGNOSTIC_ONLY
Shunyi,8,6,False,0.06215714658911421,0.2709171372429035,-0.2087599906537893,0.0078125,42,7,POST_HOC_DIAGNOSTIC_ONLY
Shunyi,8,7,False,0.10331001902890086,0.27396513334485073,-0.17065511431594987,0.0078125,41,6,POST_HOC_DIAGNOSTIC_ONLY
Tiantan,8,0,True,-0.013742515553074375,0.19742686136106077,-0.21116937691413515,0.0078125,42,5,REGISTERED
Tiantan,8,1,False,0.10545296848198996,0.1922857641605358,-0.08683279567854585,0.0625,41,4,POST_HOC_DIAGNOSTIC_ONLY
Tiantan,8,2,False,0.0786672696256676,0.20301129242736266,-0.12434402280169506,0.046875,39,3,POST_HOC_DIAGNOSTIC_ONLY
Tiantan,8,3,False,0.022428801141556078,0.19955838094876271,-0.17712957980720664,0.015625,42,2,POST_HOC_DIAGNOSTIC_ONLY
Tiantan,8,4,False,0.006362990884000311,0.19890213546151428,-0.19253914457751398,0.015625,42,1,POST_HOC_DIAGNOSTIC_ONLY
Tiantan,8,5,False,-0.034002372164750265,0.19694692190015192,-0.2309492940649022,0.0078125,40,0,POST_HOC_DIAGNOSTIC_ONLY
Tiantan,8,6,False,-0.06011283031871095,0.1999933583954385,-0.2601061887141495,0.0078125,42,7,POST_HOC_DIAGNOSTIC_ONLY
Tiantan,8,7,False,-0.026844905325663585,0.20827155446883114,-0.23511645979449472,0.0078125,41,6,POST_HOC_DIAGNOSTIC_ONLY
Wanliu,8,0,True,0.17778313628861786,0.331436040007375,-0.15365290371875712,0.015625,42,5,REGISTERED
Wanliu,8,1,False,0.1674839286137291,0.32355897796643907,-0.15607504935270997,0.0078125,41,4,POST_HOC_DIAGNOSTIC_ONLY
Wanliu,8,2,False,0.1913550180891422,0.3271245320574586,-0.1357695139683164,0.0234375,39,3,POST_HOC_DIAGNOSTIC_ONLY
Wanliu,8,3,False,0.16271878206776366,0.3231085631488619,-0.16038978108109822,0.0078125,42,2,POST_HOC_DIAGNOSTIC_ONLY
Wanliu,8,4,False,0.16336601348958033,0.3244732133383725,-0.16110719984879215,0.0234375,42,1,POST_HOC_DIAGNOSTIC_ONLY
Wanliu,8,5,False,0.1414603292197619,0.33573443190546376,-0.19427410268570186,0.015625,40,0,POST_HOC_DIAGNOSTIC_ONLY
Wanliu,8,6,False,0.12318637794876551,0.324205334686006,-0.20101895673724046,0.0078125,42,7,POST_HOC_DIAGNOSTIC_ONLY
Wanliu,8,7,False,0.17013749709243733,0.32960190546732865,-0.15946440837489131,0.015625,41,6,POST_HOC_DIAGNOSTIC_ONLY
Wanshouxigong,8,0,True,0.059221620029466675,0.2167963830061554,-0.1575747629766887,0.0078125,42,5,REGISTERED
Wanshouxigong,8,1,False,0.11401699109559607,0.21824083345570963,-0.10422384236011356,0.0859375,41,4,POST_HOC_DIAGNOSTIC_ONLY
Wanshouxigong,8,2,False,0.13461260313195458,0.21550531796212452,-0.08089271483016994,0.1171875,39,3,POST_HOC_DIAGNOSTIC_ONLY
Wanshouxigong,8,3,False,0.09352182606400572,0.22068725005297732,-0.1271654239889716,0.015625,42,2,POST_HOC_DIAGNOSTIC_ONLY
Wanshouxigong,8,4,False,0.08709788709681458,0.21833122741239877,-0.1312333403155842,0.03125,42,1,POST_HOC_DIAGNOSTIC_ONLY
Wanshouxigong,8,5,False,0.009717291485719733,0.2079753556519807,-0.19825806416626096,0.0078125,40,0,POST_HOC_DIAGNOSTIC_ONLY
Wanshouxigong,8,6,False,1.9223063048944004e-05,0.21727181432910384,-0.2172525912660549,0.0078125,42,7,POST_HOC_DIAGNOSTIC_ONLY
Wanshouxigong,8,7,False,0.05578975247641933,0.23235033730793664,-0.17656058483151732,0.0078125,41,6,POST_HOC_DIAGNOSTIC_ONLY
Aotizhongxin,9,0,True,0.09032450577931139,0.23539949095718923,-0.14507498517787784,0.0234375,40,3,REGISTERED
Aotizhongxin,9,1,False,0.06960949180500584,0.25401585641009883,-0.184406364605093,0.0078125,42,2,POST_HOC_DIAGNOSTIC_ONLY
Aotizhongxin,9,2,False,0.12556530958709197,0.24474215576194921,-0.11917684617485724,0.03125,42,1,POST_HOC_DIAGNOSTIC_ONLY
Aotizhongxin,9,3,False,0.08198610167647068,0.2556179273202882,-0.17363182564381752,0.015625,41,0,POST_HOC_DIAGNOSTIC_ONLY
Aotizhongxin,9,4,False,0.04929858114785795,0.24443335843526742,-0.19513477728740947,0.015625,44,8,POST_HOC_DIAGNOSTIC_ONLY
Aotizhongxin,9,5,False,-0.0023472357612699486,0.2544288445819053,-0.25677608034317523,0.0078125,37,7,POST_HOC_DIAGNOSTIC_ONLY
Aotizhongxin,9,6,False,0.002474408114083551,0.2522106936873962,-0.24973628557331262,0.0078125,45,6,POST_HOC_DIAGNOSTIC_ONLY
Aotizhongxin,9,7,False,0.0779900305133291,0.24805134957771846,-0.17006131906438937,0.015625,40,5,POST_HOC_DIAGNOSTIC_ONLY
Aotizhongxin,9,8,False,0.13996773148194175,0.24107889806826316,-0.10111116658632141,0.0546875,45,4,POST_HOC_DIAGNOSTIC_ONLY
Changping,9,0,True,0.1185524798552777,0.274141232224361,-0.1555887523690833,0.015625,40,3,REGISTERED
Changping,9,1,False,0.14044626958178116,0.27115598308254435,-0.13070971350076319,0.0234375,42,2,POST_HOC_DIAGNOSTIC_ONLY
Changping,9,2,False,0.16768299222246585,0.26896921068978197,-0.10128621846731611,0.046875,42,1,POST_HOC_DIAGNOSTIC_ONLY
Changping,9,3,False,0.15478122615536952,0.2767400194683827,-0.12195879331301321,0.0390625,41,0,POST_HOC_DIAGNOSTIC_ONLY
Changping,9,4,False,0.09941223228345704,0.2869362589875791,-0.18752402670412205,0.0078125,44,8,POST_HOC_DIAGNOSTIC_ONLY
Changping,9,5,False,0.05311534885150906,0.28148704327426827,-0.2283716944227592,0.0078125,37,7,POST_HOC_DIAGNOSTIC_ONLY
Changping,9,6,False,0.048262006279502466,0.2772753685954263,-0.2290133623159238,0.0078125,45,6,POST_HOC_DIAGNOSTIC_ONLY
Changping,9,7,False,0.12496806670160618,0.2635948649873632,-0.138626798285757,0.03125,40,5,POST_HOC_DIAGNOSTIC_ONLY
Changping,9,8,False,0.17481392234629706,0.26847319337981196,-0.0936592710335149,0.0703125,45,4,POST_HOC_DIAGNOSTIC_ONLY
Dingling,9,0,True,0.08183899920183463,0.2938463593077575,-0.21200736010592286,0.0078125,40,3,REGISTERED
Dingling,9,1,False,0.12278628696154265,0.2973624452421383,-0.17457615828059564,0.015625,42,2,POST_HOC_DIAGNOSTIC_ONLY
Dingling,9,2,False,0.11385649827471601,0.29760068888794194,-0.18374419061322594,0.015625,42,1,POST_HOC_DIAGNOSTIC_ONLY
Dingling,9,3,False,0.09531996250733782,0.2897562085750825,-0.19443624606774468,0.0078125,41,0,POST_HOC_DIAGNOSTIC_ONLY
Dingling,9,4,False,0.08528728846298322,0.28149902821090694,-0.19621173974792372,0.0078125,44,8,POST_HOC_DIAGNOSTIC_ONLY
Dingling,9,5,False,0.08185321019320356,0.2803444702354737,-0.19849126004227013,0.0078125,37,7,POST_HOC_DIAGNOSTIC_ONLY
Dingling,9,6,False,0.07269070639631721,0.281821575889351,-0.20913086949303378,0.0078125,45,6,POST_HOC_DIAGNOSTIC_ONLY
Dingling,9,7,False,0.16295682433598138,0.2799454590297821,-0.11698863469380069,0.015625,40,5,POST_HOC_DIAGNOSTIC_ONLY
Dingling,9,8,False,0.12545120086519856,0.2867646326550961,-0.16131343178989754,0.015625,45,4,POST_HOC_DIAGNOSTIC_ONLY
Dongsi,9,0,True,0.22155679300434367,0.3230317167215412,-0.10147492371719752,0.078125,40,3,REGISTERED
Dongsi,9,1,False,0.22239380166311437,0.3253747863694006,-0.10298098470628622,0.109375,42,2,POST_HOC_DIAGNOSTIC_ONLY
Dongsi,9,2,False,0.18783961931604484,0.3296548351452179,-0.14181521582917303,0.0234375,42,1,POST_HOC_DIAGNOSTIC_ONLY
Dongsi,9,3,False,0.1905672716767591,0.32196759916903567,-0.13140032749227656,0.0234375,41,0,POST_HOC_DIAGNOSTIC_ONLY
Dongsi,9,4,False,0.1567484228342887,0.3280911006240155,-0.17134267778972678,0.0078125,44,8,POST_HOC_DIAGNOSTIC_ONLY
Dongsi,9,5,False,0.06286193350714793,0.327942871799375,-0.26508093829222706,0.0078125,37,7,POST_HOC_DIAGNOSTIC_ONLY
Dongsi,9,6,False,0.12125043440290753,0.32769661948905676,-0.20644618508614923,0.015625,45,6,POST_HOC_DIAGNOSTIC_ONLY
Dongsi,9,7,False,0.2294187465225225,0.3157075798488841,-0.08628883332636159,0.109375,40,5,POST_HOC_DIAGNOSTIC_ONLY
Dongsi,9,8,False,0.267453878554082,0.31703973779127814,-0.04958585923719616,0.203125,45,4,POST_HOC_DIAGNOSTIC_ONLY
Guanyuan,9,0,True,0.12954156807443548,0.279641803765039,-0.15010023569060352,0.0078125,40,3,REGISTERED
Guanyuan,9,1,False,0.09902672857090421,0.274745646553918,-0.17571891798301376,0.0078125,42,2,POST_HOC_DIAGNOSTIC_ONLY
Guanyuan,9,2,False,0.09316017235533113,0.2712890908343478,-0.17812891847901668,0.0078125,42,1,POST_HOC_DIAGNOSTIC_ONLY
Guanyuan,9,3,False,0.1250013005576961,0.272814682166676,-0.1478133816089799,0.015625,41,0,POST_HOC_DIAGNOSTIC_ONLY
Guanyuan,9,4,False,0.1152203046642941,0.2772492411184493,-0.16202893645415517,0.0234375,44,8,POST_HOC_DIAGNOSTIC_ONLY
Guanyuan,9,5,False,0.1021636333827166,0.27760364957431694,-0.17544001619160032,0.0078125,37,7,POST_HOC_DIAGNOSTIC_ONLY
Guanyuan,9,6,False,0.10657877507682066,0.2757264926587655,-0.1691477175819448,0.0078125,45,6,POST_HOC_DIAGNOSTIC_ONLY
Guanyuan,9,7,False,0.174746265056869,0.26563115251229386,-0.09088488745542486,0.09375,40,5,POST_HOC_DIAGNOSTIC_ONLY
Guanyuan,9,8,False,0.19948775818451941,0.279334424509954,-0.07984666632543458,0.109375,45,4,POST_HOC_DIAGNOSTIC_ONLY
Gucheng,9,0,True,0.12927426750101376,0.2593969090053282,-0.13012264150431443,0.0234375,40,3,REGISTERED
Gucheng,9,1,False,0.09357473792703079,0.2607015902501131,-0.16712685232308228,0.0078125,42,2,POST_HOC_DIAGNOSTIC_ONLY
Gucheng,9,2,False,0.1031126669811135,0.2587823247044455,-0.15566965772333202,0.0078125,42,1,POST_HOC_DIAGNOSTIC_ONLY
Gucheng,9,3,False,0.11300927814533064,0.2701336474192625,-0.15712436927393186,0.03125,41,0,POST_HOC_DIAGNOSTIC_ONLY
Gucheng,9,4,False,0.08557822762411381,0.26594676930496136,-0.18036854168084754,0.015625,44,8,POST_HOC_DIAGNOSTIC_ONLY
Gucheng,9,5,False,0.08575145132151685,0.262006661578876,-0.17625521025735913,0.015625,37,7,POST_HOC_DIAGNOSTIC_ONLY
Gucheng,9,6,False,0.0866465242942286,0.26338333896822913,-0.17673681467400054,0.0234375,45,6,POST_HOC_DIAGNOSTIC_ONLY
Gucheng,9,7,False,0.16171690621888532,0.2585622817543855,-0.09684537553550018,0.078125,40,5,POST_HOC_DIAGNOSTIC_ONLY
Gucheng,9,8,False,0.19481124499374816,0.26025205424932407,-0.06544080925557591,0.1328125,45,4,POST_HOC_DIAGNOSTIC_ONLY
Huairou,9,0,True,0.10130858810339888,0.27665156124138873,-0.17534297313798985,0.015625,40,3,REGISTERED
Huairou,9,1,False,0.10990274088948479,0.2770834050368656,-0.16718066414738084,0.0078125,42,2,POST_HOC_DIAGNOSTIC_ONLY
Huairou,9,2,False,0.08275696197225108,0.27399452256267254,-0.19123756059042146,0.015625,42,1,POST_HOC_DIAGNOSTIC_ONLY
Huairou,9,3,False,0.0835080241497475,0.2738394207851367,-0.19033139663538917,0.015625,41,0,POST_HOC_DIAGNOSTIC_ONLY
Huairou,9,4,False,0.0877434715915892,0.27091111986672217,-0.183167648275133,0.0078125,44,8,POST_HOC_DIAGNOSTIC_ONLY
Huairou,9,5,False,0.09974496131345119,0.2678507930263476,-0.16810583171289645,0.0234375,37,7,POST_HOC_DIAGNOSTIC_ONLY
Huairou,9,6,False,0.04296509008075684,0.28068474290846546,-0.23771965282770863,0.0078125,45,6,POST_HOC_DIAGNOSTIC_ONLY
Huairou,9,7,False,0.11661723488843236,0.28368153313085787,-0.16706429824242552,0.0078125,40,5,POST_HOC_DIAGNOSTIC_ONLY
Huairou,9,8,False,0.1883242201769969,0.28838826396473227,-0.10006404378773537,0.0703125,45,4,POST_HOC_DIAGNOSTIC_ONLY
Nongzhanguan,9,0,True,0.14323081793730233,0.2706532817910581,-0.12742246385375575,0.03125,40,3,REGISTERED
Nongzhanguan,9,1,False,0.130189839293324,0.2718637565056769,-0.1416739172123529,0.03125,42,2,POST_HOC_DIAGNOSTIC_ONLY
Nongzhanguan,9,2,False,0.14158408108489168,0.2719471682875364,-0.13036308720264472,0.0390625,42,1,POST_HOC_DIAGNOSTIC_ONLY
Nongzhanguan,9,3,False,0.13579662083454133,0.2721598508801007,-0.13636323004555936,0.015625,41,0,POST_HOC_DIAGNOSTIC_ONLY
Nongzhanguan,9,4,False,0.11985913611502483,0.2706991190075,-0.15083998289247516,0.015625,44,8,POST_HOC_DIAGNOSTIC_ONLY
Nongzhanguan,9,5,False,0.0760306836097909,0.25462360281876223,-0.17859291920897133,0.0234375,37,7,POST_HOC_DIAGNOSTIC_ONLY
Nongzhanguan,9,6,False,0.09235637565268409,0.27238291387778557,-0.18002653822510148,0.0078125,45,6,POST_HOC_DIAGNOSTIC_ONLY
Nongzhanguan,9,7,False,0.1802571369410662,0.2621745944380093,-0.08191745749694307,0.1171875,40,5,POST_HOC_DIAGNOSTIC_ONLY
Nongzhanguan,9,8,False,0.19833695866276557,0.2708431027986734,-0.07250614413590784,0.1640625,45,4,POST_HOC_DIAGNOSTIC_ONLY
Shunyi,9,0,True,0.13799885228388803,0.2925113908433325,-0.15451253855944447,0.015625,40,3,REGISTERED
Shunyi,9,1,False,0.11900315212476992,0.29418261874273877,-0.17517946661796885,0.0234375,42,2,POST_HOC_DIAGNOSTIC_ONLY
Shunyi,9,2,False,0.09142935503940064,0.2927444701095234,-0.20131511507012279,0.0078125,42,1,POST_HOC_DIAGNOSTIC_ONLY
Shunyi,9,3,False,0.11742805575374479,0.2955863269770899,-0.17815827122334513,0.0078125,41,0,POST_HOC_DIAGNOSTIC_ONLY
Shunyi,9,4,False,0.09461170223557838,0.29843129328754625,-0.20381959105196787,0.0078125,44,8,POST_HOC_DIAGNOSTIC_ONLY
Shunyi,9,5,False,0.09455990921368781,0.2994548508966162,-0.2048949416829284,0.0078125,37,7,POST_HOC_DIAGNOSTIC_ONLY
Shunyi,9,6,False,0.1308854692323508,0.3065705422015506,-0.1756850729691998,0.0078125,45,6,POST_HOC_DIAGNOSTIC_ONLY
Shunyi,9,7,False,0.2119940329903076,0.3006632343959498,-0.08866920140564216,0.1015625,40,5,POST_HOC_DIAGNOSTIC_ONLY
Shunyi,9,8,False,0.22967351395550667,0.2988587369110154,-0.06918522295550872,0.1875,45,4,POST_HOC_DIAGNOSTIC_ONLY
Tiantan,9,0,True,0.024212271543590257,0.21657354663025336,-0.1923612750866631,0.0078125,40,3,REGISTERED
Tiantan,9,1,False,0.008736294735866386,0.2029372719113201,-0.19420097717545373,0.015625,42,2,POST_HOC_DIAGNOSTIC_ONLY
Tiantan,9,2,False,0.02513747280115484,0.20984312384381673,-0.1847056510426619,0.0078125,42,1,POST_HOC_DIAGNOSTIC_ONLY
Tiantan,9,3,False,0.0007058602060131151,0.20748870494973945,-0.20678284474372632,0.0078125,41,0,POST_HOC_DIAGNOSTIC_ONLY
Tiantan,9,4,False,0.038899932510171174,0.22103438368062128,-0.1821344511704501,0.0078125,44,8,POST_HOC_DIAGNOSTIC_ONLY
Tiantan,9,5,False,-0.03037970347562412,0.21544110304116873,-0.24582080651679286,0.0078125,37,7,POST_HOC_DIAGNOSTIC_ONLY
Tiantan,9,6,False,-0.0012976152791027084,0.21977240764396352,-0.22107002292306624,0.0078125,45,6,POST_HOC_DIAGNOSTIC_ONLY
Tiantan,9,7,False,0.06039894916016274,0.21194557284315588,-0.15154662368299315,0.03125,40,5,POST_HOC_DIAGNOSTIC_ONLY
Tiantan,9,8,False,0.06752523614431132,0.20998708253207862,-0.14246184638776732,0.03125,45,4,POST_HOC_DIAGNOSTIC_ONLY
Wanliu,9,0,True,0.20639885581934647,0.345979103678153,-0.13958024785880652,0.03125,40,3,REGISTERED
Wanliu,9,1,False,0.16961511641339178,0.35046556943368207,-0.1808504530202903,0.0078125,42,2,POST_HOC_DIAGNOSTIC_ONLY
Wanliu,9,2,False,0.18437784390074405,0.3470818141633952,-0.16270397026265113,0.0078125,42,1,POST_HOC_DIAGNOSTIC_ONLY
Wanliu,9,3,False,0.1876985217251892,0.3461863313828654,-0.15848780965767623,0.015625,41,0,POST_HOC_DIAGNOSTIC_ONLY
Wanliu,9,4,False,0.15348041549681904,0.3437635032068829,-0.1902830877100639,0.0078125,44,8,POST_HOC_DIAGNOSTIC_ONLY
Wanliu,9,5,False,0.11499860978011173,0.3538730298678954,-0.23887442008778365,0.0078125,37,7,POST_HOC_DIAGNOSTIC_ONLY
Wanliu,9,6,False,0.12803294493732836,0.3548764427747303,-0.22684349783740193,0.0078125,45,6,POST_HOC_DIAGNOSTIC_ONLY
Wanliu,9,7,False,0.22051506680872518,0.3463659137261332,-0.125850846917408,0.0234375,40,5,POST_HOC_DIAGNOSTIC_ONLY
Wanliu,9,8,False,0.2547577255483704,0.34533937570664874,-0.09058165015827835,0.1015625,45,4,POST_HOC_DIAGNOSTIC_ONLY
Wanshouxigong,9,0,True,0.11084753275784492,0.23303656463641828,-0.12218903187857336,0.0390625,40,3,REGISTERED
Wanshouxigong,9,1,False,0.1240133769969799,0.24138018606344536,-0.11736680906646546,0.0546875,42,2,POST_HOC_DIAGNOSTIC_ONLY
Wanshouxigong,9,2,False,0.11803021855900153,0.24355587685531205,-0.12552565829631052,0.0546875,42,1,POST_HOC_DIAGNOSTIC_ONLY
Wanshouxigong,9,3,False,0.07999703144844472,0.22571699805309725,-0.14571996660465253,0.0078125,41,0,POST_HOC_DIAGNOSTIC_ONLY
Wanshouxigong,9,4,False,0.025334106578333227,0.23543053636199693,-0.2100964297836637,0.0078125,44,8,POST_HOC_DIAGNOSTIC_ONLY
Wanshouxigong,9,5,False,-0.0026741588333075335,0.23528683229622913,-0.23796099112953667,0.0078125,37,7,POST_HOC_DIAGNOSTIC_ONLY
Wanshouxigong,9,6,False,0.04527239507871134,0.23405997863442538,-0.18878758355571404,0.015625,45,6,POST_HOC_DIAGNOSTIC_ONLY
Wanshouxigong,9,7,False,0.13153250326915414,0.22276881736236845,-0.09123631409321431,0.0703125,40,5,POST_HOC_DIAGNOSTIC_ONLY
Wanshouxigong,9,8,False,0.16317248677804438,0.23526097574935312,-0.07208848897130873,0.171875,45,4,POST_HOC_DIAGNOSTIC_ONLY
Aotizhongxin,10,0,True,0.028324471031466982,0.2608160120291812,-0.2324915409977142,0.0078125,42,1,REGISTERED
Aotizhongxin,10,1,False,0.05891590329138037,0.2646671441227055,-0.20575124083132512,0.015625,40,0,POST_HOC_DIAGNOSTIC_ONLY
Aotizhongxin,10,2,False,0.12272070195870095,0.26961340726439664,-0.1468927053056957,0.03125,41,9,POST_HOC_DIAGNOSTIC_ONLY
Aotizhongxin,10,3,False,0.10848527437579476,0.26667012526419515,-0.1581848508884004,0.03125,44,8,POST_HOC_DIAGNOSTIC_ONLY
Aotizhongxin,10,4,False,0.09590675718475515,0.2736510363822193,-0.17774427919746416,0.03125,43,7,POST_HOC_DIAGNOSTIC_ONLY
Aotizhongxin,10,5,False,0.1222950620939312,0.2788738202135846,-0.15657875811965338,0.0234375,42,6,POST_HOC_DIAGNOSTIC_ONLY
Aotizhongxin,10,6,False,0.1289142812851645,0.26748807529460156,-0.13857379400943706,0.0390625,42,5,POST_HOC_DIAGNOSTIC_ONLY
Aotizhongxin,10,7,False,0.14542044904499316,0.2651004209269862,-0.11967997188199306,0.0546875,41,4,POST_HOC_DIAGNOSTIC_ONLY
Aotizhongxin,10,8,False,0.11649330212168663,0.2613830599952687,-0.14488975787358205,0.015625,44,3,POST_HOC_DIAGNOSTIC_ONLY
Aotizhongxin,10,9,False,0.045571741574175234,0.2596682017180634,-0.21409646014388814,0.0078125,44,2,POST_HOC_DIAGNOSTIC_ONLY
Changping,10,0,True,0.06505386589621673,0.2874996760017626,-0.2224458101055459,0.0078125,42,1,REGISTERED
Changping,10,1,False,0.10644192754717809,0.287099774563458,-0.1806578470162799,0.0078125,40,0,POST_HOC_DIAGNOSTIC_ONLY
Changping,10,2,False,0.16998473192792127,0.2939045266793203,-0.12391979475139905,0.0625,41,9,POST_HOC_DIAGNOSTIC_ONLY
Changping,10,3,False,0.17805113075169055,0.29626049530205784,-0.11820936455036729,0.046875,44,8,POST_HOC_DIAGNOSTIC_ONLY
Changping,10,4,False,0.18284017005691808,0.2949589308659511,-0.11211876080903302,0.0703125,43,7,POST_HOC_DIAGNOSTIC_ONLY
Changping,10,5,False,0.17320218979089583,0.30236066390773925,-0.12915847411684342,0.03125,42,6,POST_HOC_DIAGNOSTIC_ONLY
Changping,10,6,False,0.19563479913645032,0.2964707105233368,-0.10083591138688647,0.0546875,42,5,POST_HOC_DIAGNOSTIC_ONLY
Changping,10,7,False,0.1882982100353821,0.3059386806171106,-0.1176404705817285,0.046875,41,4,POST_HOC_DIAGNOSTIC_ONLY
Changping,10,8,False,0.1564241955888802,0.2898736759894602,-0.13344948040057997,0.0078125,44,3,POST_HOC_DIAGNOSTIC_ONLY
Changping,10,9,False,0.09825977129667686,0.2889695469013252,-0.19070977560464836,0.0078125,44,2,POST_HOC_DIAGNOSTIC_ONLY
Dingling,10,0,True,0.05082228062679052,0.3098994124058625,-0.259077131779072,0.0078125,42,1,REGISTERED
Dingling,10,1,False,0.07823458081387027,0.3094777755592816,-0.2312431947454113,0.0078125,40,0,POST_HOC_DIAGNOSTIC_ONLY
Dingling,10,2,False,0.14394825305071524,0.30495758641140847,-0.16100933336069323,0.0234375,41,9,POST_HOC_DIAGNOSTIC_ONLY
Dingling,10,3,False,0.148202310106298,0.31515306026743667,-0.16695075016113867,0.0078125,44,8,POST_HOC_DIAGNOSTIC_ONLY
Dingling,10,4,False,0.14003730099711417,0.31565711006044517,-0.175619809063331,0.0078125,43,7,POST_HOC_DIAGNOSTIC_ONLY
Dingling,10,5,False,0.1429304138138447,0.3212756243186948,-0.17834521050485008,0.0234375,42,6,POST_HOC_DIAGNOSTIC_ONLY
Dingling,10,6,False,0.18220479224819797,0.3100904941133234,-0.12788570186512543,0.0078125,42,5,POST_HOC_DIAGNOSTIC_ONLY
Dingling,10,7,False,0.16094093532407186,0.30349764660386036,-0.1425567112797885,0.015625,41,4,POST_HOC_DIAGNOSTIC_ONLY
Dingling,10,8,False,0.13117601137359244,0.3149458537466808,-0.18376984237308838,0.0078125,44,3,POST_HOC_DIAGNOSTIC_ONLY
Dingling,10,9,False,0.07569490363862098,0.3209017671767897,-0.24520686353816873,0.0078125,44,2,POST_HOC_DIAGNOSTIC_ONLY
Dongsi,10,0,True,0.12744720086918573,0.3330591096644795,-0.20561190879529376,0.0078125,42,1,REGISTERED
Dongsi,10,1,False,0.145397098347409,0.3318871782521157,-0.18649007990470673,0.0078125,40,0,POST_HOC_DIAGNOSTIC_ONLY
Dongsi,10,2,False,0.23121932820248484,0.3318971559938137,-0.10067782779132886,0.0625,41,9,POST_HOC_DIAGNOSTIC_ONLY
Dongsi,10,3,False,0.21122406445023653,0.33369807179474703,-0.1224740073445105,0.0390625,44,8,POST_HOC_DIAGNOSTIC_ONLY
Dongsi,10,4,False,0.1984702814199566,0.335255824694593,-0.13678554327463638,0.0390625,43,7,POST_HOC_DIAGNOSTIC_ONLY
Dongsi,10,5,False,0.2265972339485798,0.3321666770448586,-0.10556944309627878,0.09375,42,6,POST_HOC_DIAGNOSTIC_ONLY
Dongsi,10,6,False,0.23038090580819595,0.33601614044252137,-0.10563523463432542,0.078125,42,5,POST_HOC_DIAGNOSTIC_ONLY
Dongsi,10,7,False,0.2491310021687111,0.32896785949408197,-0.07983685732537088,0.125,41,4,POST_HOC_DIAGNOSTIC_ONLY
Dongsi,10,8,False,0.2253071960181618,0.3344437074998934,-0.10913651148173159,0.0625,44,3,POST_HOC_DIAGNOSTIC_ONLY
Dongsi,10,9,False,0.16256686955981098,0.3277089904163528,-0.16514212085654184,0.015625,44,2,POST_HOC_DIAGNOSTIC_ONLY
Guanyuan,10,0,True,0.035769713168165934,0.2774419336438219,-0.24167222047565598,0.0078125,42,1,REGISTERED
Guanyuan,10,1,False,0.09379643909399692,0.27825629493804976,-0.18445985584405283,0.0078125,40,0,POST_HOC_DIAGNOSTIC_ONLY
Guanyuan,10,2,False,0.1727411800369382,0.2777747797824045,-0.1050335997454663,0.03125,41,9,POST_HOC_DIAGNOSTIC_ONLY
Guanyuan,10,3,False,0.15150345488993364,0.2800983331339857,-0.12859487824405205,0.0078125,44,8,POST_HOC_DIAGNOSTIC_ONLY
Guanyuan,10,4,False,0.1381175701055891,0.2828524769312091,-0.14473490682561999,0.015625,43,7,POST_HOC_DIAGNOSTIC_ONLY
Guanyuan,10,5,False,0.14446782784148454,0.276073984979264,-0.13160615713777946,0.015625,42,6,POST_HOC_DIAGNOSTIC_ONLY
Guanyuan,10,6,False,0.1455332274441101,0.2915530064717296,-0.1460197790276195,0.0078125,42,5,POST_HOC_DIAGNOSTIC_ONLY
Guanyuan,10,7,False,0.14790610545001173,0.2950939785543994,-0.14718787310438766,0.0078125,41,4,POST_HOC_DIAGNOSTIC_ONLY
Guanyuan,10,8,False,0.10507853606588599,0.2703319283873944,-0.1652533923215084,0.0078125,44,3,POST_HOC_DIAGNOSTIC_ONLY
Guanyuan,10,9,False,0.04139321013853565,0.28469962849206204,-0.2433064183535264,0.0078125,44,2,POST_HOC_DIAGNOSTIC_ONLY
Gucheng,10,0,True,0.023847573073487626,0.2684602202671121,-0.24461264719362447,0.0078125,42,1,REGISTERED
Gucheng,10,1,False,0.04502618612761856,0.26935496882300586,-0.2243287826953873,0.0078125,40,0,POST_HOC_DIAGNOSTIC_ONLY
Gucheng,10,2,False,0.13362368984736106,0.26376232689876133,-0.13013863705140027,0.0078125,41,9,POST_HOC_DIAGNOSTIC_ONLY
Gucheng,10,3,False,0.1067148268212736,0.2704232461484998,-0.16370841932722618,0.015625,44,8,POST_HOC_DIAGNOSTIC_ONLY
Gucheng,10,4,False,0.1082036084557495,0.27821743663603976,-0.17001382818029026,0.015625,43,7,POST_HOC_DIAGNOSTIC_ONLY
Gucheng,10,5,False,0.1319362691312385,0.2700579480529493,-0.13812167892171082,0.0234375,42,6,POST_HOC_DIAGNOSTIC_ONLY
Gucheng,10,6,False,0.1316609696241242,0.2773379572942475,-0.14567698767012327,0.0390625,42,5,POST_HOC_DIAGNOSTIC_ONLY
Gucheng,10,7,False,0.12563026858070836,0.28760924325572323,-0.16197897467501488,0.03125,41,4,POST_HOC_DIAGNOSTIC_ONLY
Gucheng,10,8,False,0.09017824402155918,0.29517040315188237,-0.2049921591303232,0.015625,44,3,POST_HOC_DIAGNOSTIC_ONLY
Gucheng,10,9,False,0.02943131798322446,0.28679576441444093,-0.2573644464312165,0.0078125,44,2,POST_HOC_DIAGNOSTIC_ONLY
Huairou,10,0,True,0.08849247246133661,0.3108212288371158,-0.2223287563757792,0.0078125,42,1,REGISTERED
Huairou,10,1,False,0.09780469804370127,0.30575979225252714,-0.20795509420882585,0.0078125,40,0,POST_HOC_DIAGNOSTIC_ONLY
Huairou,10,2,False,0.14235732880198973,0.3039655026301815,-0.1616081738281918,0.0078125,41,9,POST_HOC_DIAGNOSTIC_ONLY
Huairou,10,3,False,0.1575783598986265,0.3028683921964464,-0.1452900322978199,0.0390625,44,8,POST_HOC_DIAGNOSTIC_ONLY
Huairou,10,4,False,0.1666405797214043,0.29642303709176876,-0.12978245737036445,0.0390625,43,7,POST_HOC_DIAGNOSTIC_ONLY
Huairou,10,5,False,0.1383189220889479,0.29339062585317494,-0.15507170376422705,0.015625,42,6,POST_HOC_DIAGNOSTIC_ONLY
Huairou,10,6,False,0.14812462476227797,0.2933301997839294,-0.1452055750216514,0.0234375,42,5,POST_HOC_DIAGNOSTIC_ONLY
Huairou,10,7,False,0.1551860592213566,0.2969440846937867,-0.1417580254724301,0.03125,41,4,POST_HOC_DIAGNOSTIC_ONLY
Huairou,10,8,False,0.1499849223077735,0.29845030663374605,-0.14846538432597256,0.0234375,44,3,POST_HOC_DIAGNOSTIC_ONLY
Huairou,10,9,False,0.09738006415265409,0.3048825201298921,-0.207502455977238,0.0078125,44,2,POST_HOC_DIAGNOSTIC_ONLY
Nongzhanguan,10,0,True,0.04078388681369541,0.27628176015294137,-0.23549787333924596,0.0078125,42,1,REGISTERED
Nongzhanguan,10,1,False,0.09225924482866826,0.28290918187002184,-0.19064993704135358,0.015625,40,0,POST_HOC_DIAGNOSTIC_ONLY
Nongzhanguan,10,2,False,0.17032901112800156,0.298422956520163,-0.12809394539216143,0.0546875,41,9,POST_HOC_DIAGNOSTIC_ONLY
Nongzhanguan,10,3,False,0.15830337359989596,0.29303429158244143,-0.13473091798254547,0.0234375,44,8,POST_HOC_DIAGNOSTIC_ONLY
Nongzhanguan,10,4,False,0.15430311351036047,0.28326315137273844,-0.12896003786237797,0.0234375,43,7,POST_HOC_DIAGNOSTIC_ONLY
Nongzhanguan,10,5,False,0.1728586458766676,0.279342803277262,-0.10648415740059441,0.0625,42,6,POST_HOC_DIAGNOSTIC_ONLY
Nongzhanguan,10,6,False,0.1930012265350366,0.2785299551454664,-0.08552872861042982,0.109375,42,5,POST_HOC_DIAGNOSTIC_ONLY
Nongzhanguan,10,7,False,0.1877067906220445,0.26921220064754053,-0.08150541002549602,0.078125,41,4,POST_HOC_DIAGNOSTIC_ONLY
Nongzhanguan,10,8,False,0.1504744236548378,0.28182571948807716,-0.13135129583323937,0.0390625,44,3,POST_HOC_DIAGNOSTIC_ONLY
Nongzhanguan,10,9,False,0.07847991543605541,0.27950229645364005,-0.20102238101758463,0.0078125,44,2,POST_HOC_DIAGNOSTIC_ONLY
Shunyi,10,0,True,0.11520307335934471,0.30833450341101165,-0.19313143005166694,0.0078125,42,1,REGISTERED
Shunyi,10,1,False,0.1499228499759349,0.3142320406165837,-0.1643091906406488,0.0234375,40,0,POST_HOC_DIAGNOSTIC_ONLY
Shunyi,10,2,False,0.20561835622088634,0.3177426627398275,-0.11212430651894115,0.046875,41,9,POST_HOC_DIAGNOSTIC_ONLY
Shunyi,10,3,False,0.20314110987617756,0.3252114868544719,-0.12207037697829431,0.03125,44,8,POST_HOC_DIAGNOSTIC_ONLY
Shunyi,10,4,False,0.1780022096868597,0.3111972325478734,-0.1331950228610137,0.015625,43,7,POST_HOC_DIAGNOSTIC_ONLY
Shunyi,10,5,False,0.1433704874953927,0.3134705747694041,-0.1701000872740114,0.015625,42,6,POST_HOC_DIAGNOSTIC_ONLY
Shunyi,10,6,False,0.1614861366496346,0.3069965600122442,-0.14551042336260958,0.015625,42,5,POST_HOC_DIAGNOSTIC_ONLY
Shunyi,10,7,False,0.16181507656549224,0.314639559691582,-0.1528244831260898,0.0078125,41,4,POST_HOC_DIAGNOSTIC_ONLY
Shunyi,10,8,False,0.13615049817683367,0.3060855459751702,-0.1699350477983365,0.0078125,44,3,POST_HOC_DIAGNOSTIC_ONLY
Shunyi,10,9,False,0.10147591590292489,0.31449417377866973,-0.21301825787574485,0.0078125,44,2,POST_HOC_DIAGNOSTIC_ONLY
Tiantan,10,0,True,0.04597576726512829,0.23498328798877854,-0.18900752072365026,0.015625,42,1,REGISTERED
Tiantan,10,1,False,0.07455935920947367,0.2219072708099122,-0.14734791160043853,0.0234375,40,0,POST_HOC_DIAGNOSTIC_ONLY
Tiantan,10,2,False,0.11936668126412048,0.22960361229121556,-0.11023693102709509,0.0390625,41,9,POST_HOC_DIAGNOSTIC_ONLY
Tiantan,10,3,False,0.10922080823994439,0.23351857529772227,-0.12429776705777788,0.015625,44,8,POST_HOC_DIAGNOSTIC_ONLY
Tiantan,10,4,False,0.09953583769671165,0.22924805867382647,-0.12971222097711482,0.0390625,43,7,POST_HOC_DIAGNOSTIC_ONLY
Tiantan,10,5,False,0.11471845000647558,0.2365403853182731,-0.12182193531179751,0.0625,42,6,POST_HOC_DIAGNOSTIC_ONLY
Tiantan,10,6,False,0.1360625181374039,0.23606288062072728,-0.10000036248332339,0.0859375,42,5,POST_HOC_DIAGNOSTIC_ONLY
Tiantan,10,7,False,0.14349401592510055,0.2407454317501448,-0.09725141582504424,0.109375,41,4,POST_HOC_DIAGNOSTIC_ONLY
Tiantan,10,8,False,0.11714285018944291,0.2401906801668015,-0.1230478299773586,0.0390625,44,3,POST_HOC_DIAGNOSTIC_ONLY
Tiantan,10,9,False,0.06948053857650496,0.2437902050985471,-0.17430966652204213,0.0078125,44,2,POST_HOC_DIAGNOSTIC_ONLY
Wanliu,10,0,True,0.1054293648996627,0.36255641411335215,-0.25712704921368945,0.0078125,42,1,REGISTERED
Wanliu,10,1,False,0.15268686655080763,0.35957850127739577,-0.20689163472658814,0.0078125,40,0,POST_HOC_DIAGNOSTIC_ONLY
Wanliu,10,2,False,0.22710888815666386,0.3644554846645063,-0.13734659650784242,0.0078125,41,9,POST_HOC_DIAGNOSTIC_ONLY
Wanliu,10,3,False,0.21651136293971857,0.3668053109939953,-0.15029394805427676,0.015625,44,8,POST_HOC_DIAGNOSTIC_ONLY
Wanliu,10,4,False,0.2145761215149692,0.364024696256033,-0.14944857474106382,0.0234375,43,7,POST_HOC_DIAGNOSTIC_ONLY
Wanliu,10,5,False,0.2202817594308677,0.36081881562698864,-0.14053705619612095,0.03125,42,6,POST_HOC_DIAGNOSTIC_ONLY
Wanliu,10,6,False,0.2192355752425731,0.35504857807181234,-0.13581300282923925,0.0234375,42,5,POST_HOC_DIAGNOSTIC_ONLY
Wanliu,10,7,False,0.21933947954202257,0.3639567902656294,-0.1446173107236068,0.0234375,41,4,POST_HOC_DIAGNOSTIC_ONLY
Wanliu,10,8,False,0.1806267710256817,0.3676811312016456,-0.18705436017596389,0.0078125,44,3,POST_HOC_DIAGNOSTIC_ONLY
Wanliu,10,9,False,0.11357777475319081,0.36751810505058874,-0.25394033029739793,0.0078125,44,2,POST_HOC_DIAGNOSTIC_ONLY
Wanshouxigong,10,0,True,0.07577638900388349,0.24317490590165913,-0.16739851689777563,0.0078125,42,1,REGISTERED
Wanshouxigong,10,1,False,0.08057883362377319,0.2498698972066508,-0.1692910635828776,0.015625,40,0,POST_HOC_DIAGNOSTIC_ONLY
Wanshouxigong,10,2,False,0.13825621559524454,0.2502474688855382,-0.11199125329029369,0.046875,41,9,POST_HOC_DIAGNOSTIC_ONLY
Wanshouxigong,10,3,False,0.10055020746246646,0.27047456074493903,-0.16992435328247257,0.015625,44,8,POST_HOC_DIAGNOSTIC_ONLY
Wanshouxigong,10,4,False,0.10995219590222699,0.25879045081760604,-0.14883825491537905,0.03125,43,7,POST_HOC_DIAGNOSTIC_ONLY
Wanshouxigong,10,5,False,0.14204004459614655,0.26017444702931336,-0.11813440243316681,0.03125,42,6,POST_HOC_DIAGNOSTIC_ONLY
Wanshouxigong,10,6,False,0.1636038218177461,0.26116922452838803,-0.09756540271064193,0.0625,42,5,POST_HOC_DIAGNOSTIC_ONLY
Wanshouxigong,10,7,False,0.1739681600297537,0.2606786956137324,-0.0867105355839787,0.0703125,41,4,POST_HOC_DIAGNOSTIC_ONLY
Wanshouxigong,10,8,False,0.14912540077922729,0.2677369691716473,-0.11861156839242001,0.0546875,44,3,POST_HOC_DIAGNOSTIC_ONLY
Wanshouxigong,10,9,False,0.09586898732034851,0.2550594294569369,-0.15919044213658837,0.0078125,44,2,POST_HOC_DIAGNOSTIC_ONLY
Aotizhongxin,11,0,True,0.003981652392786136,0.27386812792160203,-0.2698864755288159,0.0078125,42,9,REGISTERED
Aotizhongxin,11,1,False,0.027931203107813555,0.2693356676708678,-0.24140446456305426,0.0078125,43,8,POST_HOC_DIAGNOSTIC_ONLY
Aotizhongxin,11,2,False,0.04981645961839483,0.27536024072319804,-0.22554378110480322,0.0078125,42,7,POST_HOC_DIAGNOSTIC_ONLY
Aotizhongxin,11,3,False,0.06159205595984882,0.2785696629200372,-0.2169776069601884,0.015625,43,6,POST_HOC_DIAGNOSTIC_ONLY
Aotizhongxin,11,4,False,0.1474161764169128,0.2767807187431187,-0.12936454232620592,0.0390625,43,5,POST_HOC_DIAGNOSTIC_ONLY
Aotizhongxin,11,5,False,0.2139402443762592,0.2832537783071541,-0.0693135339308949,0.171875,42,4,POST_HOC_DIAGNOSTIC_ONLY
Aotizhongxin,11,6,False,0.17746854193231787,0.27769362948543785,-0.10022508755311998,0.109375,44,3,POST_HOC_DIAGNOSTIC_ONLY
Aotizhongxin,11,7,False,0.12824604726135624,0.281305876366674,-0.15305982910531774,0.03125,42,2,POST_HOC_DIAGNOSTIC_ONLY
Aotizhongxin,11,8,False,0.07418110196760251,0.27605320419440715,-0.20187210222680463,0.0078125,43,1,POST_HOC_DIAGNOSTIC_ONLY
Aotizhongxin,11,9,False,0.04712153799441672,0.28119780569587255,-0.23407626770145584,0.0078125,43,0,POST_HOC_DIAGNOSTIC_ONLY
Aotizhongxin,11,10,False,0.06006935906269623,0.2775783801090455,-0.21750902104634928,0.015625,43,10,POST_HOC_DIAGNOSTIC_ONLY
Changping,11,0,True,0.10999622989894052,0.30526153959622654,-0.195265309697286,0.0078125,42,9,REGISTERED
Changping,11,1,False,0.13017313006983894,0.3051731230326086,-0.17499999296276963,0.0078125,43,8,POST_HOC_DIAGNOSTIC_ONLY
Changping,11,2,False,0.12152311352190712,0.3066363560354556,-0.18511324251354846,0.0078125,42,7,POST_HOC_DIAGNOSTIC_ONLY
Changping,11,3,False,0.14542658292313834,0.30289725987177496,-0.15747067694863662,0.015625,43,6,POST_HOC_DIAGNOSTIC_ONLY
Changping,11,4,False,0.21015713679822465,0.3067416476247482,-0.09658451082652356,0.09375,43,5,POST_HOC_DIAGNOSTIC_ONLY
Changping,11,5,False,0.22792746559668092,0.3028185257578131,-0.07489106016113217,0.125,42,4,POST_HOC_DIAGNOSTIC_ONLY
Changping,11,6,False,0.19329372881906545,0.30200538218394923,-0.10871165336488378,0.0234375,44,3,POST_HOC_DIAGNOSTIC_ONLY
Changping,11,7,False,0.14527920681902157,0.30669432905827615,-0.16141512223925458,0.015625,42,2,POST_HOC_DIAGNOSTIC_ONLY
Changping,11,8,False,0.13745424706714407,0.29609373258876936,-0.1586394855216253,0.0078125,43,1,POST_HOC_DIAGNOSTIC_ONLY
Changping,11,9,False,0.08593512708640505,0.2988785575280139,-0.21294343044160885,0.0078125,43,0,POST_HOC_DIAGNOSTIC_ONLY
Changping,11,10,False,0.139296229756428,0.30609291940103034,-0.16679668964460234,0.0078125,43,10,POST_HOC_DIAGNOSTIC_ONLY
Dingling,11,0,True,0.10836385144013254,0.32001563892245527,-0.21165178748232272,0.0078125,42,9,REGISTERED
Dingling,11,1,False,0.11731130522850618,0.3186706146512445,-0.20135930942273833,0.0078125,43,8,POST_HOC_DIAGNOSTIC_ONLY
Dingling,11,2,False,0.12911167562749767,0.31918136106899525,-0.19006968544149758,0.0078125,42,7,POST_HOC_DIAGNOSTIC_ONLY
Dingling,11,3,False,0.1266483633753603,0.31589258046086566,-0.18924421708550535,0.0078125,43,6,POST_HOC_DIAGNOSTIC_ONLY
Dingling,11,4,False,0.15955115783680263,0.32866949989337874,-0.1691183420565761,0.015625,43,5,POST_HOC_DIAGNOSTIC_ONLY
Dingling,11,5,False,0.17419596045851823,0.32303858313461953,-0.1488426226761013,0.03125,42,4,POST_HOC_DIAGNOSTIC_ONLY
Dingling,11,6,False,0.15403315129113146,0.3157701441816843,-0.16173699289055285,0.0078125,44,3,POST_HOC_DIAGNOSTIC_ONLY
Dingling,11,7,False,0.1191430670744701,0.32358367853344844,-0.20444061145897835,0.0078125,42,2,POST_HOC_DIAGNOSTIC_ONLY
Dingling,11,8,False,0.09847803413746767,0.32864849471936974,-0.23017046058190208,0.0078125,43,1,POST_HOC_DIAGNOSTIC_ONLY
Dingling,11,9,False,0.07093995468466045,0.3188891410407974,-0.24794918635613694,0.0078125,43,0,POST_HOC_DIAGNOSTIC_ONLY
Dingling,11,10,False,0.11315780569866823,0.32468330313208876,-0.21152549743342053,0.0078125,43,10,POST_HOC_DIAGNOSTIC_ONLY
Dongsi,11,0,True,0.11464153436251306,0.34882674299394734,-0.23418520863143427,0.0078125,42,9,REGISTERED
Dongsi,11,1,False,0.15717133100092723,0.34872005918505006,-0.19154872818412283,0.0234375,43,8,POST_HOC_DIAGNOSTIC_ONLY
Dongsi,11,2,False,0.18118827638021243,0.33367058689409973,-0.1524823105138873,0.03125,42,7,POST_HOC_DIAGNOSTIC_ONLY
Dongsi,11,3,False,0.17707729287677879,0.33659125200909695,-0.15951395913231817,0.015625,43,6,POST_HOC_DIAGNOSTIC_ONLY
Dongsi,11,4,False,0.26541191556135624,0.33827346072755765,-0.07286154516620141,0.140625,43,5,POST_HOC_DIAGNOSTIC_ONLY
Dongsi,11,5,False,0.30021677171336886,0.35893454696389626,-0.058717775250527404,0.203125,42,4,POST_HOC_DIAGNOSTIC_ONLY
Dongsi,11,6,False,0.27017823933956947,0.3560992262753819,-0.0859209869358124,0.1015625,44,3,POST_HOC_DIAGNOSTIC_ONLY
Dongsi,11,7,False,0.23888709126351457,0.3439537575401953,-0.10506666627668074,0.046875,42,2,POST_HOC_DIAGNOSTIC_ONLY
Dongsi,11,8,False,0.2035691579201618,0.3425636685466356,-0.1389945106264738,0.0234375,43,1,POST_HOC_DIAGNOSTIC_ONLY
Dongsi,11,9,False,0.1414799546970625,0.33884572953942027,-0.19736577484235776,0.015625,43,0,POST_HOC_DIAGNOSTIC_ONLY
Dongsi,11,10,False,0.17419374958662323,0.342308969350509,-0.16811521976388574,0.015625,43,10,POST_HOC_DIAGNOSTIC_ONLY
Guanyuan,11,0,True,0.023503332655450945,0.28844682194188187,-0.2649434892864309,0.0078125,42,9,REGISTERED
Guanyuan,11,1,False,0.05664570970130838,0.2775060297460115,-0.22086032004470313,0.0078125,43,8,POST_HOC_DIAGNOSTIC_ONLY
Guanyuan,11,2,False,0.0805627717532447,0.28785740329996623,-0.20729463154672154,0.0078125,42,7,POST_HOC_DIAGNOSTIC_ONLY
Guanyuan,11,3,False,0.09320980808330818,0.2876594488898952,-0.194449640806587,0.0078125,43,6,POST_HOC_DIAGNOSTIC_ONLY
Guanyuan,11,4,False,0.1783935384981412,0.28853853682947084,-0.11014499833132962,0.078125,43,5,POST_HOC_DIAGNOSTIC_ONLY
Guanyuan,11,5,False,0.21788200771016156,0.28826154220479244,-0.07037953449463089,0.1171875,42,4,POST_HOC_DIAGNOSTIC_ONLY
Guanyuan,11,6,False,0.1955075724072997,0.28602589695880953,-0.09051832455150982,0.046875,44,3,POST_HOC_DIAGNOSTIC_ONLY
Guanyuan,11,7,False,0.15418870278657207,0.2945926983699414,-0.14040399558336933,0.015625,42,2,POST_HOC_DIAGNOSTIC_ONLY
Guanyuan,11,8,False,0.12095123648342176,0.2931162675387612,-0.17216503105533942,0.0078125,43,1,POST_HOC_DIAGNOSTIC_ONLY
Guanyuan,11,9,False,0.06859772381903119,0.290853794927873,-0.22225607110884182,0.0078125,43,0,POST_HOC_DIAGNOSTIC_ONLY
Guanyuan,11,10,False,0.09708538871050512,0.30039993010583527,-0.20331454139533015,0.0078125,43,10,POST_HOC_DIAGNOSTIC_ONLY
Gucheng,11,0,True,0.01004035476437593,0.2798644642334235,-0.26982410946904756,0.0078125,42,9,REGISTERED
Gucheng,11,1,False,0.04202739070117796,0.2758711637672748,-0.23384377306609683,0.0078125,43,8,POST_HOC_DIAGNOSTIC_ONLY
Gucheng,11,2,False,0.029088098243303846,0.27802149757717415,-0.2489333993338703,0.0078125,42,7,POST_HOC_DIAGNOSTIC_ONLY
Gucheng,11,3,False,0.04635293376266553,0.273550114617793,-0.22719718085512747,0.0078125,43,6,POST_HOC_DIAGNOSTIC_ONLY
Gucheng,11,4,False,0.10953944013330351,0.28042210072806417,-0.17088266059476065,0.0234375,43,5,POST_HOC_DIAGNOSTIC_ONLY
Gucheng,11,5,False,0.17186676053708352,0.2826233369848782,-0.11075657644779466,0.046875,42,4,POST_HOC_DIAGNOSTIC_ONLY
Gucheng,11,6,False,0.16647671513480305,0.29966443071513044,-0.13318771558032738,0.0390625,44,3,POST_HOC_DIAGNOSTIC_ONLY
Gucheng,11,7,False,0.12746731078497162,0.2861274449826012,-0.15866013419762956,0.0078125,42,2,POST_HOC_DIAGNOSTIC_ONLY
Gucheng,11,8,False,0.08923473654451934,0.2883914207888226,-0.19915668424430322,0.0078125,43,1,POST_HOC_DIAGNOSTIC_ONLY
Gucheng,11,9,False,0.04456149811137046,0.2973500161738499,-0.25278851806247943,0.0078125,43,0,POST_HOC_DIAGNOSTIC_ONLY
Gucheng,11,10,False,0.06805023066853831,0.3002219404882984,-0.2321717098197601,0.0078125,43,10,POST_HOC_DIAGNOSTIC_ONLY
Huairou,11,0,True,0.09576735334987535,0.3216431185001333,-0.22587576515025792,0.0078125,42,9,REGISTERED
Huairou,11,1,False,0.0938546464255155,0.3131859223084648,-0.21933127588294932,0.0078125,43,8,POST_HOC_DIAGNOSTIC_ONLY
Huairou,11,2,False,0.11544178931627364,0.30579635994288074,-0.1903545706266071,0.0078125,42,7,POST_HOC_DIAGNOSTIC_ONLY
Huairou,11,3,False,0.14334876599661564,0.3038186596988936,-0.16046989370227796,0.0078125,43,6,POST_HOC_DIAGNOSTIC_ONLY
Huairou,11,4,False,0.18712118926665638,0.29770412635383586,-0.11058293708717948,0.03125,43,5,POST_HOC_DIAGNOSTIC_ONLY
Huairou,11,5,False,0.21746096444221702,0.294131541693771,-0.07667057725155396,0.0703125,42,4,POST_HOC_DIAGNOSTIC_ONLY
Huairou,11,6,False,0.18042425436595225,0.2982329873082051,-0.11780873294225283,0.046875,44,3,POST_HOC_DIAGNOSTIC_ONLY
Huairou,11,7,False,0.11880070847173713,0.3149191083542,-0.19611839988246288,0.0078125,42,2,POST_HOC_DIAGNOSTIC_ONLY
Huairou,11,8,False,0.09510779390194503,0.30823492903539396,-0.21312713513344894,0.0078125,43,1,POST_HOC_DIAGNOSTIC_ONLY
Huairou,11,9,False,0.055147624334615335,0.312748064045639,-0.25760043971102364,0.0078125,43,0,POST_HOC_DIAGNOSTIC_ONLY
Huairou,11,10,False,0.10417220950849547,0.3164188796192415,-0.212246670110746,0.0078125,43,10,POST_HOC_DIAGNOSTIC_ONLY
Nongzhanguan,11,0,True,0.04105844855672605,0.30146480010702575,-0.2604063515502997,0.0078125,42,9,REGISTERED
Nongzhanguan,11,1,False,0.052730914464481804,0.2938416799076272,-0.24111076544314541,0.0078125,43,8,POST_HOC_DIAGNOSTIC_ONLY
Nongzhanguan,11,2,False,0.10823401415070202,0.2964057484423247,-0.18817173429162268,0.015625,42,7,POST_HOC_DIAGNOSTIC_ONLY
Nongzhanguan,11,3,False,0.11506149126451955,0.29139840593897454,-0.176336914674455,0.0234375,43,6,POST_HOC_DIAGNOSTIC_ONLY
Nongzhanguan,11,4,False,0.2085758046626339,0.2829920038240715,-0.07441619916143763,0.125,43,5,POST_HOC_DIAGNOSTIC_ONLY
Nongzhanguan,11,5,False,0.2410867859243551,0.28985155241257976,-0.04876476648822467,0.2265625,42,4,POST_HOC_DIAGNOSTIC_ONLY
Nongzhanguan,11,6,False,0.19760503119064504,0.2855807800621919,-0.08797574887154685,0.1015625,44,3,POST_HOC_DIAGNOSTIC_ONLY
Nongzhanguan,11,7,False,0.17846974122518688,0.28196833033471325,-0.10349858910952636,0.0625,42,2,POST_HOC_DIAGNOSTIC_ONLY
Nongzhanguan,11,8,False,0.14585019752195771,0.2872541026107114,-0.14140390508875367,0.046875,43,1,POST_HOC_DIAGNOSTIC_ONLY
Nongzhanguan,11,9,False,0.09467530102372668,0.2987212794085884,-0.20404597838486171,0.0078125,43,0,POST_HOC_DIAGNOSTIC_ONLY
Nongzhanguan,11,10,False,0.1060515288003563,0.3040035639500495,-0.19795203514969323,0.0078125,43,10,POST_HOC_DIAGNOSTIC_ONLY
Shunyi,11,0,True,0.08723598096341419,0.3253194498190812,-0.238083468855667,0.0078125,42,9,REGISTERED
Shunyi,11,1,False,0.1109826440453895,0.3185153362096626,-0.2075326921642731,0.0078125,43,8,POST_HOC_DIAGNOSTIC_ONLY
Shunyi,11,2,False,0.15917560758049526,0.3193166782316195,-0.16014107065112426,0.03125,42,7,POST_HOC_DIAGNOSTIC_ONLY
Shunyi,11,3,False,0.16317958287653087,0.3284342406889856,-0.1652546578124547,0.0234375,43,6,POST_HOC_DIAGNOSTIC_ONLY
Shunyi,11,4,False,0.20457922330979394,0.32138813562607954,-0.1168089123162856,0.046875,43,5,POST_HOC_DIAGNOSTIC_ONLY
Shunyi,11,5,False,0.24636379215677245,0.3259639191297257,-0.07960012697295327,0.1015625,42,4,POST_HOC_DIAGNOSTIC_ONLY
Shunyi,11,6,False,0.20258306872689574,0.3238427693516787,-0.12125970062478297,0.046875,44,3,POST_HOC_DIAGNOSTIC_ONLY
Shunyi,11,7,False,0.14669858190525487,0.3351633736830015,-0.1884647917777466,0.0078125,42,2,POST_HOC_DIAGNOSTIC_ONLY
Shunyi,11,8,False,0.10365096578847689,0.3308738506159328,-0.2272228848274559,0.015625,43,1,POST_HOC_DIAGNOSTIC_ONLY
Shunyi,11,9,False,0.08362490191860926,0.31762224772336456,-0.23399734580475529,0.0078125,43,0,POST_HOC_DIAGNOSTIC_ONLY
Shunyi,11,10,False,0.1214299616511624,0.3295510298188267,-0.20812106816766432,0.0078125,43,10,POST_HOC_DIAGNOSTIC_ONLY
Tiantan,11,0,True,-0.016304215384755925,0.2471601701519699,-0.2634643855367258,0.0078125,42,9,REGISTERED
Tiantan,11,1,False,0.04523920562395341,0.2420658239785182,-0.19682661835456478,0.0078125,43,8,POST_HOC_DIAGNOSTIC_ONLY
Tiantan,11,2,False,0.06390616261852475,0.251713048161669,-0.18780688554314426,0.0078125,42,7,POST_HOC_DIAGNOSTIC_ONLY
Tiantan,11,3,False,0.0679686072457232,0.24854658438575125,-0.18057797714002805,0.0078125,43,6,POST_HOC_DIAGNOSTIC_ONLY
Tiantan,11,4,False,0.16832072916028487,0.25118994030375963,-0.08286921114347476,0.1796875,43,5,POST_HOC_DIAGNOSTIC_ONLY
Tiantan,11,5,False,0.18924149766244983,0.23773980699208902,-0.048498309329639194,0.2734375,42,4,POST_HOC_DIAGNOSTIC_ONLY
Tiantan,11,6,False,0.16483535615006292,0.2373200761231092,-0.07248471997304629,0.1328125,44,3,POST_HOC_DIAGNOSTIC_ONLY
Tiantan,11,7,False,0.13166779193641096,0.2425722653590503,-0.11090447342263934,0.078125,42,2,POST_HOC_DIAGNOSTIC_ONLY
Tiantan,11,8,False,0.10247116732617854,0.2411125970328622,-0.13864142970668364,0.03125,43,1,POST_HOC_DIAGNOSTIC_ONLY
Tiantan,11,9,False,0.06537157033908374,0.24567272678376198,-0.18030115644467826,0.0078125,43,0,POST_HOC_DIAGNOSTIC_ONLY
Tiantan,11,10,False,0.06581578716509259,0.2511020274012342,-0.18528624023614162,0.0078125,43,10,POST_HOC_DIAGNOSTIC_ONLY
Wanliu,11,0,True,0.11359421080076365,0.37656939966254616,-0.2629751888617825,0.0078125,42,9,REGISTERED
Wanliu,11,1,False,0.14170637327482452,0.3721795704253301,-0.2304731971505056,0.0078125,43,8,POST_HOC_DIAGNOSTIC_ONLY
Wanliu,11,2,False,0.15086260198420476,0.3768936371061363,-0.22603103512193157,0.0078125,42,7,POST_HOC_DIAGNOSTIC_ONLY
Wanliu,11,3,False,0.17735179286249084,0.38435171930541306,-0.20699992644292223,0.0078125,43,6,POST_HOC_DIAGNOSTIC_ONLY
Wanliu,11,4,False,0.25934850414932925,0.37592381070789394,-0.11657530655856468,0.0625,43,5,POST_HOC_DIAGNOSTIC_ONLY
Wanliu,11,5,False,0.2696022751110098,0.3604233076130309,-0.09082103250202106,0.078125,42,4,POST_HOC_DIAGNOSTIC_ONLY
Wanliu,11,6,False,0.24525867353094696,0.3750865730985035,-0.12982789956755655,0.046875,44,3,POST_HOC_DIAGNOSTIC_ONLY
Wanliu,11,7,False,0.21107226017213634,0.37947836217448216,-0.16840610200234582,0.0234375,42,2,POST_HOC_DIAGNOSTIC_ONLY
Wanliu,11,8,False,0.1946862931638923,0.37435592536764767,-0.17966963220375537,0.0078125,43,1,POST_HOC_DIAGNOSTIC_ONLY
Wanliu,11,9,False,0.16008170537462763,0.3761454863318177,-0.2160637809571901,0.0078125,43,0,POST_HOC_DIAGNOSTIC_ONLY
Wanliu,11,10,False,0.18369791741374197,0.37883410266363726,-0.1951361852498953,0.0078125,43,10,POST_HOC_DIAGNOSTIC_ONLY
Wanshouxigong,11,0,True,0.04910877961644294,0.26614667224651894,-0.217037892630076,0.0078125,42,9,REGISTERED
Wanshouxigong,11,1,False,0.07692236213078138,0.27394527095481397,-0.1970229088240326,0.0078125,43,8,POST_HOC_DIAGNOSTIC_ONLY
Wanshouxigong,11,2,False,0.0979547665146538,0.26703640645908594,-0.16908163994443215,0.015625,42,7,POST_HOC_DIAGNOSTIC_ONLY
Wanshouxigong,11,3,False,0.09092862925394432,0.26372194524825493,-0.1727933159943106,0.0078125,43,6,POST_HOC_DIAGNOSTIC_ONLY
Wanshouxigong,11,4,False,0.17512636810698656,0.26795094198397557,-0.092824573876989,0.09375,43,5,POST_HOC_DIAGNOSTIC_ONLY
Wanshouxigong,11,5,False,0.22609291432875758,0.27117593948421154,-0.045083025155453954,0.21875,42,4,POST_HOC_DIAGNOSTIC_ONLY
Wanshouxigong,11,6,False,0.19678905617450076,0.2608302080086488,-0.06404115183414805,0.1796875,44,3,POST_HOC_DIAGNOSTIC_ONLY
Wanshouxigong,11,7,False,0.15567613592417762,0.25758190827956123,-0.10190577235538362,0.0625,42,2,POST_HOC_DIAGNOSTIC_ONLY
Wanshouxigong,11,8,False,0.09943999405961323,0.26922001916427074,-0.1697800251046575,0.015625,43,1,POST_HOC_DIAGNOSTIC_ONLY
Wanshouxigong,11,9,False,0.055045765978640464,0.2810520666529722,-0.22600630067433175,0.0078125,43,0,POST_HOC_DIAGNOSTIC_ONLY
Wanshouxigong,11,10,False,0.1102653110854407,0.2796802870093505,-0.1694149759239098,0.015625,43,10,POST_HOC_DIAGNOSTIC_ONLY
Aotizhongxin,12,0,True,0.06922958596102723,0.28550627529624295,-0.2162766893352157,0.0078125,44,9,REGISTERED
Aotizhongxin,12,1,False,0.09693290537888177,0.28730396949379233,-0.19037106411491056,0.0078125,43,8,POST_HOC_DIAGNOSTIC_ONLY
Aotizhongxin,12,2,False,0.06051161674346484,0.2817495128944151,-0.22123789615095024,0.0078125,43,7,POST_HOC_DIAGNOSTIC_ONLY
Aotizhongxin,12,3,False,0.10703255946409294,0.2812875658465272,-0.17425500638243424,0.0234375,44,6,POST_HOC_DIAGNOSTIC_ONLY
Aotizhongxin,12,4,False,0.14147769526621393,0.2750678619231472,-0.13359016665693327,0.046875,43,5,POST_HOC_DIAGNOSTIC_ONLY
Aotizhongxin,12,5,False,0.10058967013267181,0.27965446226883955,-0.17906479213616774,0.015625,42,4,POST_HOC_DIAGNOSTIC_ONLY
Aotizhongxin,12,6,False,0.06843367749926905,0.2807368259134564,-0.21230314841418735,0.015625,42,3,POST_HOC_DIAGNOSTIC_ONLY
Aotizhongxin,12,7,False,0.04703892582322717,0.28646605445979384,-0.23942712863656668,0.0078125,44,2,POST_HOC_DIAGNOSTIC_ONLY
Aotizhongxin,12,8,False,0.10455175469628987,0.28309425027006985,-0.17854249557378,0.015625,44,1,POST_HOC_DIAGNOSTIC_ONLY
Aotizhongxin,12,9,False,0.08041669173495652,0.299668592284089,-0.21925190054913246,0.0078125,43,0,POST_HOC_DIAGNOSTIC_ONLY
Aotizhongxin,12,10,False,0.047353648527992814,0.29787334406391175,-0.2505196955359189,0.0078125,43,11,POST_HOC_DIAGNOSTIC_ONLY
Aotizhongxin,12,11,False,0.06632019838608118,0.29972633014074584,-0.23340613175466468,0.0078125,42,10,POST_HOC_DIAGNOSTIC_ONLY
Changping,12,0,True,0.11894854148845145,0.31751269912429253,-0.19856415763584107,0.015625,44,9,REGISTERED
Changping,12,1,False,0.11709333095846593,0.3142882834221993,-0.19719495246373336,0.015625,43,8,POST_HOC_DIAGNOSTIC_ONLY
Changping,12,2,False,0.11032601448621919,0.3134806218315592,-0.20315460734534002,0.0078125,43,7,POST_HOC_DIAGNOSTIC_ONLY
Changping,12,3,False,0.16680679297813397,0.31398902031020565,-0.14718222733207167,0.0078125,44,6,POST_HOC_DIAGNOSTIC_ONLY
Changping,12,4,False,0.2099188292966721,0.3172689750875709,-0.1073501457908988,0.1015625,43,5,POST_HOC_DIAGNOSTIC_ONLY
Changping,12,5,False,0.18749038961842499,0.31595299279101097,-0.12846260317258598,0.03125,42,4,POST_HOC_DIAGNOSTIC_ONLY
Changping,12,6,False,0.13603147205578214,0.31309364413997726,-0.1770621720841951,0.0078125,42,3,POST_HOC_DIAGNOSTIC_ONLY
Changping,12,7,False,0.10799481982448475,0.3069886707397704,-0.19899385091528562,0.0078125,44,2,POST_HOC_DIAGNOSTIC_ONLY
Changping,12,8,False,0.17484915941588963,0.3116514978023516,-0.13680233838646194,0.015625,44,1,POST_HOC_DIAGNOSTIC_ONLY
Changping,12,9,False,0.17584514445068397,0.3038536906198472,-0.1280085461691632,0.015625,43,0,POST_HOC_DIAGNOSTIC_ONLY
Changping,12,10,False,0.1297531666585557,0.3073371019748243,-0.17758393531626857,0.0078125,43,11,POST_HOC_DIAGNOSTIC_ONLY
Changping,12,11,False,0.13229017455801728,0.3251744803312459,-0.19288430577322863,0.0078125,42,10,POST_HOC_DIAGNOSTIC_ONLY
Dingling,12,0,True,0.12135130549103275,0.3269177419318338,-0.20556643644080108,0.0078125,44,9,REGISTERED
Dingling,12,1,False,0.08300181495056043,0.3158126188075579,-0.23281080385699748,0.0078125,43,8,POST_HOC_DIAGNOSTIC_ONLY
Dingling,12,2,False,0.07752097551275773,0.3191473590309254,-0.24162638351816768,0.0078125,43,7,POST_HOC_DIAGNOSTIC_ONLY
Dingling,12,3,False,0.14366587893179986,0.31602331677175927,-0.1723574378399594,0.0234375,44,6,POST_HOC_DIAGNOSTIC_ONLY
Dingling,12,4,False,0.19555944412750625,0.3193835494249513,-0.12382410529744503,0.0859375,43,5,POST_HOC_DIAGNOSTIC_ONLY
Dingling,12,5,False,0.15408527644579614,0.318433561039816,-0.16434828459401987,0.0234375,42,4,POST_HOC_DIAGNOSTIC_ONLY
Dingling,12,6,False,0.10119382428137694,0.3247856796783124,-0.22359185539693546,0.0078125,42,3,POST_HOC_DIAGNOSTIC_ONLY
Dingling,12,7,False,0.06860247293241631,0.3253560532357082,-0.2567535803032919,0.0078125,44,2,POST_HOC_DIAGNOSTIC_ONLY
Dingling,12,8,False,0.126488556544026,0.3267841742972125,-0.20029561775318652,0.0078125,44,1,POST_HOC_DIAGNOSTIC_ONLY
Dingling,12,9,False,0.1514049489527779,0.3276807849130596,-0.17627583596028168,0.015625,43,0,POST_HOC_DIAGNOSTIC_ONLY
Dingling,12,10,False,0.14081678435533984,0.33195627072795053,-0.1911394863726107,0.015625,43,11,POST_HOC_DIAGNOSTIC_ONLY
Dingling,12,11,False,0.14474198934777674,0.3247601191877548,-0.18001812983997809,0.0078125,42,10,POST_HOC_DIAGNOSTIC_ONLY
Dongsi,12,0,True,0.1990768341453256,0.3484923508873796,-0.14941551674205403,0.015625,44,9,REGISTERED
Dongsi,12,1,False,0.21078997887814985,0.35011269642771997,-0.13932271754957012,0.03125,43,8,POST_HOC_DIAGNOSTIC_ONLY
Dongsi,12,2,False,0.1741982180799519,0.3504183896742004,-0.17622017159424852,0.0078125,43,7,POST_HOC_DIAGNOSTIC_ONLY
Dongsi,12,3,False,0.21686841646789692,0.3373376488671152,-0.12046923239921828,0.0703125,44,6,POST_HOC_DIAGNOSTIC_ONLY
Dongsi,12,4,False,0.25759047632224713,0.3471375196652046,-0.08954704334295749,0.15625,43,5,POST_HOC_DIAGNOSTIC_ONLY
Dongsi,12,5,False,0.21704726583777031,0.344956944017232,-0.12790967817946167,0.0546875,42,4,POST_HOC_DIAGNOSTIC_ONLY
Dongsi,12,6,False,0.17266326250614145,0.35707565368673927,-0.18441239118059782,0.0078125,42,3,POST_HOC_DIAGNOSTIC_ONLY
Dongsi,12,7,False,0.16907101575313402,0.35595189975567326,-0.18688088400253924,0.0078125,44,2,POST_HOC_DIAGNOSTIC_ONLY
Dongsi,12,8,False,0.22841473745332183,0.35671091556571505,-0.12829617811239322,0.0234375,44,1,POST_HOC_DIAGNOSTIC_ONLY
Dongsi,12,9,False,0.21009327881305845,0.35578635595789865,-0.1456930771448402,0.0234375,43,0,POST_HOC_DIAGNOSTIC_ONLY
Dongsi,12,10,False,0.18355255908949134,0.36424333415987165,-0.1806907750703803,0.015625,43,11,POST_HOC_DIAGNOSTIC_ONLY
Dongsi,12,11,False,0.19393341318756452,0.35140077549241505,-0.15746736230485053,0.015625,42,10,POST_HOC_DIAGNOSTIC_ONLY
Guanyuan,12,0,True,0.13058003202612725,0.3007591579488779,-0.17017912592275067,0.0078125,44,9,REGISTERED
Guanyuan,12,1,False,0.13151155114644944,0.298088660978164,-0.16657710983171456,0.0078125,43,8,POST_HOC_DIAGNOSTIC_ONLY
Guanyuan,12,2,False,0.08872331928613013,0.2893621568954071,-0.20063883760927698,0.0078125,43,7,POST_HOC_DIAGNOSTIC_ONLY
Guanyuan,12,3,False,0.1252399983550062,0.284534882632102,-0.15929488427709582,0.0078125,44,6,POST_HOC_DIAGNOSTIC_ONLY
Guanyuan,12,4,False,0.16864552948341366,0.2979955913937922,-0.12935006191037857,0.0390625,43,5,POST_HOC_DIAGNOSTIC_ONLY
Guanyuan,12,5,False,0.13186435353166603,0.29497102229325556,-0.16310666876158952,0.0078125,42,4,POST_HOC_DIAGNOSTIC_ONLY
Guanyuan,12,6,False,0.093508014213218,0.2923149902211325,-0.1988069760079145,0.0078125,42,3,POST_HOC_DIAGNOSTIC_ONLY
Guanyuan,12,7,False,0.06999494549662559,0.31013871444930496,-0.24014376895267936,0.0078125,44,2,POST_HOC_DIAGNOSTIC_ONLY
Guanyuan,12,8,False,0.11204068317983407,0.3080168236754444,-0.19597614049561035,0.0078125,44,1,POST_HOC_DIAGNOSTIC_ONLY
Guanyuan,12,9,False,0.09810140164047881,0.3047268814690672,-0.20662547982858837,0.0078125,43,0,POST_HOC_DIAGNOSTIC_ONLY
Guanyuan,12,10,False,0.07769323153558876,0.3034663040798754,-0.22577307254428663,0.0078125,43,11,POST_HOC_DIAGNOSTIC_ONLY
Guanyuan,12,11,False,0.11314741757501451,0.3044581804517368,-0.19131076287672227,0.0078125,42,10,POST_HOC_DIAGNOSTIC_ONLY
Gucheng,12,0,True,0.09623984265322404,0.2837443383496663,-0.18750449569644223,0.0078125,44,9,REGISTERED
Gucheng,12,1,False,0.0938473094438968,0.2948940062165381,-0.2010466967726413,0.015625,43,8,POST_HOC_DIAGNOSTIC_ONLY
Gucheng,12,2,False,0.05138051150814857,0.2926667544189894,-0.24128624291084086,0.0078125,43,7,POST_HOC_DIAGNOSTIC_ONLY
Gucheng,12,3,False,0.09172687565914653,0.28254630555810967,-0.19081942989896314,0.0078125,44,6,POST_HOC_DIAGNOSTIC_ONLY
Gucheng,12,4,False,0.13872443436702536,0.2886201934914952,-0.14989575912446984,0.03125,43,5,POST_HOC_DIAGNOSTIC_ONLY
Gucheng,12,5,False,0.09070571876941401,0.29377808495818947,-0.20307236618877544,0.015625,42,4,POST_HOC_DIAGNOSTIC_ONLY
Gucheng,12,6,False,0.052145366762590115,0.30147011092402376,-0.24932474416143363,0.0078125,42,3,POST_HOC_DIAGNOSTIC_ONLY
Gucheng,12,7,False,0.015114315039517991,0.2991792562589868,-0.2840649412194688,0.0078125,44,2,POST_HOC_DIAGNOSTIC_ONLY
Gucheng,12,8,False,0.0682007130146889,0.2917693673100062,-0.2235686542953173,0.0078125,44,1,POST_HOC_DIAGNOSTIC_ONLY
Gucheng,12,9,False,0.05860853712698908,0.29407031653896215,-0.23546177941197308,0.0078125,43,0,POST_HOC_DIAGNOSTIC_ONLY
Gucheng,12,10,False,0.034931224239617545,0.28997106473820455,-0.255039840498587,0.0078125,43,11,POST_HOC_DIAGNOSTIC_ONLY
Gucheng,12,11,False,0.08191457312707626,0.28822388453699777,-0.2063093114099215,0.0078125,42,10,POST_HOC_DIAGNOSTIC_ONLY
Huairou,12,0,True,0.09151280278603832,0.3291141721472858,-0.23760136936124746,0.0078125,44,9,REGISTERED
Huairou,12,1,False,0.0959368010847149,0.3242179688371329,-0.22828116775241797,0.015625,43,8,POST_HOC_DIAGNOSTIC_ONLY
Huairou,12,2,False,0.10490705348471666,0.3114859760117685,-0.20657892252705182,0.0078125,43,7,POST_HOC_DIAGNOSTIC_ONLY
Huairou,12,3,False,0.14169075241446172,0.3171700297155857,-0.175479277301124,0.015625,44,6,POST_HOC_DIAGNOSTIC_ONLY
Huairou,12,4,False,0.20256709911575366,0.3061898526656987,-0.10362275354994505,0.0625,43,5,POST_HOC_DIAGNOSTIC_ONLY
Huairou,12,5,False,0.17706282312781582,0.30843000816737176,-0.13136718503955594,0.0546875,42,4,POST_HOC_DIAGNOSTIC_ONLY
Huairou,12,6,False,0.13735049408148403,0.31096708109971866,-0.17361658701823462,0.0078125,42,3,POST_HOC_DIAGNOSTIC_ONLY
Huairou,12,7,False,0.09215015319976573,0.30983685009138384,-0.21768669689161813,0.0078125,44,2,POST_HOC_DIAGNOSTIC_ONLY
Huairou,12,8,False,0.11614705864938005,0.31679414931313005,-0.20064709066375,0.0078125,44,1,POST_HOC_DIAGNOSTIC_ONLY
Huairou,12,9,False,0.12389396576745562,0.30688818879844126,-0.18299422303098564,0.0078125,43,0,POST_HOC_DIAGNOSTIC_ONLY
Huairou,12,10,False,0.0847052831038825,0.3197102993997165,-0.235005016295834,0.0078125,43,11,POST_HOC_DIAGNOSTIC_ONLY
Huairou,12,11,False,0.09291027286704616,0.32645915426554406,-0.2335488813984979,0.0078125,42,10,POST_HOC_DIAGNOSTIC_ONLY
Nongzhanguan,12,0,True,0.16557810254838043,0.2969292159775986,-0.13135111342921815,0.0546875,44,9,REGISTERED
Nongzhanguan,12,1,False,0.15134183478259525,0.2881250747417929,-0.13678323995919764,0.046875,43,8,POST_HOC_DIAGNOSTIC_ONLY
Nongzhanguan,12,2,False,0.10913741785107416,0.29602844335634804,-0.18689102550527387,0.015625,43,7,POST_HOC_DIAGNOSTIC_ONLY
Nongzhanguan,12,3,False,0.12223279696002055,0.30329098660810105,-0.18105818964808051,0.0078125,44,6,POST_HOC_DIAGNOSTIC_ONLY
Nongzhanguan,12,4,False,0.169736217229775,0.28973802716212765,-0.12000180993235265,0.046875,43,5,POST_HOC_DIAGNOSTIC_ONLY
Nongzhanguan,12,5,False,0.1319208957861309,0.29084919783967406,-0.15892830205354316,0.015625,42,4,POST_HOC_DIAGNOSTIC_ONLY
Nongzhanguan,12,6,False,0.08305598262814129,0.29411416757536907,-0.21105818494722778,0.015625,42,3,POST_HOC_DIAGNOSTIC_ONLY
Nongzhanguan,12,7,False,0.08695766804805048,0.30250545153109426,-0.21554778348304376,0.015625,44,2,POST_HOC_DIAGNOSTIC_ONLY
Nongzhanguan,12,8,False,0.13772577034545233,0.3072428959567278,-0.1695171256112755,0.015625,44,1,POST_HOC_DIAGNOSTIC_ONLY
Nongzhanguan,12,9,False,0.12029727394225127,0.29802509418388506,-0.1777278202416338,0.015625,43,0,POST_HOC_DIAGNOSTIC_ONLY
Nongzhanguan,12,10,False,0.1036733303896489,0.3039592662113364,-0.2002859358216875,0.0078125,43,11,POST_HOC_DIAGNOSTIC_ONLY
Nongzhanguan,12,11,False,0.14615539808804778,0.30293532387015,-0.1567799257821022,0.03125,42,10,POST_HOC_DIAGNOSTIC_ONLY
Shunyi,12,0,True,0.12777721313566448,0.350204201144191,-0.2224269880085265,0.0078125,44,9,REGISTERED
Shunyi,12,1,False,0.15525558005854437,0.340359403390102,-0.18510382333155764,0.0234375,43,8,POST_HOC_DIAGNOSTIC_ONLY
Shunyi,12,2,False,0.14059785640821726,0.3245236405177734,-0.18392578410955612,0.03125,43,7,POST_HOC_DIAGNOSTIC_ONLY
Shunyi,12,3,False,0.16453740284031776,0.3355026165922602,-0.17096521375194246,0.03125,44,6,POST_HOC_DIAGNOSTIC_ONLY
Shunyi,12,4,False,0.22440529429913106,0.32555213351054535,-0.10114683921141429,0.09375,43,5,POST_HOC_DIAGNOSTIC_ONLY
Shunyi,12,5,False,0.18125741635438397,0.3208387415751726,-0.13958132522078864,0.0234375,42,4,POST_HOC_DIAGNOSTIC_ONLY
Shunyi,12,6,False,0.13045966635581183,0.32895912928033766,-0.19849946292452583,0.0078125,42,3,POST_HOC_DIAGNOSTIC_ONLY
Shunyi,12,7,False,0.11329979543470389,0.33364408273891527,-0.22034428730421138,0.0078125,44,2,POST_HOC_DIAGNOSTIC_ONLY
Shunyi,12,8,False,0.13662829761059866,0.3310530349102466,-0.19442473729964796,0.0078125,44,1,POST_HOC_DIAGNOSTIC_ONLY
Shunyi,12,9,False,0.12864555562939253,0.353136592087046,-0.22449103645765348,0.015625,43,0,POST_HOC_DIAGNOSTIC_ONLY
Shunyi,12,10,False,0.09541808516044067,0.3468654834189866,-0.2514473982585459,0.0078125,43,11,POST_HOC_DIAGNOSTIC_ONLY
Shunyi,12,11,False,0.1340776680982077,0.34975019136398877,-0.21567252326578107,0.015625,42,10,POST_HOC_DIAGNOSTIC_ONLY
Tiantan,12,0,True,0.0863447735637619,0.2559295305434091,-0.1695847569796472,0.0078125,44,9,REGISTERED
Tiantan,12,1,False,0.1054507317021627,0.2477899538466587,-0.142339222144496,0.0390625,43,8,POST_HOC_DIAGNOSTIC_ONLY
Tiantan,12,2,False,0.09233307162690968,0.2448734916600936,-0.1525404200331839,0.015625,43,7,POST_HOC_DIAGNOSTIC_ONLY
Tiantan,12,3,False,0.1402597792176594,0.2409603110990714,-0.10070053188141201,0.0625,44,6,POST_HOC_DIAGNOSTIC_ONLY
Tiantan,12,4,False,0.157737868768931,0.24951463657413225,-0.09177676780520125,0.1015625,43,5,POST_HOC_DIAGNOSTIC_ONLY
Tiantan,12,5,False,0.1353207070405702,0.24858073408159134,-0.11326002704102114,0.046875,42,4,POST_HOC_DIAGNOSTIC_ONLY
Tiantan,12,6,False,0.08283337006397451,0.25633079909817647,-0.17349742903420196,0.0234375,42,3,POST_HOC_DIAGNOSTIC_ONLY
Tiantan,12,7,False,0.05438544179172257,0.24589486159378982,-0.19150941980206726,0.0078125,44,2,POST_HOC_DIAGNOSTIC_ONLY
Tiantan,12,8,False,0.09768638332051426,0.2500024451666312,-0.15231606184611696,0.03125,44,1,POST_HOC_DIAGNOSTIC_ONLY
Tiantan,12,9,False,0.07904784791593594,0.24713642035828245,-0.1680885724423465,0.015625,43,0,POST_HOC_DIAGNOSTIC_ONLY
Tiantan,12,10,False,0.06048193639848517,0.2588910890000299,-0.1984091526015447,0.0078125,43,11,POST_HOC_DIAGNOSTIC_ONLY
Tiantan,12,11,False,0.07677378307567362,0.2630588652098529,-0.18628508213417927,0.0078125,42,10,POST_HOC_DIAGNOSTIC_ONLY
Wanliu,12,0,True,0.21237663484533284,0.3897760065411775,-0.17739937169584466,0.0078125,44,9,REGISTERED
Wanliu,12,1,False,0.21082351241642866,0.3790314989294597,-0.16820798651303104,0.015625,43,8,POST_HOC_DIAGNOSTIC_ONLY
Wanliu,12,2,False,0.1680905959365815,0.37967519236073793,-0.21158459642415645,0.0078125,43,7,POST_HOC_DIAGNOSTIC_ONLY
Wanliu,12,3,False,0.20185639564959956,0.3811317947508706,-0.17927539910127105,0.0078125,44,6,POST_HOC_DIAGNOSTIC_ONLY
Wanliu,12,4,False,0.23938011203002488,0.3844797105637082,-0.14509959853368334,0.015625,43,5,POST_HOC_DIAGNOSTIC_ONLY
Wanliu,12,5,False,0.20237696682725542,0.3876143456195047,-0.18523737879224927,0.0078125,42,4,POST_HOC_DIAGNOSTIC_ONLY
Wanliu,12,6,False,0.1765677695798427,0.3830103765073754,-0.20644260692753272,0.0078125,42,3,POST_HOC_DIAGNOSTIC_ONLY
Wanliu,12,7,False,0.15150463142090614,0.39025377444242887,-0.23874914302152273,0.0078125,44,2,POST_HOC_DIAGNOSTIC_ONLY
Wanliu,12,8,False,0.19990265187676742,0.39935883166240904,-0.19945617978564162,0.0078125,44,1,POST_HOC_DIAGNOSTIC_ONLY
Wanliu,12,9,False,0.19606861057604344,0.3974582283934874,-0.20138961781744394,0.0078125,43,0,POST_HOC_DIAGNOSTIC_ONLY
Wanliu,12,10,False,0.16664468579058994,0.39056728481587033,-0.2239225990252804,0.0078125,43,11,POST_HOC_DIAGNOSTIC_ONLY
Wanliu,12,11,False,0.20856650792066286,0.38702494303581547,-0.1784584351151526,0.015625,42,10,POST_HOC_DIAGNOSTIC_ONLY
Wanshouxigong,12,0,True,0.14407622996745173,0.2776322533376569,-0.13355602337020517,0.0546875,44,9,REGISTERED
Wanshouxigong,12,1,False,0.15043616698084036,0.26639915120435465,-0.11596298422351428,0.0625,43,8,POST_HOC_DIAGNOSTIC_ONLY
Wanshouxigong,12,2,False,0.13054626056445195,0.2730667754786666,-0.14252051491421464,0.03125,43,7,POST_HOC_DIAGNOSTIC_ONLY
Wanshouxigong,12,3,False,0.16656225012140283,0.2812186889681785,-0.11465643884677565,0.0703125,44,6,POST_HOC_DIAGNOSTIC_ONLY
Wanshouxigong,12,4,False,0.17043349996090004,0.26953485784191294,-0.0991013578810129,0.0546875,43,5,POST_HOC_DIAGNOSTIC_ONLY
Wanshouxigong,12,5,False,0.14379752541612542,0.2743481865823564,-0.13055066116623096,0.0390625,42,4,POST_HOC_DIAGNOSTIC_ONLY
Wanshouxigong,12,6,False,0.13070850197156825,0.28224837602291214,-0.1515398740513439,0.03125,42,3,POST_HOC_DIAGNOSTIC_ONLY
Wanshouxigong,12,7,False,0.07735976932523005,0.2911742363986646,-0.21381446707343454,0.0078125,44,2,POST_HOC_DIAGNOSTIC_ONLY
Wanshouxigong,12,8,False,0.10872362923918595,0.286750754578757,-0.17802712533957105,0.015625,44,1,POST_HOC_DIAGNOSTIC_ONLY
Wanshouxigong,12,9,False,0.09427893169796643,0.27353967420417047,-0.17926074250620405,0.0078125,43,0,POST_HOC_DIAGNOSTIC_ONLY
Wanshouxigong,12,10,False,0.07878447737596117,0.2831016994525769,-0.20431722207661573,0.0234375,43,11,POST_HOC_DIAGNOSTIC_ONLY
Wanshouxigong,12,11,False,0.12391891199312058,0.2824202818665683,-0.15850136987344773,0.0390625,42,10,POST_HOC_DIAGNOSTIC_ONLY
Aotizhongxin,13,0,True,0.037786416000372726,0.2958763973475344,-0.25808998134716166,0.0078125,44,5,REGISTERED
Aotizhongxin,13,1,False,0.0828866109199726,0.2844915364157911,-0.20160492549581852,0.0078125,43,4,POST_HOC_DIAGNOSTIC_ONLY
Aotizhongxin,13,2,False,0.07214677686636949,0.27327036815269834,-0.20112359128632884,0.015625,42,3,POST_HOC_DIAGNOSTIC_ONLY
Aotizhongxin,13,3,False,0.07378103526734768,0.28838801992314617,-0.21460698465579847,0.0078125,43,2,POST_HOC_DIAGNOSTIC_ONLY
Aotizhongxin,13,4,False,0.07085405849154633,0.2865903200554002,-0.21573626156385386,0.0078125,44,1,POST_HOC_DIAGNOSTIC_ONLY
Aotizhongxin,13,5,False,0.07356142973396124,0.2854334040730647,-0.21187197433910349,0.015625,44,0,POST_HOC_DIAGNOSTIC_ONLY
Aotizhongxin,13,6,False,0.09355245619892778,0.2983696886711509,-0.2048172324722231,0.0078125,42,12,POST_HOC_DIAGNOSTIC_ONLY
Aotizhongxin,13,7,False,0.07234103344670628,0.30462376796113305,-0.23228273451442677,0.0078125,43,11,POST_HOC_DIAGNOSTIC_ONLY
Aotizhongxin,13,8,False,0.06875077312452722,0.30613636689089635,-0.23738559376636914,0.015625,45,10,POST_HOC_DIAGNOSTIC_ONLY
Aotizhongxin,13,9,False,0.0974296795440611,0.3078319037961344,-0.21040222425207328,0.0078125,43,9,POST_HOC_DIAGNOSTIC_ONLY
Aotizhongxin,13,10,False,0.1262345474087207,0.30725499615236457,-0.18102044874364387,0.015625,44,8,POST_HOC_DIAGNOSTIC_ONLY
Aotizhongxin,13,11,False,0.12281357854962593,0.3052099243317681,-0.18239634578214214,0.0078125,43,7,POST_HOC_DIAGNOSTIC_ONLY
Aotizhongxin,13,12,False,0.06987004959510647,0.301262882363441,-0.23139283276833456,0.0078125,44,6,POST_HOC_DIAGNOSTIC_ONLY
Changping,13,0,True,0.07919654894717108,0.30939721494852546,-0.23020066600135436,0.0078125,44,5,REGISTERED
Changping,13,1,False,0.11255746391616964,0.3163734090686075,-0.20381594515243787,0.0078125,43,4,POST_HOC_DIAGNOSTIC_ONLY
Changping,13,2,False,0.10786759573603322,0.3214401922355869,-0.21357259649955368,0.0078125,42,3,POST_HOC_DIAGNOSTIC_ONLY
Changping,13,3,False,0.12439789336161848,0.3179948314540348,-0.1935969380924163,0.0078125,43,2,POST_HOC_DIAGNOSTIC_ONLY
Changping,13,4,False,0.12322227742077223,0.3136689331876082,-0.19044665576683595,0.0078125,44,1,POST_HOC_DIAGNOSTIC_ONLY
Changping,13,5,False,0.14837903543525707,0.30853105015171617,-0.1601520147164591,0.015625,44,0,POST_HOC_DIAGNOSTIC_ONLY
Changping,13,6,False,0.17315314998611767,0.322825860867201,-0.14967271088108333,0.03125,42,12,POST_HOC_DIAGNOSTIC_ONLY
Changping,13,7,False,0.16706790451154535,0.32337048302050786,-0.1563025785089625,0.015625,43,11,POST_HOC_DIAGNOSTIC_ONLY
Changping,13,8,False,0.1651057493705745,0.3143868898059888,-0.14928114043541427,0.0234375,45,10,POST_HOC_DIAGNOSTIC_ONLY
Changping,13,9,False,0.17582479089120256,0.3090521416566541,-0.13322735076545156,0.0390625,43,9,POST_HOC_DIAGNOSTIC_ONLY
Changping,13,10,False,0.16642215257786086,0.32550916848852707,-0.1590870159106662,0.015625,44,8,POST_HOC_DIAGNOSTIC_ONLY
Changping,13,11,False,0.1704837609505427,0.3182664871603578,-0.1477827262098151,0.015625,43,7,POST_HOC_DIAGNOSTIC_ONLY
Changping,13,12,False,0.11655249359956865,0.3201250793235822,-0.20357258572401354,0.0078125,44,6,POST_HOC_DIAGNOSTIC_ONLY
Dingling,13,0,True,0.057601110434825936,0.31676749659500647,-0.2591663861601805,0.0078125,44,5,REGISTERED
Dingling,13,1,False,0.0725716470923511,0.31154398024402663,-0.23897233315167554,0.0078125,43,4,POST_HOC_DIAGNOSTIC_ONLY
Dingling,13,2,False,0.0669836819531556,0.31833454906468844,-0.25135086711153287,0.0078125,42,3,POST_HOC_DIAGNOSTIC_ONLY
Dingling,13,3,False,0.08811244512678554,0.3255983449771098,-0.23748589985032428,0.0078125,43,2,POST_HOC_DIAGNOSTIC_ONLY
Dingling,13,4,False,0.12125225905228272,0.3349247880103999,-0.21367252895811717,0.015625,44,1,POST_HOC_DIAGNOSTIC_ONLY
Dingling,13,5,False,0.15007728588050526,0.34234062940180876,-0.1922633435213035,0.015625,44,0,POST_HOC_DIAGNOSTIC_ONLY
Dingling,13,6,False,0.17056659580511446,0.3338891239055621,-0.16332252810044762,0.0078125,42,12,POST_HOC_DIAGNOSTIC_ONLY
Dingling,13,7,False,0.14463054816675158,0.334677754851781,-0.1900472066850294,0.015625,43,11,POST_HOC_DIAGNOSTIC_ONLY
Dingling,13,8,False,0.13754479950476187,0.33064882110598814,-0.19310402160122628,0.0078125,45,10,POST_HOC_DIAGNOSTIC_ONLY
Dingling,13,9,False,0.15285150911894826,0.32841885367799345,-0.17556734455904519,0.0078125,43,9,POST_HOC_DIAGNOSTIC_ONLY
Dingling,13,10,False,0.1522643831310103,0.32897639393942485,-0.17671201080841456,0.0078125,44,8,POST_HOC_DIAGNOSTIC_ONLY
Dingling,13,11,False,0.145311883466636,0.3289757454176928,-0.1836638619510568,0.015625,43,7,POST_HOC_DIAGNOSTIC_ONLY
Dingling,13,12,False,0.09372008959031225,0.32673500704458325,-0.233014917454271,0.015625,44,6,POST_HOC_DIAGNOSTIC_ONLY
Dongsi,13,0,True,0.1704582301859155,0.350165533650702,-0.17970730346478653,0.0078125,44,5,REGISTERED
Dongsi,13,1,False,0.21713685779642733,0.35727051738417065,-0.14013365958774332,0.03125,43,4,POST_HOC_DIAGNOSTIC_ONLY
Dongsi,13,2,False,0.19504468876083111,0.3524302963656593,-0.1573856076048282,0.0078125,42,3,POST_HOC_DIAGNOSTIC_ONLY
Dongsi,13,3,False,0.1899577659644815,0.3672702240615416,-0.1773124580970601,0.0078125,43,2,POST_HOC_DIAGNOSTIC_ONLY
Dongsi,13,4,False,0.1975516897985456,0.3609676366185918,-0.16341594682004623,0.0078125,44,1,POST_HOC_DIAGNOSTIC_ONLY
Dongsi,13,5,False,0.21385201461995687,0.3616501993498865,-0.14779818472992964,0.0078125,44,0,POST_HOC_DIAGNOSTIC_ONLY
Dongsi,13,6,False,0.22048970282247243,0.3704949489647607,-0.15000524614228827,0.03125,42,12,POST_HOC_DIAGNOSTIC_ONLY
Dongsi,13,7,False,0.19647892119646293,0.36710498181665974,-0.1706260606201968,0.0078125,43,11,POST_HOC_DIAGNOSTIC_ONLY
Dongsi,13,8,False,0.18786615110945074,0.3669415655681428,-0.17907541445869204,0.015625,45,10,POST_HOC_DIAGNOSTIC_ONLY
Dongsi,13,9,False,0.2035296841432761,0.34533782071462105,-0.14180813657134494,0.0546875,43,9,POST_HOC_DIAGNOSTIC_ONLY
Dongsi,13,10,False,0.24844748946297138,0.34729203072279335,-0.09884454125982198,0.1015625,44,8,POST_HOC_DIAGNOSTIC_ONLY
Dongsi,13,11,False,0.2353392842175991,0.35698194659034105,-0.12164266237274196,0.0625,43,7,POST_HOC_DIAGNOSTIC_ONLY
Dongsi,13,12,False,0.18431737071454254,0.34482873152043864,-0.1605113608058961,0.03125,44,6,POST_HOC_DIAGNOSTIC_ONLY
Guanyuan,13,0,True,0.0706912133762627,0.28538727396626584,-0.21469606059000312,0.0078125,44,5,REGISTERED
Guanyuan,13,1,False,0.12043997311597081,0.29162246722470475,-0.17118249410873393,0.0234375,43,4,POST_HOC_DIAGNOSTIC_ONLY
Guanyuan,13,2,False,0.10267381445640918,0.30088258250853755,-0.1982087680521284,0.0078125,42,3,POST_HOC_DIAGNOSTIC_ONLY
Guanyuan,13,3,False,0.0948049351654238,0.30111478136870173,-0.2063098462032779,0.0078125,43,2,POST_HOC_DIAGNOSTIC_ONLY
Guanyuan,13,4,False,0.08681073725029585,0.30880108450700133,-0.22199034725670547,0.0078125,44,1,POST_HOC_DIAGNOSTIC_ONLY
Guanyuan,13,5,False,0.09576076808714776,0.3031103861824015,-0.20734961809525373,0.0078125,44,0,POST_HOC_DIAGNOSTIC_ONLY
Guanyuan,13,6,False,0.09433476260407542,0.3014035849628332,-0.2070688223587578,0.0078125,42,12,POST_HOC_DIAGNOSTIC_ONLY
Guanyuan,13,7,False,0.10731733561575259,0.30028087453940766,-0.1929635389236551,0.0078125,43,11,POST_HOC_DIAGNOSTIC_ONLY
Guanyuan,13,8,False,0.10288450857571467,0.29859573266072237,-0.19571122408500768,0.0078125,45,10,POST_HOC_DIAGNOSTIC_ONLY
Guanyuan,13,9,False,0.12264814495619014,0.3048923785774872,-0.18224423362129705,0.015625,43,9,POST_HOC_DIAGNOSTIC_ONLY
Guanyuan,13,10,False,0.15678221256929484,0.3014658272744322,-0.14468361470513738,0.0234375,44,8,POST_HOC_DIAGNOSTIC_ONLY
Guanyuan,13,11,False,0.16901138182294262,0.29413518047050013,-0.12512379864755752,0.0625,43,7,POST_HOC_DIAGNOSTIC_ONLY
Guanyuan,13,12,False,0.09963453651906345,0.29918815057136733,-0.19955361405230387,0.0078125,44,6,POST_HOC_DIAGNOSTIC_ONLY
Gucheng,13,0,True,0.029637451603203507,0.2896572846037299,-0.2600198330005264,0.0078125,44,5,REGISTERED
Gucheng,13,1,False,0.059169584960742566,0.3009063935966143,-0.24173680863587174,0.0078125,43,4,POST_HOC_DIAGNOSTIC_ONLY
Gucheng,13,2,False,0.04008389269214167,0.2994463283098832,-0.2593624356177415,0.0078125,42,3,POST_HOC_DIAGNOSTIC_ONLY
Gucheng,13,3,False,0.05300555121976653,0.2949270887110185,-0.241921537491252,0.0078125,43,2,POST_HOC_DIAGNOSTIC_ONLY
Gucheng,13,4,False,0.051644442700864844,0.29915369175340784,-0.24750924905254298,0.0078125,44,1,POST_HOC_DIAGNOSTIC_ONLY
Gucheng,13,5,False,0.062432244523784854,0.28623763613028125,-0.2238053916064964,0.0078125,44,0,POST_HOC_DIAGNOSTIC_ONLY
Gucheng,13,6,False,0.06196179489393893,0.3081498210994612,-0.24618802620552227,0.0078125,42,12,POST_HOC_DIAGNOSTIC_ONLY
Gucheng,13,7,False,0.047116105930688296,0.3002252205432621,-0.2531091146125738,0.0078125,43,11,POST_HOC_DIAGNOSTIC_ONLY
Gucheng,13,8,False,0.0510321591623102,0.3085899536051043,-0.2575577944427941,0.0078125,45,10,POST_HOC_DIAGNOSTIC_ONLY
Gucheng,13,9,False,0.09408874273373317,0.29769212325288946,-0.20360338051915627,0.0078125,43,9,POST_HOC_DIAGNOSTIC_ONLY
Gucheng,13,10,False,0.1252826150979753,0.30447201783456335,-0.17918940273658804,0.0234375,44,8,POST_HOC_DIAGNOSTIC_ONLY
Gucheng,13,11,False,0.13249247953268165,0.30076537180834295,-0.1682728922756613,0.0234375,43,7,POST_HOC_DIAGNOSTIC_ONLY
Gucheng,13,12,False,0.0737235472059289,0.2914618366548696,-0.2177382894489407,0.0078125,44,6,POST_HOC_DIAGNOSTIC_ONLY
Huairou,13,0,True,0.0700409282665393,0.3144338175480327,-0.2443928892814934,0.0078125,44,5,REGISTERED
Huairou,13,1,False,0.10262881312732003,0.31539291507489065,-0.21276410194757062,0.0078125,43,4,POST_HOC_DIAGNOSTIC_ONLY
Huairou,13,2,False,0.10746078230343728,0.3217162951424122,-0.2142555128389749,0.0078125,42,3,POST_HOC_DIAGNOSTIC_ONLY
Huairou,13,3,False,0.11252180428172553,0.315123464938357,-0.2026016606566315,0.0078125,43,2,POST_HOC_DIAGNOSTIC_ONLY
Huairou,13,4,False,0.11783483214229427,0.30965710870487256,-0.19182227656257828,0.0078125,44,1,POST_HOC_DIAGNOSTIC_ONLY
Huairou,13,5,False,0.13949536458330358,0.3239759872722201,-0.18448062268891652,0.0078125,44,0,POST_HOC_DIAGNOSTIC_ONLY
Huairou,13,6,False,0.13398250136527232,0.32811219388976604,-0.19412969252449372,0.0078125,42,12,POST_HOC_DIAGNOSTIC_ONLY
Huairou,13,7,False,0.1111629514297016,0.32627595443820073,-0.21511300300849912,0.0078125,43,11,POST_HOC_DIAGNOSTIC_ONLY
Huairou,13,8,False,0.09961189901841071,0.31114773800600176,-0.21153583898759104,0.0078125,45,10,POST_HOC_DIAGNOSTIC_ONLY
Huairou,13,9,False,0.15718062608733727,0.30947860736887584,-0.15229798128153857,0.0078125,43,9,POST_HOC_DIAGNOSTIC_ONLY
Huairou,13,10,False,0.1733490607418572,0.3318225297129313,-0.1584734689710741,0.0234375,44,8,POST_HOC_DIAGNOSTIC_ONLY
Huairou,13,11,False,0.13148661730833772,0.3220286420500761,-0.19054202474173837,0.015625,43,7,POST_HOC_DIAGNOSTIC_ONLY
Huairou,13,12,False,0.08730492128926898,0.32248020915023407,-0.2351752878609651,0.0078125,44,6,POST_HOC_DIAGNOSTIC_ONLY
Nongzhanguan,13,0,True,0.098355731562084,0.29821249925540694,-0.19985676769332295,0.0234375,44,5,REGISTERED
Nongzhanguan,13,1,False,0.13763928105585102,0.29187683183435315,-0.15423755077850212,0.03125,43,4,POST_HOC_DIAGNOSTIC_ONLY
Nongzhanguan,13,2,False,0.10937600121177876,0.29968287718213893,-0.19030687597036017,0.015625,42,3,POST_HOC_DIAGNOSTIC_ONLY
Nongzhanguan,13,3,False,0.12320464462331701,0.29605339887772586,-0.17284875425440885,0.0078125,43,2,POST_HOC_DIAGNOSTIC_ONLY
Nongzhanguan,13,4,False,0.1226814702059333,0.29738509062761914,-0.17470362042168586,0.0078125,44,1,POST_HOC_DIAGNOSTIC_ONLY
Nongzhanguan,13,5,False,0.12723923136957394,0.29710509547841496,-0.16986586410884102,0.015625,44,0,POST_HOC_DIAGNOSTIC_ONLY
Nongzhanguan,13,6,False,0.11973433652314619,0.309905524505827,-0.1901711879826808,0.015625,42,12,POST_HOC_DIAGNOSTIC_ONLY
Nongzhanguan,13,7,False,0.06030791984743194,0.2987489008172647,-0.23844098096983274,0.0078125,43,11,POST_HOC_DIAGNOSTIC_ONLY
Nongzhanguan,13,8,False,0.09286115834970594,0.3116205364029316,-0.21875937805322565,0.0078125,45,10,POST_HOC_DIAGNOSTIC_ONLY
Nongzhanguan,13,9,False,0.11410479549097265,0.3048019173350187,-0.19069712184404608,0.015625,43,9,POST_HOC_DIAGNOSTIC_ONLY
Nongzhanguan,13,10,False,0.1534689638326984,0.2961254651851802,-0.14265650135248178,0.0390625,44,8,POST_HOC_DIAGNOSTIC_ONLY
Nongzhanguan,13,11,False,0.1722703019154131,0.30789237398590735,-0.13562207207049426,0.0625,43,7,POST_HOC_DIAGNOSTIC_ONLY
Nongzhanguan,13,12,False,0.1283501943154091,0.3118559152450625,-0.18350572092965342,0.03125,44,6,POST_HOC_DIAGNOSTIC_ONLY
Shunyi,13,0,True,0.08281772468736895,0.3359178620030822,-0.25310013731571324,0.0078125,44,5,REGISTERED
Shunyi,13,1,False,0.13483188360262388,0.3380557992254534,-0.20322391562282954,0.015625,43,4,POST_HOC_DIAGNOSTIC_ONLY
Shunyi,13,2,False,0.13783271476588885,0.3426967823562043,-0.20486406759031547,0.0078125,42,3,POST_HOC_DIAGNOSTIC_ONLY
Shunyi,13,3,False,0.16657185417221712,0.34478986753444185,-0.17821801336222473,0.015625,43,2,POST_HOC_DIAGNOSTIC_ONLY
Shunyi,13,4,False,0.15211695729858327,0.3489224205735848,-0.19680546327500154,0.0078125,44,1,POST_HOC_DIAGNOSTIC_ONLY
Shunyi,13,5,False,0.21470365337659628,0.34627877102070576,-0.13157511764410948,0.0234375,44,0,POST_HOC_DIAGNOSTIC_ONLY
Shunyi,13,6,False,0.20796814272065264,0.35726828805223926,-0.14930014533158661,0.0390625,42,12,POST_HOC_DIAGNOSTIC_ONLY
Shunyi,13,7,False,0.13206552756774492,0.3529803560217898,-0.22091482845404486,0.0078125,43,11,POST_HOC_DIAGNOSTIC_ONLY
Shunyi,13,8,False,0.10117830966336529,0.3506364697481082,-0.24945816008474292,0.0078125,45,10,POST_HOC_DIAGNOSTIC_ONLY
Shunyi,13,9,False,0.13845336483849763,0.34647877017514095,-0.20802540533664332,0.0234375,43,9,POST_HOC_DIAGNOSTIC_ONLY
Shunyi,13,10,False,0.15636758641557216,0.3447303072104061,-0.18836272079483393,0.03125,44,8,POST_HOC_DIAGNOSTIC_ONLY
Shunyi,13,11,False,0.15486073512242168,0.33807459899339826,-0.18321386387097657,0.03125,43,7,POST_HOC_DIAGNOSTIC_ONLY
Shunyi,13,12,False,0.10520971601107074,0.3310297858637726,-0.22582006985270184,0.0078125,44,6,POST_HOC_DIAGNOSTIC_ONLY
Tiantan,13,0,True,0.07619563264908795,0.26125726076469197,-0.185061628115604,0.0078125,44,5,REGISTERED
Tiantan,13,1,False,0.13016256468313228,0.25503386648908694,-0.12487130180595465,0.0703125,43,4,POST_HOC_DIAGNOSTIC_ONLY
Tiantan,13,2,False,0.08593874766964518,0.2447465234744651,-0.15880777580481992,0.0234375,42,3,POST_HOC_DIAGNOSTIC_ONLY
Tiantan,13,3,False,0.07852743908847548,0.2515683824010814,-0.17304094331260594,0.0234375,43,2,POST_HOC_DIAGNOSTIC_ONLY
Tiantan,13,4,False,0.07259458795741536,0.2530500061665685,-0.18045541820915312,0.0078125,44,1,POST_HOC_DIAGNOSTIC_ONLY
Tiantan,13,5,False,0.0896792878406269,0.2533740374397152,-0.1636947495990883,0.03125,44,0,POST_HOC_DIAGNOSTIC_ONLY
Tiantan,13,6,False,0.0935007868066833,0.2416412995680774,-0.1481405127613941,0.015625,42,12,POST_HOC_DIAGNOSTIC_ONLY
Tiantan,13,7,False,0.0688439085111478,0.24950340540338503,-0.18065949689223723,0.0078125,43,11,POST_HOC_DIAGNOSTIC_ONLY
Tiantan,13,8,False,0.0811996181934161,0.25486418277957235,-0.17366456458615626,0.015625,45,10,POST_HOC_DIAGNOSTIC_ONLY
Tiantan,13,9,False,0.09920450499816184,0.253833372475554,-0.15462886747739213,0.0234375,43,9,POST_HOC_DIAGNOSTIC_ONLY
Tiantan,13,10,False,0.1325627846906045,0.2618783175820022,-0.1293155328913977,0.0546875,44,8,POST_HOC_DIAGNOSTIC_ONLY
Tiantan,13,11,False,0.18693413391590571,0.25922244136662503,-0.07228830745071932,0.125,43,7,POST_HOC_DIAGNOSTIC_ONLY
Tiantan,13,12,False,0.12191035947012316,0.2531762332055467,-0.13126587373542356,0.046875,44,6,POST_HOC_DIAGNOSTIC_ONLY
Wanliu,13,0,True,0.1609083984766144,0.3941339647196269,-0.23322556624301252,0.015625,44,5,REGISTERED
Wanliu,13,1,False,0.21040990223544206,0.3979712724717593,-0.18756137023631722,0.0078125,43,4,POST_HOC_DIAGNOSTIC_ONLY
Wanliu,13,2,False,0.18874965111565498,0.3949168604569558,-0.2061672093413008,0.0078125,42,3,POST_HOC_DIAGNOSTIC_ONLY
Wanliu,13,3,False,0.19157766839255624,0.4014917731792517,-0.20991410478669548,0.0078125,43,2,POST_HOC_DIAGNOSTIC_ONLY
Wanliu,13,4,False,0.20273524794617614,0.40227396316510944,-0.1995387152189333,0.015625,44,1,POST_HOC_DIAGNOSTIC_ONLY
Wanliu,13,5,False,0.20504138091865196,0.4019529175582435,-0.19691153663959157,0.0078125,44,0,POST_HOC_DIAGNOSTIC_ONLY
Wanliu,13,6,False,0.19720894930812435,0.4020733633736582,-0.20486441406553382,0.015625,42,12,POST_HOC_DIAGNOSTIC_ONLY
Wanliu,13,7,False,0.19143979580469622,0.40998674598440915,-0.21854695017971293,0.015625,43,11,POST_HOC_DIAGNOSTIC_ONLY
Wanliu,13,8,False,0.18246996196671456,0.4017125700695243,-0.21924260810280977,0.015625,45,10,POST_HOC_DIAGNOSTIC_ONLY
Wanliu,13,9,False,0.20031953302949734,0.39957624564695315,-0.1992567126174558,0.015625,43,9,POST_HOC_DIAGNOSTIC_ONLY
Wanliu,13,10,False,0.23840787836658534,0.39118324078136457,-0.15277536241477924,0.0234375,44,8,POST_HOC_DIAGNOSTIC_ONLY
Wanliu,13,11,False,0.22893039594351747,0.38910712153451227,-0.1601767255909948,0.0078125,43,7,POST_HOC_DIAGNOSTIC_ONLY
Wanliu,13,12,False,0.164688909693824,0.38997340953709864,-0.22528449984327464,0.0078125,44,6,POST_HOC_DIAGNOSTIC_ONLY
Wanshouxigong,13,0,True,0.12306121630908796,0.2836743117641464,-0.16061309545505847,0.0234375,44,5,REGISTERED
Wanshouxigong,13,1,False,0.16945614256649152,0.285113842202197,-0.11565769963570546,0.0546875,43,4,POST_HOC_DIAGNOSTIC_ONLY
Wanshouxigong,13,2,False,0.1569042989051631,0.28198118049823084,-0.12507688159306773,0.0390625,42,3,POST_HOC_DIAGNOSTIC_ONLY
Wanshouxigong,13,3,False,0.12454117266488897,0.27904401514436467,-0.1545028424794757,0.0234375,43,2,POST_HOC_DIAGNOSTIC_ONLY
Wanshouxigong,13,4,False,0.10123184173340427,0.279343133139209,-0.17811129140580473,0.0078125,44,1,POST_HOC_DIAGNOSTIC_ONLY
Wanshouxigong,13,5,False,0.13356091515607213,0.27902181714127827,-0.14546090198520614,0.03125,44,0,POST_HOC_DIAGNOSTIC_ONLY
Wanshouxigong,13,6,False,0.11434567510125111,0.2847237358505233,-0.1703780607492722,0.015625,42,12,POST_HOC_DIAGNOSTIC_ONLY
Wanshouxigong,13,7,False,0.08856575906092279,0.3099642596504255,-0.22139850058950272,0.0078125,43,11,POST_HOC_DIAGNOSTIC_ONLY
Wanshouxigong,13,8,False,0.08673655599691896,0.3049917198482006,-0.21825516385128166,0.0078125,45,10,POST_HOC_DIAGNOSTIC_ONLY
Wanshouxigong,13,9,False,0.12489851402812199,0.2851074178068323,-0.1602089037787103,0.03125,43,9,POST_HOC_DIAGNOSTIC_ONLY
Wanshouxigong,13,10,False,0.17506551460435588,0.29158270100882533,-0.11651718640446945,0.0703125,44,8,POST_HOC_DIAGNOSTIC_ONLY
Wanshouxigong,13,11,False,0.22191804150824465,0.29030470763214683,-0.06838666612390218,0.21875,43,7,POST_HOC_DIAGNOSTIC_ONLY
Wanshouxigong,13,12,False,0.15394750460406137,0.2871581017947302,-0.13321059719066886,0.0234375,44,6,POST_HOC_DIAGNOSTIC_ONLY
Aotizhongxin,14,0,True,0.09911133690934504,0.29156996694115506,-0.19245863003181002,0.0078125,44,5,REGISTERED
Aotizhongxin,14,1,False,0.07723338791104198,0.28614105122240713,-0.20890766331136515,0.0078125,44,4,POST_HOC_DIAGNOSTIC_ONLY
Aotizhongxin,14,2,False,0.09042502220185857,0.2862872209607329,-0.19586219875887434,0.0078125,43,3,POST_HOC_DIAGNOSTIC_ONLY
Aotizhongxin,14,3,False,0.11845186936156596,0.30039608642787724,-0.18194421706631128,0.0078125,43,2,POST_HOC_DIAGNOSTIC_ONLY
Aotizhongxin,14,4,False,0.1442255593394394,0.2940262241223963,-0.14980066478295692,0.015625,43,1,POST_HOC_DIAGNOSTIC_ONLY
Aotizhongxin,14,5,False,0.2120471701583151,0.28522977518279613,-0.07318260502448104,0.1015625,43,0,POST_HOC_DIAGNOSTIC_ONLY
Aotizhongxin,14,6,False,0.19390379407624528,0.3122614160010069,-0.1183576219247616,0.0859375,44,13,POST_HOC_DIAGNOSTIC_ONLY
Aotizhongxin,14,7,False,0.12157188183841892,0.31207398220090987,-0.19050210036249093,0.0234375,44,12,POST_HOC_DIAGNOSTIC_ONLY
Aotizhongxin,14,8,False,0.0382098348588466,0.3013059077409728,-0.2630960728821262,0.0078125,44,11,POST_HOC_DIAGNOSTIC_ONLY
Aotizhongxin,14,9,False,0.012538269239987727,0.29796136101352316,-0.2854230917735354,0.0078125,43,10,POST_HOC_DIAGNOSTIC_ONLY
Aotizhongxin,14,10,False,0.009084618924490315,0.2913155029326269,-0.2822308840081366,0.0078125,44,9,POST_HOC_DIAGNOSTIC_ONLY
Aotizhongxin,14,11,False,-0.004990199726536322,0.304419458466099,-0.30940965819263533,0.0078125,44,8,POST_HOC_DIAGNOSTIC_ONLY
Aotizhongxin,14,12,False,0.0183498114076399,0.2989177760367915,-0.28056796462915157,0.0078125,44,7,POST_HOC_DIAGNOSTIC_ONLY
Aotizhongxin,14,13,False,0.040290715665888224,0.2944653115818981,-0.2541745959160099,0.0078125,44,6,POST_HOC_DIAGNOSTIC_ONLY
Changping,14,0,True,0.11865294737245605,0.31739201362669944,-0.1987390662542434,0.0078125,44,5,REGISTERED
Changping,14,1,False,0.11455878070488959,0.31401747678571384,-0.19945869608082425,0.0078125,44,4,POST_HOC_DIAGNOSTIC_ONLY
Changping,14,2,False,0.14909524336138216,0.3157416445776622,-0.16664640121628002,0.0234375,43,3,POST_HOC_DIAGNOSTIC_ONLY
Changping,14,3,False,0.1708857108016453,0.320389274841015,-0.14950356403936968,0.046875,43,2,POST_HOC_DIAGNOSTIC_ONLY
Changping,14,4,False,0.207555711659456,0.3166568300946353,-0.1091011184351793,0.0859375,43,1,POST_HOC_DIAGNOSTIC_ONLY
Changping,14,5,False,0.2878231580448313,0.3222433458714205,-0.03442018782658923,0.328125,43,0,POST_HOC_DIAGNOSTIC_ONLY
Changping,14,6,False,0.27701611032452933,0.3293097975678061,-0.052293687243276765,0.28125,44,13,POST_HOC_DIAGNOSTIC_ONLY
Changping,14,7,False,0.18932603300201462,0.33127782909624315,-0.14195179609422853,0.046875,44,12,POST_HOC_DIAGNOSTIC_ONLY
Changping,14,8,False,0.10784805011335362,0.3254126058960801,-0.2175645557827265,0.015625,44,11,POST_HOC_DIAGNOSTIC_ONLY
Changping,14,9,False,0.07271001633693594,0.3346914396027546,-0.26198142326581864,0.0078125,43,10,POST_HOC_DIAGNOSTIC_ONLY
Changping,14,10,False,0.03897762763412407,0.33979953523328854,-0.3008219075991645,0.0078125,44,9,POST_HOC_DIAGNOSTIC_ONLY
Changping,14,11,False,0.021684635330912572,0.32682095781072124,-0.30513632247980865,0.0078125,44,8,POST_HOC_DIAGNOSTIC_ONLY
Changping,14,12,False,0.06188811923451958,0.33167960481218245,-0.26979148557766286,0.0078125,44,7,POST_HOC_DIAGNOSTIC_ONLY
Changping,14,13,False,0.07441308887107105,0.3236656461181073,-0.2492525572470362,0.0078125,44,6,POST_HOC_DIAGNOSTIC_ONLY
Dingling,14,0,True,0.066966727655712,0.31884268456077225,-0.25187595690506026,0.0078125,44,5,REGISTERED
Dingling,14,1,False,0.05696701673791002,0.31571276433754764,-0.25874574759963764,0.0078125,44,4,POST_HOC_DIAGNOSTIC_ONLY
Dingling,14,2,False,0.1294902045642986,0.3132940352998831,-0.18380383073558448,0.015625,43,3,POST_HOC_DIAGNOSTIC_ONLY
Dingling,14,3,False,0.1723315400871275,0.313868472132567,-0.14153693204543952,0.0390625,43,2,POST_HOC_DIAGNOSTIC_ONLY
Dingling,14,4,False,0.22222507870205035,0.3252786224315507,-0.10305354372950035,0.0625,43,1,POST_HOC_DIAGNOSTIC_ONLY
Dingling,14,5,False,0.2613647583149101,0.3342735165530603,-0.07290875823815024,0.140625,43,0,POST_HOC_DIAGNOSTIC_ONLY
Dingling,14,6,False,0.2469291750123992,0.3307729185820814,-0.08384374356968222,0.1171875,44,13,POST_HOC_DIAGNOSTIC_ONLY
Dingling,14,7,False,0.17570160565878123,0.3303655635550985,-0.15466395789631726,0.0234375,44,12,POST_HOC_DIAGNOSTIC_ONLY
Dingling,14,8,False,0.10567955965442222,0.33227457162143326,-0.22659501196701104,0.0078125,44,11,POST_HOC_DIAGNOSTIC_ONLY
Dingling,14,9,False,0.05706246064691924,0.3357772002036418,-0.2787147395567226,0.0078125,43,10,POST_HOC_DIAGNOSTIC_ONLY
Dingling,14,10,False,0.029886926389815577,0.33531761690685846,-0.30543069051704286,0.0078125,44,9,POST_HOC_DIAGNOSTIC_ONLY
Dingling,14,11,False,0.00958991044847255,0.31838702606541547,-0.3087971156169429,0.0078125,44,8,POST_HOC_DIAGNOSTIC_ONLY
Dingling,14,12,False,0.04675902197754903,0.31939386226075167,-0.2726348402832026,0.0078125,44,7,POST_HOC_DIAGNOSTIC_ONLY
Dingling,14,13,False,0.046583253569041215,0.3228070158767208,-0.2762237623076796,0.0078125,44,6,POST_HOC_DIAGNOSTIC_ONLY
Dongsi,14,0,True,0.19664165218621224,0.34825495375082605,-0.1516133015646138,0.03125,44,5,REGISTERED
Dongsi,14,1,False,0.17510051776479835,0.35654118104153476,-0.1814406632767364,0.0234375,44,4,POST_HOC_DIAGNOSTIC_ONLY
Dongsi,14,2,False,0.20860855435945036,0.36286236291106716,-0.1542538085516168,0.0234375,43,3,POST_HOC_DIAGNOSTIC_ONLY
Dongsi,14,3,False,0.2291233444318562,0.35140073141228084,-0.12227738698042465,0.0234375,43,2,POST_HOC_DIAGNOSTIC_ONLY
Dongsi,14,4,False,0.2697262646059187,0.35962837635038064,-0.08990211174446194,0.078125,43,1,POST_HOC_DIAGNOSTIC_ONLY
Dongsi,14,5,False,0.3177980722280994,0.36187029950737065,-0.04407222727927124,0.2578125,43,0,POST_HOC_DIAGNOSTIC_ONLY
Dongsi,14,6,False,0.30025321529041105,0.37219487695912945,-0.0719416616687184,0.1171875,44,13,POST_HOC_DIAGNOSTIC_ONLY
Dongsi,14,7,False,0.23619707598723316,0.36760202817845417,-0.131404952191221,0.03125,44,12,POST_HOC_DIAGNOSTIC_ONLY
Dongsi,14,8,False,0.16928022820904978,0.37248278270969,-0.2032025545006402,0.0078125,44,11,POST_HOC_DIAGNOSTIC_ONLY
Dongsi,14,9,False,0.15579053924136305,0.3644131617837319,-0.20862262254236885,0.0078125,43,10,POST_HOC_DIAGNOSTIC_ONLY
Dongsi,14,10,False,0.1555538544610271,0.3730870926629894,-0.2175332382019623,0.0078125,44,9,POST_HOC_DIAGNOSTIC_ONLY
Dongsi,14,11,False,0.14059894012395782,0.3753118825570401,-0.2347129424330823,0.0078125,44,8,POST_HOC_DIAGNOSTIC_ONLY
Dongsi,14,12,False,0.15377705491954047,0.3684783437413083,-0.2147012888217678,0.0078125,44,7,POST_HOC_DIAGNOSTIC_ONLY
Dongsi,14,13,False,0.16671508821017683,0.35556550083768995,-0.18885041262751312,0.015625,44,6,POST_HOC_DIAGNOSTIC_ONLY
Guanyuan,14,0,True,0.0818128734731828,0.2972889406822669,-0.2154760672090841,0.0078125,44,5,REGISTERED
Guanyuan,14,1,False,0.06992320400951635,0.2976048653338046,-0.22768166132428824,0.0078125,44,4,POST_HOC_DIAGNOSTIC_ONLY
Guanyuan,14,2,False,0.10714805989820787,0.296240060018762,-0.18909200012055416,0.0078125,43,3,POST_HOC_DIAGNOSTIC_ONLY
Guanyuan,14,3,False,0.14191880073397498,0.2895577455335057,-0.14763894479953074,0.0234375,43,2,POST_HOC_DIAGNOSTIC_ONLY
Guanyuan,14,4,False,0.20093952446209784,0.3060061392811846,-0.10506661481908675,0.0859375,43,1,POST_HOC_DIAGNOSTIC_ONLY
Guanyuan,14,5,False,0.27784605244074123,0.3015534130057885,-0.023707360565047242,0.3125,43,0,POST_HOC_DIAGNOSTIC_ONLY
Guanyuan,14,6,False,0.24809237744157522,0.31936821866543813,-0.0712758412238629,0.171875,44,13,POST_HOC_DIAGNOSTIC_ONLY
Guanyuan,14,7,False,0.16082824342110263,0.3086590097787284,-0.14783076635762576,0.03125,44,12,POST_HOC_DIAGNOSTIC_ONLY
Guanyuan,14,8,False,0.08278323699776595,0.31010443790994796,-0.227321200912182,0.0078125,44,11,POST_HOC_DIAGNOSTIC_ONLY
Guanyuan,14,9,False,0.04739194572300577,0.30623102053341555,-0.2588390748104098,0.0078125,43,10,POST_HOC_DIAGNOSTIC_ONLY
Guanyuan,14,10,False,0.03852222498465246,0.30880894179163876,-0.2702867168069863,0.0078125,44,9,POST_HOC_DIAGNOSTIC_ONLY
Guanyuan,14,11,False,0.026677279840564623,0.3092016267476566,-0.282524346907092,0.0078125,44,8,POST_HOC_DIAGNOSTIC_ONLY
Guanyuan,14,12,False,0.03972611844904105,0.3112955541353166,-0.27156943568627556,0.0078125,44,7,POST_HOC_DIAGNOSTIC_ONLY
Guanyuan,14,13,False,0.03984697863275352,0.30453342882147794,-0.2646864501887244,0.0078125,44,6,POST_HOC_DIAGNOSTIC_ONLY
Gucheng,14,0,True,0.043280189949557096,0.2983774725910214,-0.25509728264146425,0.0078125,44,5,REGISTERED
Gucheng,14,1,False,0.044143049503788674,0.29242601988933875,-0.24828297038555008,0.0078125,44,4,POST_HOC_DIAGNOSTIC_ONLY
Gucheng,14,2,False,0.08919898313032834,0.3076710492221869,-0.21847206609185857,0.0078125,43,3,POST_HOC_DIAGNOSTIC_ONLY
Gucheng,14,3,False,0.1053941947895397,0.30751861678478337,-0.20212442199524366,0.0078125,43,2,POST_HOC_DIAGNOSTIC_ONLY
Gucheng,14,4,False,0.12584595505918025,0.3226627244110885,-0.19681676935190826,0.0078125,43,1,POST_HOC_DIAGNOSTIC_ONLY
Gucheng,14,5,False,0.18401745490193414,0.31827194719169327,-0.13425449228975914,0.0546875,43,0,POST_HOC_DIAGNOSTIC_ONLY
Gucheng,14,6,False,0.17196039436282431,0.3212263733150932,-0.14926597895226887,0.0078125,44,13,POST_HOC_DIAGNOSTIC_ONLY
Gucheng,14,7,False,0.11500270683174216,0.3082832391364548,-0.19328053230471262,0.0078125,44,12,POST_HOC_DIAGNOSTIC_ONLY
Gucheng,14,8,False,0.05757593663698887,0.2944661251657645,-0.2368901885287756,0.0078125,44,11,POST_HOC_DIAGNOSTIC_ONLY
Gucheng,14,9,False,0.022124218495562717,0.2947760886595436,-0.27265187016398085,0.0078125,43,10,POST_HOC_DIAGNOSTIC_ONLY
Gucheng,14,10,False,0.00039499909401810167,0.2932022055024645,-0.29280720640844643,0.0078125,44,9,POST_HOC_DIAGNOSTIC_ONLY
Gucheng,14,11,False,-0.011196324300235126,0.3078437034874754,-0.31904002778771057,0.0078125,44,8,POST_HOC_DIAGNOSTIC_ONLY
Gucheng,14,12,False,-0.0091981170896142,0.30665393318944,-0.3158520502790542,0.0078125,44,7,POST_HOC_DIAGNOSTIC_ONLY
Gucheng,14,13,False,-0.015684126961992572,0.30124550624199203,-0.3169296332039846,0.0078125,44,6,POST_HOC_DIAGNOSTIC_ONLY
Huairou,14,0,True,0.07692783986801553,0.3134832718537023,-0.23655543198568674,0.0078125,44,5,REGISTERED
Huairou,14,1,False,0.05876035192753573,0.3082458457639185,-0.24948549383638277,0.0078125,44,4,POST_HOC_DIAGNOSTIC_ONLY
Huairou,14,2,False,0.09212592620906959,0.31385692202759063,-0.22173099581852104,0.0078125,43,3,POST_HOC_DIAGNOSTIC_ONLY
Huairou,14,3,False,0.11870204300330614,0.32214511520161276,-0.20344307219830662,0.015625,43,2,POST_HOC_DIAGNOSTIC_ONLY
Huairou,14,4,False,0.15807898689154112,0.3352533517908908,-0.17717436489934965,0.03125,43,1,POST_HOC_DIAGNOSTIC_ONLY
Huairou,14,5,False,0.21826160467912947,0.33126557472612106,-0.11300397004699159,0.0625,43,0,POST_HOC_DIAGNOSTIC_ONLY
Huairou,14,6,False,0.20957785896150027,0.32469861005740125,-0.11512075109590097,0.0625,44,13,POST_HOC_DIAGNOSTIC_ONLY
Huairou,14,7,False,0.17016681552751928,0.32958306113227626,-0.15941624560475698,0.0234375,44,12,POST_HOC_DIAGNOSTIC_ONLY
Huairou,14,8,False,0.11417728639673683,0.32780182434249605,-0.21362453794575922,0.015625,44,11,POST_HOC_DIAGNOSTIC_ONLY
Huairou,14,9,False,0.08153178990114326,0.3252542127641983,-0.24372242286305504,0.0078125,43,10,POST_HOC_DIAGNOSTIC_ONLY
Huairou,14,10,False,0.0855632095077319,0.32970571922682346,-0.24414250971909157,0.0078125,44,9,POST_HOC_DIAGNOSTIC_ONLY
Huairou,14,11,False,0.044555710411034836,0.3277467204011958,-0.28319100999016095,0.0078125,44,8,POST_HOC_DIAGNOSTIC_ONLY
Huairou,14,12,False,0.08090978986756386,0.3289059502253228,-0.24799616035775895,0.0078125,44,7,POST_HOC_DIAGNOSTIC_ONLY
Huairou,14,13,False,0.08043537403697884,0.327758053972042,-0.24732267993506316,0.0078125,44,6,POST_HOC_DIAGNOSTIC_ONLY
Nongzhanguan,14,0,True,0.10506524595771766,0.29068655123878284,-0.18562130528106519,0.015625,44,5,REGISTERED
Nongzhanguan,14,1,False,0.07472364832304858,0.2955566047021531,-0.22083295637910455,0.0078125,44,4,POST_HOC_DIAGNOSTIC_ONLY
Nongzhanguan,14,2,False,0.11692948644422704,0.30052577503499667,-0.18359628859076962,0.015625,43,3,POST_HOC_DIAGNOSTIC_ONLY
Nongzhanguan,14,3,False,0.1527598414088695,0.3063454909158303,-0.1535856495069608,0.0390625,43,2,POST_HOC_DIAGNOSTIC_ONLY
Nongzhanguan,14,4,False,0.20321135500824003,0.30541866616269503,-0.102207311154455,0.125,43,1,POST_HOC_DIAGNOSTIC_ONLY
Nongzhanguan,14,5,False,0.2783491339124912,0.3109553971178004,-0.03260626320530918,0.34375,43,0,POST_HOC_DIAGNOSTIC_ONLY
Nongzhanguan,14,6,False,0.20912555450110265,0.3297875694669706,-0.12066201496586793,0.0859375,44,13,POST_HOC_DIAGNOSTIC_ONLY
Nongzhanguan,14,7,False,0.12498036093229103,0.3126389163383616,-0.18765855540607057,0.0078125,44,12,POST_HOC_DIAGNOSTIC_ONLY
Nongzhanguan,14,8,False,0.06853381544828473,0.30860547488963014,-0.2400716594413454,0.0078125,44,11,POST_HOC_DIAGNOSTIC_ONLY
Nongzhanguan,14,9,False,0.05179388425437823,0.31311553134647896,-0.2613216470921007,0.0078125,43,10,POST_HOC_DIAGNOSTIC_ONLY
Nongzhanguan,14,10,False,0.05958170340152541,0.31065149401327524,-0.25106979061174983,0.0078125,44,9,POST_HOC_DIAGNOSTIC_ONLY
Nongzhanguan,14,11,False,0.04863361396390955,0.30244348835145396,-0.25380987438754443,0.0078125,44,8,POST_HOC_DIAGNOSTIC_ONLY
Nongzhanguan,14,12,False,0.070609813017218,0.2933335187495525,-0.2227237057323345,0.0078125,44,7,POST_HOC_DIAGNOSTIC_ONLY
Nongzhanguan,14,13,False,0.06386864345511993,0.29873805940023784,-0.2348694159451179,0.0078125,44,6,POST_HOC_DIAGNOSTIC_ONLY
Shunyi,14,0,True,0.08423420582013076,0.3523395168244376,-0.26810531100430685,0.0078125,44,5,REGISTERED
Shunyi,14,1,False,0.06104976189431018,0.35467933770060167,-0.2936295758062915,0.0078125,44,4,POST_HOC_DIAGNOSTIC_ONLY
Shunyi,14,2,False,0.10940123855598481,0.342170170399438,-0.23276893184345315,0.015625,43,3,POST_HOC_DIAGNOSTIC_ONLY
Shunyi,14,3,False,0.18546764900465446,0.3508686127013647,-0.16540096369671026,0.03125,43,2,POST_HOC_DIAGNOSTIC_ONLY
Shunyi,14,4,False,0.2470838913941595,0.35187000682014746,-0.10478611542598795,0.125,43,1,POST_HOC_DIAGNOSTIC_ONLY
Shunyi,14,5,False,0.3204897298821583,0.34764676193331495,-0.02715703205115666,0.3671875,43,0,POST_HOC_DIAGNOSTIC_ONLY
Shunyi,14,6,False,0.308098750242202,0.3559244561514854,-0.04782570590928337,0.265625,44,13,POST_HOC_DIAGNOSTIC_ONLY
Shunyi,14,7,False,0.210831041272213,0.3514947692001201,-0.14066372792790713,0.046875,44,12,POST_HOC_DIAGNOSTIC_ONLY
Shunyi,14,8,False,0.13719939442484008,0.34842204430175877,-0.2112226498769187,0.015625,44,11,POST_HOC_DIAGNOSTIC_ONLY
Shunyi,14,9,False,0.10757979883383627,0.3454256317385661,-0.23784583290472983,0.015625,43,10,POST_HOC_DIAGNOSTIC_ONLY
Shunyi,14,10,False,0.09413800693031461,0.3408682022353169,-0.2467301953050023,0.0078125,44,9,POST_HOC_DIAGNOSTIC_ONLY
Shunyi,14,11,False,0.048346700552916476,0.35436210440642635,-0.3060154038535099,0.0078125,44,8,POST_HOC_DIAGNOSTIC_ONLY
Shunyi,14,12,False,0.08188502257778105,0.3505822447897726,-0.26869722221199155,0.0078125,44,7,POST_HOC_DIAGNOSTIC_ONLY
Shunyi,14,13,False,0.07637724358626319,0.35287737093296495,-0.27650012734670176,0.0078125,44,6,POST_HOC_DIAGNOSTIC_ONLY
Tiantan,14,0,True,0.1021260310878298,0.2462083634308763,-0.1440823323430465,0.03125,44,5,REGISTERED
Tiantan,14,1,False,0.09158335592450571,0.24814838268693593,-0.15656502676243023,0.0234375,44,4,POST_HOC_DIAGNOSTIC_ONLY
Tiantan,14,2,False,0.12289020339005072,0.24778846180026662,-0.1248982584102159,0.0234375,43,3,POST_HOC_DIAGNOSTIC_ONLY
Tiantan,14,3,False,0.13081842971554836,0.2592347856581069,-0.12841635594255857,0.0625,43,2,POST_HOC_DIAGNOSTIC_ONLY
Tiantan,14,4,False,0.1684496870458714,0.26385658476468593,-0.09540689771881453,0.125,43,1,POST_HOC_DIAGNOSTIC_ONLY
Tiantan,14,5,False,0.23671640376893885,0.2557396985642594,-0.019023294795320528,0.390625,43,0,POST_HOC_DIAGNOSTIC_ONLY
Tiantan,14,6,False,0.22148144390889224,0.2664463949051268,-0.04496495099623454,0.2734375,44,13,POST_HOC_DIAGNOSTIC_ONLY
Tiantan,14,7,False,0.14709683255304085,0.2746649909628268,-0.12756815840978597,0.078125,44,12,POST_HOC_DIAGNOSTIC_ONLY
Tiantan,14,8,False,0.064410930768111,0.2550291290676968,-0.19061819829958582,0.0078125,44,11,POST_HOC_DIAGNOSTIC_ONLY
Tiantan,14,9,False,0.04453076291446969,0.2583443039028367,-0.213813540988367,0.0078125,43,10,POST_HOC_DIAGNOSTIC_ONLY
Tiantan,14,10,False,0.033655962707384995,0.2561917279151873,-0.2225357652078023,0.0078125,44,9,POST_HOC_DIAGNOSTIC_ONLY
Tiantan,14,11,False,0.008251512465295837,0.26400192020327,-0.2557504077379742,0.0078125,44,8,POST_HOC_DIAGNOSTIC_ONLY
Tiantan,14,12,False,0.05803313655370528,0.2504238058722452,-0.19239066931853993,0.0078125,44,7,POST_HOC_DIAGNOSTIC_ONLY
Tiantan,14,13,False,0.08041605260438141,0.25988746115844513,-0.17947140855406374,0.0078125,44,6,POST_HOC_DIAGNOSTIC_ONLY
Wanliu,14,0,True,0.17791789225592478,0.4039871613307699,-0.22606926907484512,0.0078125,44,5,REGISTERED
Wanliu,14,1,False,0.17277875094097353,0.3982052457127873,-0.22542649477181378,0.0078125,44,4,POST_HOC_DIAGNOSTIC_ONLY
Wanliu,14,2,False,0.19850258573468763,0.3989030105363773,-0.20040042480168965,0.015625,43,3,POST_HOC_DIAGNOSTIC_ONLY
Wanliu,14,3,False,0.21388947064548997,0.3964474439589006,-0.18255797331341062,0.0078125,43,2,POST_HOC_DIAGNOSTIC_ONLY
Wanliu,14,4,False,0.256995735334939,0.39808684647427683,-0.1410911111393378,0.0390625,43,1,POST_HOC_DIAGNOSTIC_ONLY
Wanliu,14,5,False,0.3253291458912803,0.39888651072179787,-0.07355736483051756,0.1640625,43,0,POST_HOC_DIAGNOSTIC_ONLY
Wanliu,14,6,False,0.3030307743746863,0.40872816766378656,-0.10569739328910027,0.0859375,44,13,POST_HOC_DIAGNOSTIC_ONLY
Wanliu,14,7,False,0.25384713860468167,0.41167855226319905,-0.15783141365851738,0.0234375,44,12,POST_HOC_DIAGNOSTIC_ONLY
Wanliu,14,8,False,0.18558938914186748,0.401266659319416,-0.21567727017754854,0.0078125,44,11,POST_HOC_DIAGNOSTIC_ONLY
Wanliu,14,9,False,0.15878523062630806,0.4074867971778753,-0.24870156655156722,0.0078125,43,10,POST_HOC_DIAGNOSTIC_ONLY
Wanliu,14,10,False,0.14000498800367991,0.4069442886337617,-0.26693930063008176,0.0078125,44,9,POST_HOC_DIAGNOSTIC_ONLY
Wanliu,14,11,False,0.12894259352868995,0.4104073208625222,-0.2814647273338322,0.0078125,44,8,POST_HOC_DIAGNOSTIC_ONLY
Wanliu,14,12,False,0.14600962111365526,0.40358088407854137,-0.2575712629648861,0.0078125,44,7,POST_HOC_DIAGNOSTIC_ONLY
Wanliu,14,13,False,0.14669273918505077,0.41009123338123304,-0.2633984941961823,0.0078125,44,6,POST_HOC_DIAGNOSTIC_ONLY
Wanshouxigong,14,0,True,0.18980995270987125,0.27204764593941844,-0.08223769322954719,0.1015625,44,5,REGISTERED
Wanshouxigong,14,1,False,0.14648157754266755,0.2758577349164206,-0.12937615737375308,0.0625,44,4,POST_HOC_DIAGNOSTIC_ONLY
Wanshouxigong,14,2,False,0.14857673865086474,0.2906690570146547,-0.14209231836378994,0.046875,43,3,POST_HOC_DIAGNOSTIC_ONLY
Wanshouxigong,14,3,False,0.16945772320424266,0.2756571528400704,-0.10619942963582776,0.0390625,43,2,POST_HOC_DIAGNOSTIC_ONLY
Wanshouxigong,14,4,False,0.20835054546302365,0.2832749680651747,-0.07492442260215107,0.1171875,43,1,POST_HOC_DIAGNOSTIC_ONLY
Wanshouxigong,14,5,False,0.2773261392972792,0.28489030924973624,-0.007564169952457067,0.4609375,43,0,POST_HOC_DIAGNOSTIC_ONLY
Wanshouxigong,14,6,False,0.2237980857026698,0.29932946661010934,-0.07553138090743955,0.1640625,44,13,POST_HOC_DIAGNOSTIC_ONLY
Wanshouxigong,14,7,False,0.15727662326658814,0.3042218998226144,-0.14694527655602624,0.046875,44,12,POST_HOC_DIAGNOSTIC_ONLY
Wanshouxigong,14,8,False,0.09453270835343892,0.29861961345559923,-0.20408690510216032,0.0078125,44,11,POST_HOC_DIAGNOSTIC_ONLY
Wanshouxigong,14,9,False,0.06970902574948849,0.30242522541738587,-0.23271619966789736,0.0078125,43,10,POST_HOC_DIAGNOSTIC_ONLY
Wanshouxigong,14,10,False,0.08468623036107235,0.2945950575298181,-0.20990882716874576,0.0078125,44,9,POST_HOC_DIAGNOSTIC_ONLY
Wanshouxigong,14,11,False,0.06373276133327817,0.29488752357649206,-0.2311547622432139,0.0078125,44,8,POST_HOC_DIAGNOSTIC_ONLY
Wanshouxigong,14,12,False,0.10629211548866743,0.2957411472581786,-0.1894490317695112,0.015625,44,7,POST_HOC_DIAGNOSTIC_ONLY
Wanshouxigong,14,13,False,0.15036343952365147,0.2922303702845183,-0.14186693076086684,0.03125,44,6,POST_HOC_DIAGNOSTIC_ONLY
