station,N,phase,year_month_mean_variance_observed,year_month_mean_variance_null_median,status,block_mean_variance_observed,block_mean_variance_null_median,block_mean_variance_null_minus_observed,adjacent_block_covariance_observed,adjacent_block_covariance_null_median,adjacent_block_covariance_null_minus_observed,adjacent_block_correlation_observed,adjacent_block_correlation_null_median,adjacent_block_correlation_null_minus_observed,within_block_variance_observed,within_block_variance_null_median,within_block_variance_null_minus_observed,between_block_variance_observed,between_block_variance_null_median,between_block_variance_null_minus_observed,extreme_event_adjacency_observed,extreme_event_adjacency_null_median,extreme_event_adjacency_null_minus_observed,mean_run_length_observed,mean_run_length_null_median,mean_run_length_null_minus_observed,mean_reversion_rate_observed,mean_reversion_rate_null_median,mean_reversion_rate_null_minus_observed,month_boundary_crossings_observed,month_boundary_crossings_null_median,month_boundary_crossings_null_minus_observed
Aotizhongxin,6,0,0.06945591878252366,0.06945591878252366,POST_HOC_DIAGNOSTIC_ONLY,0.2390213420640096,0.16765468414511106,-0.07136665791889854,0.010118582069639143,0.032635388807574967,0.022516806737935824,0.04239856567027825,0.1919546849344719,0.14955611926419365,0.5742207791344655,0.644159179107086,0.06993839997262052,0.2390213420640096,0.16765468414511106,-0.07136665791889854,0.004329004329004329,0.0,-0.004329004329004329,1.982905982905983,2.3009708737864076,0.31806489088042467,0.7619047619047619,0.6776859504132231,-0.08421881149153876,39,39.0,0.0
Aotizhongxin,6,1,0.06945591878252366,0.06945591878252366,POST_HOC_DIAGNOSTIC_ONLY,0.23203410592731,0.16709027829528852,-0.06494382763202147,0.02128867759529591,0.03159105658146397,0.010302378986168058,0.0930550512791227,0.1894265221555664,0.09637147087644371,0.576075457706119,0.6441839879533154,0.06810853024719643,0.23203410592731,0.16709027829528852,-0.06494382763202147,0.004273504273504274,0.0,-0.004273504273504274,1.8650793650793651,2.2815533980582523,0.4164740329788872,0.782051282051282,0.6776859504132231,-0.10436533163805894,40,40.0,0.0
Aotizhongxin,6,2,0.06945591878252366,0.06945591878252366,POST_HOC_DIAGNOSTIC_ONLY,0.2450078850143696,0.16692817248380368,-0.07807971253056592,0.023441877038798357,0.03199798464774574,0.008556107608947382,0.09438075495486077,0.19876476919131,0.10438401423644923,0.5693455570448706,0.6439297123530904,0.07458415530821982,0.2450078850143696,0.16692817248380368,-0.07807971253056592,0.004291845493562232,0.0,-0.004291845493562232,1.8870967741935485,2.2788461538461537,0.39174937965260526,0.7854077253218884,0.6818181818181818,-0.10358954350370664,40,40.0,0.0
Aotizhongxin,6,3,0.06945591878252366,0.06945591878252366,POST_HOC_DIAGNOSTIC_ONLY,0.2507531492014736,0.16711007902389274,-0.08364307017758088,-0.005505888439874889,0.031906256383872615,0.0374121448237475,-0.021966724179291606,0.1898830262956716,0.2118497504749632,0.5545236296944678,0.6431106504496255,0.08858702075515767,0.2507531492014736,0.16711007902389274,-0.08364307017758088,0.0,0.0,0.0,2.0625,2.269230769230769,0.20673076923076916,0.7565217391304347,0.6859504132231405,-0.0705713259072942,40,40.0,0.0
Aotizhongxin,6,4,0.06945591878252366,0.06945591878252366,POST_HOC_DIAGNOSTIC_ONLY,0.2487461855433772,0.16786922114120797,-0.08087696440216924,0.0039487222712043454,0.03173041690757961,0.027781694636375268,0.01579082400569326,0.19042685792139563,0.17463603391570237,0.5638293516820548,0.6412936435085105,0.07746429182645564,0.2487461855433772,0.16786922114120797,-0.08087696440216924,0.004347826086956522,0.0,-0.004347826086956522,1.9411764705882353,2.284313725490196,0.3431372549019607,0.7739130434782608,0.6804979253112033,-0.0934151181670575,39,39.0,0.0
Aotizhongxin,6,5,0.06945591878252366,0.06945591878252366,POST_HOC_DIAGNOSTIC_ONLY,0.23922356633357236,0.16682107131131452,-0.07240249502225785,0.010933315086222384,0.0326699787257192,0.02173666363949682,0.045556007792703225,0.1967213399883703,0.15116533219566708,0.5702375574356269,0.6421492522160974,0.07191169478047055,0.23922356633357236,0.16682107131131452,-0.07240249502225785,0.004329004329004329,0.0,-0.004329004329004329,1.9333333333333333,2.29126213592233,0.3579288025889966,0.8051948051948052,0.6804979253112033,-0.1246968798836019,37,37.0,0.0
Aotizhongxin,7,0,0.06945591878252366,0.06945591878252366,POST_HOC_DIAGNOSTIC_ONLY,0.19623947321690358,0.14886596548400077,-0.0473735077329028,0.010029282968418467,0.031130441644911792,0.021101158676493325,0.05121368162670766,0.21077590053761316,0.1595622189109055,0.6147234865928358,0.6610166341748206,0.04629314758198477,0.19623947321690358,0.14886596548400077,-0.0473735077329028,0.0,0.0,0.0,2.0,2.32183908045977,0.32183908045977017,0.7969543147208121,0.6714975845410628,-0.12545673017974934,41,41.0,0.0
Aotizhongxin,7,1,0.06945591878252366,0.06945591878252366,POST_HOC_DIAGNOSTIC_ONLY,0.21093143435774497,0.14870710834238937,-0.0622243260153556,0.011192377178832546,0.031632401046102744,0.020440023867270198,0.053221212382327465,0.21710171250320529,0.16388050012087782,0.5959054458314935,0.6627555003046434,0.06685005447314984,0.21093143435774497,0.14870710834238937,-0.0622243260153556,0.0,0.0,0.0,1.912621359223301,2.3411764705882354,0.4285551113649344,0.7806122448979592,0.6666666666666666,-0.11394557823129259,41,41.0,0.0
Aotizhongxin,7,2,0.06945591878252366,0.06945591878252366,POST_HOC_DIAGNOSTIC_ONLY,0.22550116128160563,0.1482809789288865,-0.07722018235271913,0.010421225317440405,0.03058384683035395,0.020162621512913544,0.04590058458245013,0.2120584982497371,0.16615791366728697,0.5862270075781446,0.6626431812770329,0.07641617369888831,0.22550116128160563,0.1482809789288865,-0.07722018235271913,0.0,0.0,0.0,2.106382978723404,2.3488372093023258,0.24245423057892168,0.7563451776649747,0.6666666666666666,-0.08967851099830804,39,39.0,0.0
Aotizhongxin,7,3,0.06945591878252366,0.06945591878252366,POST_HOC_DIAGNOSTIC_ONLY,0.22714257450594733,0.14740666534290325,-0.07973590916304407,0.005134732399897414,0.02982218123623248,0.024687448836335068,0.02261303118165763,0.20551601882674933,0.1829029876450917,0.5824260799893887,0.6642816787858262,0.08185559879643756,0.22714257450594733,0.14740666534290325,-0.07973590916304407,0.005128205128205128,0.0,-0.005128205128205128,1.9215686274509804,2.32183908045977,0.4002704530087897,0.7897435897435897,0.6714975845410628,-0.11824600520252693,40,40.0,0.0
Aotizhongxin,7,4,0.06945591878252366,0.06945591878252366,POST_HOC_DIAGNOSTIC_ONLY,0.20693622342795925,0.1459871020237134,-0.060949121404245854,0.0185129742785787,0.03087020342677883,0.01235722914820013,0.09178386515581254,0.21259679172449478,0.12081292656868224,0.602936031852631,0.6648480281077902,0.061911996255159196,0.20693622342795925,0.1459871020237134,-0.060949121404245854,0.005050505050505051,0.0,-0.005050505050505051,2.117021276595745,2.292134831460674,0.1751135548649292,0.7727272727272727,0.6714975845410628,-0.10122968818620992,40,40.0,0.0
Aotizhongxin,7,5,0.06945591878252366,0.06945591878252366,POST_HOC_DIAGNOSTIC_ONLY,0.19872565068873774,0.1461609302588038,-0.05256472042993393,0.02333408257991895,0.032269453017702635,0.008935370437783686,0.11613760954891271,0.21866745777246197,0.10252984822354926,0.6174980277788874,0.6637383130861949,0.046240285307307505,0.19872565068873774,0.1461609302588038,-0.05256472042993393,0.005050505050505051,0.0,-0.005050505050505051,1.9134615384615385,2.2954545454545454,0.38199300699300687,0.7323232323232324,0.6714975845410628,-0.06082564778216959,40,40.0,0.0
Aotizhongxin,7,6,0.06945591878252366,0.06945591878252366,POST_HOC_DIAGNOSTIC_ONLY,0.19218428501829216,0.14788423521873242,-0.04430004979955973,0.004913620866174212,0.031242014699393313,0.0263283938332191,0.025702993622225574,0.21445063407338452,0.18874764045115894,0.6122146963399837,0.6603077496412169,0.048093053301233146,0.19218428501829216,0.14788423521873242,-0.04430004979955973,0.0,0.0,0.0,1.8857142857142857,2.2758620689655173,0.3901477832512317,0.8020304568527918,0.6699029126213593,-0.13212754423143258,41,41.0,0.0
Aotizhongxin,8,0,0.06945591878252366,0.06945591878252366,POST_HOC_DIAGNOSTIC_ONLY,0.18637537893097683,0.13356886952702093,-0.0528065094039559,0.01591382924486871,0.030664388714340716,0.014750559469472006,0.08523223531221409,0.2333554092153114,0.14812317390309732,0.6325069475362539,0.6778776335247799,0.045370685988526005,0.18637537893097683,0.13356886952702093,-0.0528065094039559,0.0,0.0,0.0,1.9885057471264367,2.3783783783783785,0.3898726312519418,0.7616279069767442,0.6629834254143646,-0.0986444815623796,42,42.0,0.0
Aotizhongxin,8,1,0.06945591878252366,0.06945591878252366,POST_HOC_DIAGNOSTIC_ONLY,0.19313162455276167,0.13303444790524419,-0.060097176647517486,0.012753824074500394,0.03012549789859759,0.017371673824097197,0.06769335211550813,0.23125084363094417,0.16355749151543603,0.6211083334212482,0.6772310399063366,0.056122706485088436,0.19313162455276167,0.13303444790524419,-0.060097176647517486,0.0,0.0,0.0,1.851063829787234,2.3333333333333335,0.48226950354609954,0.7861271676300579,0.6629834254143646,-0.12314374221569324,41,41.0,0.0
Aotizhongxin,8,2,0.06945591878252366,0.06945591878252366,POST_HOC_DIAGNOSTIC_ONLY,0.19223148991240618,0.13402973607768148,-0.0582017538347247,0.01840483194286939,0.029785510450471734,0.011380678507602344,0.09423222079697775,0.22685410018248103,0.1326218793855033,0.6223351929897948,0.6776884328095768,0.05535323981978202,0.19223148991240618,0.13402973607768148,-0.0582017538347247,0.005847953216374269,0.0,-0.005847953216374269,1.8695652173913044,2.3333333333333335,0.46376811594202905,0.783625730994152,0.6629834254143646,-0.12064230557978739,39,39.0,0.0
Aotizhongxin,8,3,0.06945591878252366,0.06945591878252366,POST_HOC_DIAGNOSTIC_ONLY,0.17450813861139128,0.13329056280224091,-0.041217575809150364,0.006968585613253956,0.03029685344177192,0.023328267828517962,0.040529861631100124,0.22498154400323706,0.18445168237213694,0.6256353578433379,0.6787322303258259,0.053096872482487956,0.17450813861139128,0.13329056280224091,-0.041217575809150364,0.0,0.0,0.0,2.0476190476190474,2.3466666666666667,0.29904761904761923,0.7134502923976608,0.6574585635359116,-0.05599172886174919,42,42.0,0.0
Aotizhongxin,8,4,0.06945591878252366,0.06945591878252366,POST_HOC_DIAGNOSTIC_ONLY,0.164475335266683,0.13333462551743613,-0.031140709749246875,0.007466281495159006,0.030251004625845065,0.02278472313068606,0.04606325547359319,0.2278374918744144,0.18177423640082122,0.6374294985062938,0.67752029117246,0.04009079266616622,0.164475335266683,0.13333462551743613,-0.031140709749246875,0.0,0.0,0.0,2.1375,2.3466666666666667,0.2091666666666665,0.7176470588235294,0.6574585635359116,-0.06018849528761783,42,42.0,0.0
Aotizhongxin,8,5,0.06945591878252366,0.06945591878252366,POST_HOC_DIAGNOSTIC_ONLY,0.16561840886889945,0.133386286476321,-0.032232122392578444,0.012057608885373763,0.03113135217515567,0.019073743289781904,0.07393742160144137,0.23610997875091203,0.16217255714947065,0.6384056223577799,0.6777550625769009,0.03934944021912101,0.16561840886889945,0.133386286476321,-0.032232122392578444,0.0,0.0,0.0,2.097560975609756,2.3783783783783785,0.2808174027686223,0.7602339181286549,0.6574585635359116,-0.10277535459274334,40,40.0,0.0
Aotizhongxin,8,6,0.06945591878252366,0.06945591878252366,POST_HOC_DIAGNOSTIC_ONLY,0.1916409327010668,0.1316584100713906,-0.05998252262967621,0.012239955964771928,0.031105436837661933,0.018865480872890007,0.0643213491827933,0.23680618084487368,0.1724848316620804,0.6160116599175983,0.6758768776607962,0.05986521774319786,0.1916409327010668,0.1316584100713906,-0.05998252262967621,0.0,0.0,0.0,2.111111111111111,2.3835616438356166,0.2724505327245055,0.8,0.6555555555555556,-0.1444444444444445,42,42.0,0.0
Aotizhongxin,8,7,0.06945591878252366,0.06945591878252366,POST_HOC_DIAGNOSTIC_ONLY,0.19486231964443945,0.13155264873484093,-0.06330967090959852,0.013629621484355765,0.030251206860483694,0.01662158537612793,0.07067737504544747,0.2398043184770817,0.16912694343163423,0.6192499467327317,0.6766640891994576,0.05741414246672594,0.19486231964443945,0.13155264873484093,-0.06330967090959852,0.0,0.0,0.0,2.0987654320987654,2.364864864864865,0.2660994327660995,0.7751479289940828,0.6611111111111111,-0.11403681788297171,41,41.0,0.0
Aotizhongxin,9,0,0.06945591878252366,0.06945591878252366,POST_HOC_DIAGNOSTIC_ONLY,0.15870103303773572,0.12098146921364779,-0.037719563824087934,0.014095258364179597,0.028359778123168075,0.014264519758988478,0.09032450577931139,0.23539949095718926,0.14507498517787787,0.6612412873982121,0.6907365468384947,0.02949525944028264,0.15870103303773572,0.12098146921364779,-0.037719563824087934,0.0,0.0,0.0,1.776470588235294,2.390625,0.614154411764706,0.7733333333333333,0.6521739130434783,-0.12115942028985505,40,40.0,0.0
Aotizhongxin,9,1,0.06945591878252366,0.06945591878252366,POST_HOC_DIAGNOSTIC_ONLY,0.16478503279740012,0.12209270178299088,-0.04269233101440924,0.01133900389606628,0.030070587726164142,0.01873158383009786,0.06960949180500584,0.25401585641009883,0.184406364605093,0.6484145382155793,0.6901447837341146,0.041730245518535325,0.16478503279740012,0.12209270178299088,-0.04269233101440924,0.0,0.0,0.0,1.853658536585366,2.3692307692307693,0.5155722326454033,0.7682119205298014,0.6521739130434783,-0.11603800748632309,42,42.0,0.0
Aotizhongxin,9,2,0.06945591878252366,0.06945591878252366,POST_HOC_DIAGNOSTIC_ONLY,0.1623091889320723,0.12118199915158784,-0.04112718978048446,0.020848170511921043,0.029073046555794516,0.008224876043873473,0.12556530958709197,0.24474215576194924,0.11917684617485727,0.6501118927593089,0.6902656891517922,0.04015379639248329,0.1623091889320723,0.12118199915158784,-0.04112718978048446,0.0,0.0,0.0,2.013157894736842,2.3692307692307693,0.3560728744939272,0.7894736842105263,0.6583850931677019,-0.13108859104282444,42,42.0,0.0
Aotizhongxin,9,3,0.06945591878252366,0.06945591878252366,POST_HOC_DIAGNOSTIC_ONLY,0.15071625829076377,0.12123582898963964,-0.029480429301124128,0.012074930867679546,0.02984771044951424,0.017772779581834694,0.08198610167647068,0.25561792732028815,0.17363182564381746,0.6493873167943055,0.6899465353277109,0.04055921853340538,0.15071625829076377,0.12123582898963964,-0.029480429301124128,0.0,0.0,0.0,2.0405405405405403,2.4153846153846152,0.3748440748440749,0.7533333333333333,0.6459627329192547,-0.10737060041407864,41,41.0,0.0
Aotizhongxin,9,4,0.06945591878252366,0.06945591878252366,POST_HOC_DIAGNOSTIC_ONLY,0.16358853416328725,0.12232605565686107,-0.041262478506426184,0.00782606387322751,0.029049005289781264,0.021222941416553752,0.04929858114785795,0.2444333584352674,0.19513477728740944,0.6403104168189712,0.6867457957537997,0.04643537893482852,0.16358853416328725,0.12232605565686107,-0.041262478506426184,0.0,0.0,0.0,2.0684931506849313,2.4126984126984126,0.34420526201348123,0.76,0.64375,-0.11624999999999996,44,44.0,0.0
Aotizhongxin,9,5,0.06945591878252366,0.06945591878252366,POST_HOC_DIAGNOSTIC_ONLY,0.17751381482438713,0.12178045801452383,-0.0557333568098633,-0.00040647856432148943,0.03105220226470145,0.031458680829022936,-0.0023472357612699486,0.2544288445819053,0.25677608034317523,0.6317166506711599,0.687179345517165,0.05546269484600508,0.17751381482438713,0.12178045801452383,-0.0557333568098633,0.0,0.0,0.0,2.140845070422535,2.4444444444444446,0.3035993740219096,0.7218543046357616,0.64375,-0.07810430463576157,37,37.0,0.0
Aotizhongxin,9,6,0.06945591878252366,0.06945591878252366,POST_HOC_DIAGNOSTIC_ONLY,0.1764608594765171,0.12151481625079069,-0.05494604322572641,0.0004253772762647036,0.030461220100998106,0.030035842824733403,0.002474408114083551,0.25221069368739624,0.24973628557331268,0.630096016657969,0.6876803605631753,0.05758434390520628,0.1764608594765171,0.12151481625079069,-0.05494604322572641,0.0,0.0,0.0,1.9610389610389611,2.4126984126984126,0.4516594516594514,0.7533333333333333,0.65,-0.10333333333333328,45,45.0,0.0
Aotizhongxin,9,7,0.06945591878252366,0.06945591878252366,POST_HOC_DIAGNOSTIC_ONLY,0.16279968701340983,0.12380620878673947,-0.03899347822667036,0.012406925641560219,0.03064129248540855,0.018234366843848333,0.0779900305133291,0.2480513495777184,0.17006131906438932,0.6431992441570189,0.6877605211311537,0.04456127697413481,0.16279968701340983,0.12380620878673947,-0.03899347822667036,0.0,0.0,0.0,1.9870129870129871,2.40625,0.4192370129870129,0.7631578947368421,0.64375,-0.1194078947368421,40,40.0,0.0
Aotizhongxin,9,8,0.06945591878252366,0.06945591878252366,POST_HOC_DIAGNOSTIC_ONLY,0.15602602698958765,0.12164176207040449,-0.03438426491918316,0.02144399649458482,0.02952674699424016,0.008082750499655338,0.13996773148194175,0.24107889806826316,0.10111116658632141,0.653527308230342,0.6873337068220525,0.03380639859171053,0.15602602698958765,0.12164176207040449,-0.03438426491918316,0.0,0.0,0.0,1.8875,2.3846153846153846,0.4971153846153846,0.7466666666666667,0.65625,-0.0904166666666667,45,45.0,0.0
Aotizhongxin,10,0,0.06945591878252366,0.06945591878252366,POST_HOC_DIAGNOSTIC_ONLY,0.1639261395103175,0.11269296806357332,-0.05123317144674419,0.004741110024515579,0.029531928737883423,0.024790818713367843,0.028324471031466982,0.2608160120291812,0.2324915409977142,0.6487556886145188,0.6995735110171857,0.05081782240266686,0.1639261395103175,0.11269296806357332,-0.05123317144674419,0.0,0.0,0.0,1.844155844155844,2.491228070175439,0.6470722260195947,0.7659574468085106,0.6689655172413793,-0.09699192956713132,42,42.0,0.0
Aotizhongxin,10,1,0.06945591878252366,0.06945591878252366,POST_HOC_DIAGNOSTIC_ONLY,0.15994344208289635,0.11240742148635581,-0.04753602059654054,0.00959389358721957,0.029910869968241882,0.02031697638102231,0.05891590329138037,0.26466714412270553,0.20575124083132518,0.6515085046681234,0.6990669463922268,0.047558441724103395,0.15994344208289635,0.11240742148635581,-0.04753602059654054,0.0,0.0,0.0,1.9722222222222223,2.508771929824561,0.5365497076023389,0.7730496453900709,0.6689655172413793,-0.10408412814869161,40,40.0,0.0
Aotizhongxin,10,2,0.06945591878252366,0.06945591878252366,POST_HOC_DIAGNOSTIC_ONLY,0.15049796174525945,0.11284826795909005,-0.037649693786169405,0.018677608827990255,0.030574851087338987,0.011897242259348732,0.12272070195870095,0.2696134072643967,0.14689270530569576,0.6629149866557416,0.6960928320824405,0.03317784542669899,0.15049796174525945,0.11284826795909005,-0.037649693786169405,0.0,0.0,0.0,1.9859154929577465,2.5357142857142856,0.5497987927565391,0.7714285714285715,0.6736111111111112,-0.0978174603174603,41,41.0,0.0
Aotizhongxin,10,3,0.06945591878252366,0.06945591878252366,POST_HOC_DIAGNOSTIC_ONLY,0.15391668081328566,0.11260801936115543,-0.04130866145213023,0.016882861582302032,0.03047842832772443,0.013595566745422397,0.10848527437579476,0.26667012526419515,0.1581848508884004,0.656752051587514,0.6973198313223151,0.04056777973480108,0.15391668081328566,0.11260801936115543,-0.04130866145213023,0.0,0.0,0.0,2.1194029850746268,2.508771929824561,0.38936894474993444,0.7872340425531915,0.6666666666666666,-0.12056737588652489,44,44.0,0.0
Aotizhongxin,10,4,0.06945591878252366,0.06945591878252366,POST_HOC_DIAGNOSTIC_ONLY,0.1481908594708208,0.11379806426079749,-0.03439279521002332,0.014251703889595797,0.03099637590394699,0.016744672014351192,0.09590675718475515,0.2736510363822193,0.17774427919746416,0.659423324447208,0.6973237344052086,0.03790040995800059,0.1481908594708208,0.11379806426079749,-0.03439279521002332,0.0,0.0,0.0,2.0579710144927534,2.491228070175439,0.43325705568268535,0.7446808510638298,0.6666666666666666,-0.07801418439716312,43,43.0,0.0
Aotizhongxin,10,5,0.06945591878252366,0.06945591878252366,POST_HOC_DIAGNOSTIC_ONLY,0.14209371236481658,0.11448682098176147,-0.02760689138305511,0.017440236026711683,0.03154849010599115,0.014108254079279469,0.1222950620939312,0.27887382021358453,0.15657875811965333,0.67073844114273,0.6964563759812696,0.02571793483853968,0.14209371236481658,0.11448682098176147,-0.02760689138305511,0.0,0.0,0.0,1.9452054794520548,2.517857142857143,0.572651663405088,0.7730496453900709,0.6666666666666666,-0.1063829787234043,42,42.0,0.0
Aotizhongxin,10,6,0.06945591878252366,0.06945591878252366,POST_HOC_DIAGNOSTIC_ONLY,0.14903992011584052,0.11444504577796161,-0.03459487433787892,0.01941432150709687,0.030422984147962063,0.011008662640865193,0.1289142812851645,0.2674880752946015,0.138573794009437,0.6650946312177033,0.6964265018014312,0.03133187058372788,0.14903992011584052,0.11444504577796161,-0.03459487433787892,0.0,0.0,0.0,2.0434782608695654,2.5636363636363635,0.5201581027667981,0.7357142857142858,0.6736111111111112,-0.062103174603174605,42,42.0,0.0
Aotizhongxin,10,7,0.06945591878252366,0.06945591878252366,POST_HOC_DIAGNOSTIC_ONLY,0.14778485408768777,0.11358549726163104,-0.03419935682605672,0.021730581083552167,0.029693146431143007,0.00796256534759084,0.14542044904499316,0.26510042092698627,0.11967997188199311,0.6669794764028427,0.6975595475396806,0.030580071136837916,0.14778485408768777,0.11358549726163104,-0.03419935682605672,0.0,0.0,0.0,2.1044776119402986,2.517857142857143,0.4133795309168442,0.75,0.6736111111111112,-0.07638888888888884,41,41.0,0.0
Aotizhongxin,10,8,0.06945591878252366,0.06945591878252366,POST_HOC_DIAGNOSTIC_ONLY,0.15020481092578877,0.11203565377934327,-0.038169157146445504,0.017784023487498857,0.029130075187136815,0.011346051699637958,0.11649330212168663,0.2613830599952687,0.14488975787358205,0.6639403809846951,0.6975858409150596,0.033645459930364496,0.15020481092578877,0.11203565377934327,-0.038169157146445504,0.0,0.0,0.0,2.203125,2.5454545454545454,0.3423295454545454,0.7214285714285714,0.6666666666666666,-0.05476190476190479,44,44.0,0.0
Aotizhongxin,10,9,0.06945591878252366,0.06945591878252366,POST_HOC_DIAGNOSTIC_ONLY,0.15648807458717076,0.11317684183838389,-0.04331123274878687,0.007240381647227569,0.029651727953407085,0.022411346306179518,0.045571741574175234,0.2596682017180634,0.21409646014388814,0.6534526140767036,0.6990612690874309,0.045608655010727306,0.15648807458717076,0.11317684183838389,-0.04331123274878687,0.0,0.0,0.0,1.9583333333333333,2.508771929824561,0.550438596491228,0.7142857142857143,0.6736111111111112,-0.04067460317460314,44,44.0,0.0
Aotizhongxin,11,0,0.06945591878252366,0.06945591878252366,POST_HOC_DIAGNOSTIC_ONLY,0.1596230124701042,0.10645680582548006,-0.053166206644624125,0.0006494638752411411,0.028725328783397668,0.028075864908156528,0.003981652392786136,0.27386812792160203,0.2698864755288159,0.6559103525392593,0.7031604604904541,0.047250107951194775,0.1596230124701042,0.10645680582548006,-0.053166206644624125,0.0,0.0,0.0,1.8823529411764706,2.480769230769231,0.5984162895927603,0.7165354330708661,0.6641221374045801,-0.05241329566628594,42,42.0,0.0
Aotizhongxin,11,1,0.06945591878252366,0.06945591878252366,POST_HOC_DIAGNOSTIC_ONLY,0.1542985660196252,0.10664621712180988,-0.047652348897815305,0.004384059892342842,0.028670517762275742,0.0242864578699329,0.027931203107813555,0.2693356676708678,0.24140446456305426,0.6587154036767251,0.7032467054490876,0.04453130177236253,0.1542985660196252,0.10664621712180988,-0.047652348897815305,0.0,0.0,0.0,1.8028169014084507,2.5294117647058822,0.7265948632974315,0.7480314960629921,0.6641221374045801,-0.08390935865841198,43,43.0,0.0
Aotizhongxin,11,2,0.06945591878252366,0.06945591878252366,POST_HOC_DIAGNOSTIC_ONLY,0.1455329063582434,0.10789035890313715,-0.03764254745510624,0.007346828507244293,0.029715578115250527,0.022368749608006236,0.04981645961839483,0.275360240723198,0.22554378110480316,0.6654742325875446,0.7025055744974067,0.037031341909862125,0.1455329063582434,0.10789035890313715,-0.03764254745510624,0.0,0.0,0.0,2.0317460317460316,2.5098039215686274,0.4780578898225958,0.7480314960629921,0.6641221374045801,-0.08390935865841198,42,42.0,0.0
Aotizhongxin,11,3,0.06945591878252366,0.06945591878252366,POST_HOC_DIAGNOSTIC_ONLY,0.14000621597303095,0.10694051230605738,-0.033065703666973575,0.00870945221324411,0.02975671195227367,0.021047259739029562,0.06159205595984882,0.2785696629200372,0.2169776069601884,0.67578747586083,0.7043167999373208,0.02852932407649078,0.14000621597303095,0.10694051230605738,-0.033065703666973575,0.0,0.0,0.0,1.9104477611940298,2.5294117647058822,0.6189640035118524,0.8031496062992126,0.6564885496183206,-0.14666105668089202,43,43.0,0.0
Aotizhongxin,11,4,0.06945591878252366,0.06945591878252366,POST_HOC_DIAGNOSTIC_ONLY,0.1317909563994876,0.10565265227505245,-0.026138304124435144,0.019468139173454694,0.02986458565773049,0.010396446484275797,0.1474161764169128,0.2767807187431187,0.12936454232620592,0.682754727834724,0.7059853540154175,0.023230626180693492,0.1317909563994876,0.10565265227505245,-0.026138304124435144,0.0,0.0,0.0,2.263157894736842,2.58,0.31684210526315804,0.71875,0.6641221374045801,-0.05462786259541985,43,43.0,0.0
Aotizhongxin,11,5,0.06945591878252366,0.06945591878252366,POST_HOC_DIAGNOSTIC_ONLY,0.13427609695245896,0.10551416358791557,-0.028761933364543385,0.028876177639316044,0.029781636098009684,0.00090545845869364,0.2139402443762592,0.2832537783071541,0.0693135339308949,0.6720780071671149,0.7071061395935265,0.03502813242641167,0.13427609695245896,0.10551416358791557,-0.028761933364543385,0.0,0.0,0.0,2.280701754385965,2.5294117647058822,0.24871001031991735,0.7441860465116279,0.6641221374045801,-0.08006390910704775,42,42.0,0.0
Aotizhongxin,11,6,0.06945591878252366,0.06945591878252366,POST_HOC_DIAGNOSTIC_ONLY,0.13288703604143112,0.1057943696973622,-0.027092666344068927,0.02378040192345849,0.029406464175266486,0.005626062251807996,0.17746854193231787,0.27769362948543785,0.10022508755311998,0.6803254039979951,0.7068700962798006,0.02654469228180545,0.13288703604143112,0.1057943696973622,-0.027092666344068927,0.0,0.0,0.0,2.064516129032258,2.56,0.49548387096774205,0.7559055118110236,0.6641221374045801,-0.09178337440644346,44,44.0,0.0
Aotizhongxin,11,7,0.06945591878252366,0.06945591878252366,POST_HOC_DIAGNOSTIC_ONLY,0.1322319324974004,0.1049179746150182,-0.027313957882382195,0.017106793870045815,0.02939972898335603,0.012292935113310213,0.12824604726135624,0.281305876366674,0.15305982910531774,0.6795780874102106,0.7071402503427383,0.027562162932527667,0.1322319324974004,0.1049179746150182,-0.027313957882382195,0.0,0.0,0.0,2.064516129032258,2.56,0.49548387096774205,0.7480314960629921,0.6641221374045801,-0.08390935865841198,42,42.0,0.0
Aotizhongxin,11,8,0.06945591878252366,0.06945591878252366,POST_HOC_DIAGNOSTIC_ONLY,0.1328320323512681,0.105894455172913,-0.026937577178355085,0.010026311941416814,0.02893190182326934,0.01890558988185253,0.07418110196760251,0.2760532041944072,0.20187210222680468,0.6776640804296753,0.7060178749525324,0.028353794522857134,0.1328320323512681,0.105894455172913,-0.026937577178355085,0.0,0.0,0.0,1.9393939393939394,2.58,0.6406060606060606,0.7401574803149606,0.6641221374045801,-0.0760353429103805,43,43.0,0.0
Aotizhongxin,11,9,0.06945591878252366,0.06945591878252366,POST_HOC_DIAGNOSTIC_ONLY,0.1392918110913716,0.10519394717928193,-0.03409786391208966,0.006687391744030408,0.03013955143573813,0.023452159691707723,0.04712153799441672,0.2811978056958726,0.2340762677014559,0.6705008306255609,0.7066972923608813,0.03619646173532043,0.1392918110913716,0.10519394717928193,-0.03409786391208966,0.0,0.0,0.0,2.1864406779661016,2.56,0.3735593220338984,0.6953125,0.6717557251908397,-0.023556774809160297,43,43.0,0.0
Aotizhongxin,11,10,0.06945591878252366,0.06945591878252366,POST_HOC_DIAGNOSTIC_ONLY,0.1425973772774041,0.10639264667066148,-0.03620473060674262,0.008727501461841406,0.029780514492589588,0.021053013030748184,0.06006935906269623,0.2775783801090455,0.21750902104634928,0.6692113388249308,0.7028345412926239,0.033623202467693125,0.1425973772774041,0.10639264667066148,-0.03620473060674262,0.0,0.0,0.0,2.081967213114754,2.54,0.45803278688524607,0.6984126984126984,0.6615384615384615,-0.036874236874236854,43,43.0,0.0
Aotizhongxin,12,0,0.06945591878252366,0.06945591878252366,POST_HOC_DIAGNOSTIC_ONLY,0.12284573877802303,0.09947149831990164,-0.023374240458121393,0.008622037861894808,0.028460276976822144,0.019838239114927336,0.06922958596102723,0.28550627529624295,0.2162766893352157,0.694560620875521,0.7114137894253156,0.016853168549794684,0.12284573877802303,0.09947149831990164,-0.023374240458121393,0.0,0.0,0.0,1.95,2.6,0.6500000000000001,0.7586206896551724,0.6583333333333333,-0.10028735632183905,44,44.0,0.0
Aotizhongxin,12,1,0.06945591878252366,0.06945591878252366,POST_HOC_DIAGNOSTIC_ONLY,0.1307621543851075,0.0994849206858064,-0.03127723369930109,0.01290036153504688,0.028355581649195157,0.015455220114148278,0.09693290537888177,0.28730396949379233,0.19037106411491056,0.6764910297267558,0.7106105261925256,0.03411949646576984,0.1307621543851075,0.0994849206858064,-0.03127723369930109,0.0,0.0,0.0,2.1272727272727274,2.5652173913043477,0.43794466403162025,0.6982758620689655,0.65,-0.0482758620689655,43,43.0,0.0
Aotizhongxin,12,2,0.06945591878252366,0.06945591878252366,POST_HOC_DIAGNOSTIC_ONLY,0.14922743200470684,0.09972241645574179,-0.04950501554896505,0.009208033923780811,0.028430881853970556,0.019222847930189746,0.06051161674346484,0.2817495128944151,0.22123789615095024,0.6626033145258066,0.7121156670572601,0.049512352531453585,0.14922743200470684,0.09972241645574179,-0.04950501554896505,0.0,0.0,0.0,2.1272727272727274,2.6,0.47272727272727266,0.6724137931034483,0.65,-0.022413793103448265,43,43.0,0.0
Aotizhongxin,12,3,0.06945591878252366,0.06945591878252366,POST_HOC_DIAGNOSTIC_ONLY,0.14500680698973123,0.10116078807677199,-0.043846018912959236,0.015648382128589898,0.028311121185957584,0.012662739057367686,0.10703255946409294,0.28128756584652714,0.17425500638243419,0.6687945033292424,0.7104672169161818,0.04167271358693936,0.14500680698973123,0.10116078807677199,-0.043846018912959236,0.0,0.0,0.0,2.3137254901960786,2.5652173913043477,0.251491901108269,0.6837606837606838,0.65,-0.03376068376068375,44,44.0,0.0
Aotizhongxin,12,4,0.06945591878252366,0.06945591878252366,POST_HOC_DIAGNOSTIC_ONLY,0.1368953242697416,0.10052860103461268,-0.03636672323512892,0.019496401333159486,0.027570455156516422,0.008074053823356936,0.14147769526621393,0.27506786192314725,0.13359016665693332,0.6760740874427337,0.711037451043117,0.034963363600383324,0.1368953242697416,0.10052860103461268,-0.03636672323512892,0.0,0.0,0.0,2.207547169811321,2.5652173913043477,0.35767022149302674,0.6982758620689655,0.6583333333333333,-0.0399425287356322,43,43.0,0.0
Aotizhongxin,12,5,0.06945591878252366,0.06945591878252366,POST_HOC_DIAGNOSTIC_ONLY,0.13490820434783843,0.10106123946698962,-0.033846964880848804,0.013645638132873108,0.02855993482793265,0.014914296695059543,0.10058967013267181,0.2796544622688396,0.1790647921361678,0.6796909821802567,0.7104423532239275,0.03075137104367076,0.13490820434783843,0.10106123946698962,-0.033846964880848804,0.0,0.0,0.0,2.1272727272727274,2.5106382978723403,0.38336557059961285,0.7241379310344828,0.6583333333333333,-0.06580459770114944,42,42.0,0.0
Aotizhongxin,12,6,0.06945591878252366,0.06945591878252366,POST_HOC_DIAGNOSTIC_ONLY,0.13168731292516195,0.10034746226234531,-0.03133985066281664,0.009120190923964416,0.02880174197179775,0.019681551047833333,0.06843367749926905,0.2807368259134564,0.21230314841418735,0.6757331463633407,0.711951319217184,0.03621817285384332,0.13168731292516195,0.10034746226234531,-0.03133985066281664,0.0,0.0,0.0,2.0526315789473686,2.5652173913043477,0.5125858123569791,0.75,0.6583333333333333,-0.09166666666666667,42,42.0,0.0
Aotizhongxin,12,7,0.06945591878252366,0.06945591878252366,POST_HOC_DIAGNOSTIC_ONLY,0.13079934304031676,0.09817912199730833,-0.032620221043008435,0.006247505027078766,0.02884045988680986,0.022592954859731094,0.04703892582322717,0.2864660544597939,0.23942712863656673,0.680107716558316,0.7138835356022728,0.03377581904395677,0.13079934304031676,0.09817912199730833,-0.032620221043008435,0.0,0.0,0.0,1.7727272727272727,2.5652173913043477,0.792490118577075,0.75,0.6583333333333333,-0.09166666666666667,44,44.0,0.0
Aotizhongxin,12,8,0.06945591878252366,0.06945591878252366,POST_HOC_DIAGNOSTIC_ONLY,0.12071722720369775,0.09880546208594801,-0.02191176511774974,0.012761580349370631,0.02816476945132382,0.01540318910195319,0.10455175469628987,0.28309425027006985,0.17854249557378,0.6907890164238967,0.7133656376072978,0.02257662118340109,0.12071722720369775,0.09880546208594801,-0.02191176511774974,0.0,0.0,0.0,2.0,2.5319148936170213,0.5319148936170213,0.7350427350427351,0.6583333333333333,-0.07670940170940177,44,44.0,0.0
Aotizhongxin,12,9,0.06945591878252366,0.06945591878252366,POST_HOC_DIAGNOSTIC_ONLY,0.1183337651382252,0.09840096255433244,-0.019932802583892767,0.00964792827113827,0.02849164508165663,0.018843716810518357,0.08041669173495652,0.29966859228408904,0.21925190054913252,0.6933878421742444,0.7143836301737669,0.02099578799952251,0.1183337651382252,0.09840096255433244,-0.019932802583892767,0.0,0.0,0.0,2.0517241379310347,2.6222222222222222,0.5704980842911875,0.7288135593220338,0.6583333333333333,-0.07048022598870052,43,43.0,0.0
Aotizhongxin,12,10,0.06945591878252366,0.06945591878252366,POST_HOC_DIAGNOSTIC_ONLY,0.12581497302552988,0.09800075904949146,-0.02781421397603842,0.006101258865606546,0.02930944755125871,0.023208188685652165,0.047353648527992814,0.29787334406391175,0.2505196955359189,0.6870239023743931,0.7107870001116692,0.02376309773727603,0.12581497302552988,0.09800075904949146,-0.02781421397603842,0.0,0.0,0.0,1.95,2.6,0.6500000000000001,0.7844827586206896,0.6638655462184874,-0.12061721240220225,43,43.0,0.0
Aotizhongxin,12,11,0.06945591878252366,0.06945591878252366,POST_HOC_DIAGNOSTIC_ONLY,0.1218453382650961,0.09869436589941127,-0.02315097236568482,0.008255823658957651,0.029251383745943074,0.020995560086985422,0.06632019838608118,0.29972633014074584,0.23340613175466468,0.6916496726846071,0.7100122013240641,0.018362528639456976,0.1218453382650961,0.09869436589941127,-0.02315097236568482,0.0,0.0,0.0,2.109090909090909,2.6,0.4909090909090912,0.8,0.6554621848739496,-0.14453781512605046,42,42.0,0.0
Aotizhongxin,13,0,0.06945591878252366,0.06945591878252366,POST_HOC_DIAGNOSTIC_ONLY,0.13314076913696363,0.09455861906444782,-0.03858215007251581,0.005092632374716476,0.027842718078591792,0.022750085703875315,0.037786416000372726,0.29587639734753435,0.2580899813471616,0.6800469805493066,0.7188816877863731,0.0388347072370665,0.13314076913696363,0.09455861906444782,-0.03858215007251581,0.0,0.0,0.0,2.0961538461538463,2.6341463414634148,0.5379924953095685,0.7592592592592593,0.6486486486486487,-0.11061061061061062,44,44.0,0.0
Aotizhongxin,13,1,0.06945591878252366,0.06945591878252366,POST_HOC_DIAGNOSTIC_ONLY,0.12138807585532094,0.09601066580426001,-0.025377410051060922,0.010160791175005032,0.0271621666179131,0.01700137544290807,0.0828866109199726,0.2844915364157911,0.20160492549581852,0.6908999676773774,0.7172772296741774,0.026377261996800017,0.12138807585532094,0.09601066580426001,-0.025377410051060922,0.0,0.0,0.0,1.912280701754386,2.6097560975609757,0.6974753958065898,0.7685185185185185,0.6486486486486487,-0.1198698698698698,43,43.0,0.0
Aotizhongxin,13,2,0.06945591878252366,0.06945591878252366,POST_HOC_DIAGNOSTIC_ONLY,0.12013567983621887,0.09574747529245693,-0.024388204543761935,0.008782523426327632,0.02615027061541484,0.017367747189087207,0.07214677686636949,0.27327036815269834,0.20112359128632884,0.6929011092934981,0.7170146993584062,0.024113590064908097,0.12013567983621887,0.09574747529245693,-0.024388204543761935,0.0,0.0,0.0,1.7704918032786885,2.558139534883721,0.7876477316050325,0.7757009345794392,0.6576576576576577,-0.11804327692178151,42,42.0,0.0
Aotizhongxin,13,3,0.06945591878252366,0.06945591878252366,POST_HOC_DIAGNOSTIC_ONLY,0.12297855892291433,0.09435450911424176,-0.028624049808672572,0.00920850000653239,0.027031211898723782,0.01782271189219139,0.07378103526734768,0.2883880199231462,0.21460698465579853,0.6906380106778551,0.7190423361930739,0.028404325515218765,0.12297855892291433,0.09435450911424176,-0.028624049808672572,0.0,0.0,0.0,1.9636363636363636,2.5952380952380953,0.6316017316017317,0.7102803738317757,0.6486486486486487,-0.061631725183126984,43,43.0,0.0
Aotizhongxin,13,4,0.06945591878252366,0.06945591878252366,POST_HOC_DIAGNOSTIC_ONLY,0.12577816312242387,0.09296859080989889,-0.03280957231252499,0.009016498936010345,0.026699124342665224,0.017682625406654877,0.07085405849154633,0.2865903200554002,0.21573626156385386,0.6806807807490384,0.7200362630157456,0.039355482266707265,0.12577816312242387,0.09296859080989889,-0.03280957231252499,0.0,0.0,0.0,2.0,2.5952380952380953,0.5952380952380953,0.719626168224299,0.6576576576576577,-0.06196851056664132,44,44.0,0.0
Aotizhongxin,13,5,0.06945591878252366,0.06945591878252366,POST_HOC_DIAGNOSTIC_ONLY,0.11835835684934731,0.0935111131269207,-0.02484724372242661,0.008776868278550587,0.027129165837218687,0.0183522975586681,0.07356142973396124,0.2854334040730647,0.21187197433910349,0.6950657322183145,0.7194187254622738,0.024352993243959342,0.11835835684934731,0.0935111131269207,-0.02484724372242661,0.0,0.0,0.0,1.8620689655172413,2.5952380952380953,0.733169129720854,0.7476635514018691,0.6576576576576577,-0.09000589374421142,44,44.0,0.0
Aotizhongxin,13,6,0.06945591878252366,0.06945591878252366,POST_HOC_DIAGNOSTIC_ONLY,0.11672553742035134,0.09362191910723515,-0.023103618313116192,0.011121953637599888,0.028195273914311918,0.01707332027671203,0.09355245619892778,0.2983696886711508,0.20481723247222305,0.6964966124219901,0.7144341707854216,0.01793755836343147,0.11672553742035134,0.09362191910723515,-0.023103618313116192,0.0,0.0,0.0,2.1176470588235294,2.5714285714285716,0.4537815126050422,0.7289719626168224,0.6454545454545455,-0.0835174171622769,42,42.0,0.0
Aotizhongxin,13,7,0.06945591878252366,0.06945591878252366,POST_HOC_DIAGNOSTIC_ONLY,0.11733970066339029,0.09284849206068933,-0.02449120860270096,0.008649944636421264,0.02849065388673159,0.019840709250310326,0.07234103344670628,0.30462376796113305,0.23228273451442677,0.6947076990341462,0.7152007515519816,0.020493052517835397,0.11733970066339029,0.09284849206068933,-0.02449120860270096,0.0,0.0,0.0,2.18,2.5714285714285716,0.39142857142857146,0.7314814814814815,0.6545454545454545,-0.07693602693602697,43,43.0,0.0
Aotizhongxin,13,8,0.06945591878252366,0.06945591878252366,POST_HOC_DIAGNOSTIC_ONLY,0.11924071519337157,0.0939158486147789,-0.02532486657859266,0.008443574967432215,0.02880251404774599,0.020358939080313776,0.06875077312452722,0.30613636689089635,0.23738559376636914,0.691952063354778,0.7146321594512454,0.022680096096467373,0.11924071519337157,0.0939158486147789,-0.02532486657859266,0.0,0.0,0.0,2.16,2.65,0.48999999999999977,0.7102803738317757,0.6454545454545455,-0.06482582837723017,45,45.0,0.0
Aotizhongxin,13,9,0.06945591878252366,0.06945591878252366,POST_HOC_DIAGNOSTIC_ONLY,0.1180694127088188,0.09315532015017,-0.024914092558648793,0.011762058237120487,0.029149979950288007,0.01738792171316752,0.0974296795440611,0.3078319037961344,0.21040222425207328,0.6946656785718448,0.7148426886634819,0.020177010091637082,0.1180694127088188,0.09315532015017,-0.024914092558648793,0.0,0.0,0.0,2.183673469387755,2.675,0.49132653061224474,0.6981132075471698,0.6454545454545455,-0.052658662092624264,43,43.0,0.0
Aotizhongxin,13,10,0.06945591878252366,0.06945591878252366,POST_HOC_DIAGNOSTIC_ONLY,0.11883810994735312,0.09427887158321477,-0.024559238364138355,0.015222171004277056,0.02966616359965674,0.014443992595379684,0.1262345474087207,0.30725499615236457,0.18102044874364387,0.6895556159377366,0.7171464979515881,0.027590882013851514,0.11883810994735312,0.09427887158321477,-0.024559238364138355,0.0,0.0,0.0,2.276595744680851,2.6341463414634148,0.3575505967825636,0.7452830188679245,0.6545454545454545,-0.09073756432246993,44,44.0,0.0
Aotizhongxin,13,11,0.06945591878252366,0.06945591878252366,POST_HOC_DIAGNOSTIC_ONLY,0.1218574562287726,0.09329074178671463,-0.028566714442057967,0.01515062272801577,0.028812483515243764,0.013661860787227994,0.12281357854962593,0.3052099243317681,0.18239634578214214,0.6924438734179179,0.7165521652597746,0.0241082918418567,0.1218574562287726,0.09329074178671463,-0.028566714442057967,0.0,0.0,0.0,2.4318181818181817,2.675,0.24318181818181817,0.6698113207547169,0.6454545454545455,-0.02435677530017144,43,43.0,0.0
Aotizhongxin,13,12,0.06945591878252366,0.06945591878252366,POST_HOC_DIAGNOSTIC_ONLY,0.13659756712780383,0.09446788763993764,-0.04212967948786618,0.009654370360561628,0.028289663204264643,0.018635292843703015,0.06987004959510647,0.301262882363441,0.23139283276833456,0.676185075457336,0.7170942324313133,0.040909156973977345,0.13659756712780383,0.09446788763993764,-0.04212967948786618,0.0,0.0,0.0,2.2291666666666665,2.6341463414634148,0.40497967479674823,0.7264150943396226,0.6454545454545455,-0.08096054888507709,44,44.0,0.0
Aotizhongxin,14,0,0.06945591878252366,0.06945591878252366,POST_HOC_DIAGNOSTIC_ONLY,0.11148650688333499,0.09177444849428806,-0.019712058389046924,0.011048225784501048,0.026383172502153832,0.015334946717652785,0.09911133690934504,0.29156996694115517,0.19245863003181013,0.7070781429528529,0.7202547187613251,0.013176575808472202,0.11148650688333499,0.09177444849428806,-0.019712058389046924,0.0,0.0,0.0,2.2954545454545454,2.55,0.2545454545454544,0.71,0.6504854368932039,-0.05951456310679604,44,44.0,0.0
Aotizhongxin,14,1,0.06945591878252366,0.06945591878252366,POST_HOC_DIAGNOSTIC_ONLY,0.11377097733083766,0.09127749042912389,-0.022493486901713766,0.008779500739847273,0.026373724489238706,0.017594223749391433,0.07723338791104198,0.2861410512224072,0.2089076633113652,0.6961044607990398,0.7216682349656731,0.025563774166633357,0.11377097733083766,0.09127749042912389,-0.022493486901713766,0.0,0.0,0.0,2.127659574468085,2.5641025641025643,0.43644298963447925,0.7070707070707071,0.6504854368932039,-0.056585270177503144,44,44.0,0.0
Aotizhongxin,14,2,0.06945591878252366,0.06945591878252366,POST_HOC_DIAGNOSTIC_ONLY,0.11566019760349747,0.09082049910831998,-0.02483969849517749,0.010546415651165084,0.02620730972699158,0.015660894075826496,0.09042502220185857,0.28628722096073284,0.19586219875887428,0.6988806637961509,0.7235374937384564,0.024656829942305558,0.11566019760349747,0.09082049910831998,-0.02483969849517749,0.0,0.0,0.0,2.148936170212766,2.6153846153846154,0.46644844517184936,0.72,0.6504854368932039,-0.06951456310679605,43,43.0,0.0
Aotizhongxin,14,3,0.06945591878252366,0.06945591878252366,POST_HOC_DIAGNOSTIC_ONLY,0.1070804508860173,0.08899329658131712,-0.018087154304700176,0.012765287678003539,0.026333037910330818,0.013567750232327279,0.11845186936156596,0.3003960864278772,0.18194421706631123,0.7067075502030513,0.7249615078236439,0.018253957620592565,0.1070804508860173,0.08899329658131712,-0.018087154304700176,0.0,0.0,0.0,2.2666666666666666,2.6578947368421053,0.3912280701754387,0.6633663366336634,0.6407766990291263,-0.02258963760453714,43,43.0,0.0
Aotizhongxin,14,4,0.06945591878252366,0.06945591878252366,POST_HOC_DIAGNOSTIC_ONLY,0.10400610433331116,0.08841408535367322,-0.01559201897963794,0.015319692110524398,0.026173654093242134,0.010853961982717736,0.1442255593394394,0.2940262241223964,0.14980066478295698,0.7090963758145763,0.7253810666624063,0.01628469084783002,0.10400610433331116,0.08841408535367322,-0.01559201897963794,0.0,0.0,0.0,2.127659574468085,2.675675675675676,0.5480161012075908,0.7272727272727273,0.6310679611650486,-0.0962047661076787,43,43.0,0.0
Aotizhongxin,14,5,0.06945591878252366,0.06945591878252366,POST_HOC_DIAGNOSTIC_ONLY,0.09527256099282794,0.08848639369405903,-0.006786167298768908,0.02062832132745161,0.025631530600444825,0.005003209272993216,0.2120471701583151,0.2852297751827961,0.07318260502448098,0.716490623553298,0.7256812573089199,0.009190633755621902,0.09527256099282794,0.08848639369405903,-0.006786167298768908,0.0,0.0,0.0,2.380952380952381,2.6315789473684212,0.2506265664160403,0.6868686868686869,0.6504854368932039,-0.03638324997548292,43,43.0,0.0
Aotizhongxin,14,6,0.06945591878252366,0.06945591878252366,POST_HOC_DIAGNOSTIC_ONLY,0.09768512869019573,0.08748669899943551,-0.010198429690760222,0.019420823723167484,0.0277699509056494,0.008349127182481916,0.19390379407624528,0.3122614160010069,0.1183576219247616,0.7112703889859653,0.7204866850225112,0.009216296036545946,0.09768512869019573,0.08748669899943551,-0.010198429690760222,0.0,0.0,0.0,2.106382978723404,2.675675675675676,0.5692926969522718,0.7551020408163265,0.6372549019607843,-0.11784713885554221,44,44.0,0.0
Aotizhongxin,14,7,0.06945591878252366,0.06945591878252366,POST_HOC_DIAGNOSTIC_ONLY,0.10899276015993513,0.08888800146890105,-0.020104758691034078,0.013585123929897615,0.027436482647566242,0.013851358717668627,0.12157188183841892,0.3120739822009099,0.190502100362491,0.6990941356343553,0.7201119123550298,0.021017776720674508,0.10899276015993513,0.08888800146890105,-0.020104758691034078,0.0,0.0,0.0,1.9411764705882353,2.6315789473684212,0.690402476780186,0.8061224489795918,0.6372549019607843,-0.16886754701880757,44,44.0,0.0
Aotizhongxin,14,8,0.06945591878252366,0.06945591878252366,POST_HOC_DIAGNOSTIC_ONLY,0.12105655277906358,0.0894680338405143,-0.031588518938549276,0.004722360769495729,0.02662849950892232,0.02190613873942659,0.0382098348588466,0.3013059077409728,0.2630960728821262,0.6887667172627359,0.7197217839358597,0.030955066673123866,0.12105655277906358,0.0894680338405143,-0.031588518938549276,0.0,0.0,0.0,2.0625,2.6315789473684212,0.5690789473684212,0.7448979591836735,0.6372549019607843,-0.10764305722288925,44,44.0,0.0
Aotizhongxin,14,9,0.06945591878252366,0.06945591878252366,POST_HOC_DIAGNOSTIC_ONLY,0.1301497636015073,0.0899540408815137,-0.040195722719993596,0.001659414418124431,0.027264819587740623,0.02560540516961619,0.012538269239987727,0.2979613610135232,0.2854230917735355,0.6806794768666418,0.7192866578972179,0.03860718103057614,0.1301497636015073,0.0899540408815137,-0.040195722719993596,0.0,0.0,0.0,1.8333333333333333,2.6315789473684212,0.798245614035088,0.7653061224489796,0.6372549019607843,-0.12805122048819528,43,43.0,0.0
Aotizhongxin,14,10,0.06945591878252366,0.06945591878252366,POST_HOC_DIAGNOSTIC_ONLY,0.12956039543658,0.08963578039576892,-0.03992461504081107,0.0011975818194099638,0.026683994532507263,0.0254864127130973,0.009084618924490315,0.2913155029326269,0.2822308840081366,0.6757115717953555,0.7196654074555181,0.04395383566016264,0.12956039543658,0.08963578039576892,-0.03992461504081107,0.0,0.0,0.0,1.98,2.6578947368421053,0.6778947368421053,0.7244897959183674,0.6470588235294118,-0.07743097238895558,44,44.0,0.0
Aotizhongxin,14,11,0.06945591878252366,0.06945591878252366,POST_HOC_DIAGNOSTIC_ONLY,0.12732310733047508,0.08886279786280406,-0.038460309467671025,-0.0006509104905194016,0.02677043327729941,0.02742134376781881,-0.004990199726536322,0.304419458466099,0.30940965819263533,0.685009556073387,0.7201689253294046,0.03515936925601759,0.12732310733047508,0.08886279786280406,-0.038460309467671025,0.0,0.0,0.0,2.0,2.58974358974359,0.5897435897435899,0.7070707070707071,0.6470588235294118,-0.060011883541295274,44,44.0,0.0
Aotizhongxin,14,12,0.06945591878252366,0.06945591878252366,POST_HOC_DIAGNOSTIC_ONLY,0.12711116929113112,0.08976754904357265,-0.03734362024755847,0.002379428419379998,0.027409003889831998,0.025029575470452,0.0183498114076399,0.2989177760367914,0.2805679646291515,0.6878019070796398,0.7197837699657622,0.03198186288612237,0.12711116929113112,0.08976754904357265,-0.03734362024755847,0.0,0.0,0.0,1.8518518518518519,2.58974358974359,0.737891737891738,0.7676767676767676,0.6568627450980392,-0.11081402257872841,44,44.0,0.0
Aotizhongxin,14,13,0.06945591878252366,0.06945591878252366,POST_HOC_DIAGNOSTIC_ONLY,0.12242873882788541,0.09130478627791583,-0.03112395254996958,0.004998399519094096,0.027249991495704763,0.02225159197661067,0.040290715665888224,0.2944653115818981,0.2541745959160099,0.6932064536930921,0.7181621266219521,0.02495567292886003,0.12242873882788541,0.09130478627791583,-0.03112395254996958,0.0,0.0,0.0,2.127659574468085,2.58974358974359,0.4620840152755048,0.7474747474747475,0.6470588235294118,-0.10041592394533572,44,44.0,0.0
Changping,6,0,0.06364564590037053,0.06364564590037053,POST_HOC_DIAGNOSTIC_ONLY,0.2150597049986509,0.15065122379132725,-0.06440848120732365,0.019512260253806774,0.0323285391577554,0.012816278903948628,0.0909805871333257,0.21567636814881566,0.12469578101548996,0.497489523320385,0.559052323917705,0.06156280059732,0.2150597049986509,0.15065122379132725,-0.06440848120732365,0.004273504273504274,0.0,-0.004273504273504274,1.910569105691057,2.2666666666666666,0.35609756097560963,0.7905982905982906,0.6859504132231405,-0.10464787737515002,39,39.0,0.0
Changping,6,1,0.06364564590037053,0.06364564590037053,POST_HOC_DIAGNOSTIC_ONLY,0.2160616255509557,0.15055188829713936,-0.06550973725381634,0.030451962251492628,0.03495430348641733,0.004502341234924701,0.1421329987203209,0.22318067981374318,0.08104768109342228,0.4899556507435034,0.558254748849448,0.06829909810594464,0.2160616255509557,0.15055188829713936,-0.06550973725381634,0.004273504273504274,0.0,-0.004273504273504274,2.06140350877193,2.2358490566037736,0.17444554783184385,0.7606837606837606,0.6818181818181818,-0.07886557886557888,40,40.0,0.0
Changping,6,2,0.06364564590037053,0.06364564590037053,POST_HOC_DIAGNOSTIC_ONLY,0.22594202707787814,0.15016294599096464,-0.0757790810869135,0.024956734854300357,0.034112742612779245,0.009156007758478888,0.10894487299676978,0.2314691294600698,0.12252425646330004,0.47915900219574215,0.5603945052259357,0.08123550303019356,0.22594202707787814,0.15016294599096464,-0.0757790810869135,0.00425531914893617,0.0,-0.00425531914893617,2.0,2.2429906542056073,0.24299065420560728,0.7659574468085106,0.6900826446280992,-0.07587480218041143,40,40.0,0.0
Changping,6,3,0.06364564590037053,0.06364564590037053,POST_HOC_DIAGNOSTIC_ONLY,0.2242345322385733,0.1497271997599069,-0.0745073324786664,-0.006806908952077902,0.03306060331589135,0.03986751226796925,-0.03041606142501847,0.22919254831046115,0.2596086097354796,0.46894816439979287,0.5596112001955446,0.09066303579575169,0.2242345322385733,0.1497271997599069,-0.0745073324786664,0.0,0.0,0.0,2.2596153846153846,2.257142857142857,-0.0024725274725274637,0.7521367521367521,0.6859504132231405,-0.06618633891361159,40,40.0,0.0
Changping,6,4,0.06364564590037053,0.06364564590037053,POST_HOC_DIAGNOSTIC_ONLY,0.22317662407362618,0.15139196824167145,-0.07178465583195473,0.002749237579059219,0.03303896769964824,0.03028973012058902,0.012264348720418209,0.21946507597038048,0.20720072724996227,0.4755300666918318,0.5574542144912382,0.08192414779940643,0.22317662407362618,0.15139196824167145,-0.07178465583195473,0.004291845493562232,0.0,-0.004291845493562232,2.034782608695652,2.257142857142857,0.22236024844720514,0.7939914163090128,0.6804979253112033,-0.11349349099780948,39,39.0,0.0
Changping,6,5,0.06364564590037053,0.06364564590037053,POST_HOC_DIAGNOSTIC_ONLY,0.22216140814302715,0.14989924024019988,-0.07226216790282727,0.010199771681985628,0.033136791527306114,0.022937019845320487,0.04618664871181887,0.21823123950849477,0.1720445907966759,0.48468447566726847,0.5596628658734982,0.07497839020622976,0.22216140814302715,0.14989924024019988,-0.07226216790282727,0.004273504273504274,0.0,-0.004273504273504274,2.0434782608695654,2.2788461538461537,0.23536789297658833,0.7606837606837606,0.6804979253112033,-0.0801858353725573,37,37.0,0.0
Changping,7,0,0.06364564590037053,0.06364564590037053,POST_HOC_DIAGNOSTIC_ONLY,0.17507936756602965,0.1352151393245651,-0.039864228241464544,0.014181051630539397,0.032664473729813244,0.018483422099273845,0.08118355593820688,0.24310102064714692,0.16191746470894003,0.5265058483601528,0.5753653391678728,0.04885949080772001,0.17507936756602965,0.1352151393245651,-0.039864228241464544,0.0,0.0,0.0,2.0510204081632653,2.269662921348315,0.21864251318504957,0.785,0.6811594202898551,-0.10384057971014493,41,41.0,0.0
Changping,7,1,0.06364564590037053,0.06364564590037053,POST_HOC_DIAGNOSTIC_ONLY,0.1930951764612155,0.13497519507689404,-0.05811998138432145,0.012465444474846866,0.03246028811435765,0.019994843639510786,0.06539833846315876,0.2384826534460006,0.17308431498284182,0.5096273278948059,0.5748441207898045,0.0652167928949986,0.1930951764612155,0.13497519507689404,-0.05811998138432145,0.0,0.0,0.0,2.00990099009901,2.258426966292135,0.2485259761931249,0.7425742574257426,0.6763285024154589,-0.06624575501028362,41,41.0,0.0
Changping,7,2,0.06364564590037053,0.06364564590037053,POST_HOC_DIAGNOSTIC_ONLY,0.20612206640366998,0.13325294335885274,-0.07286912304481724,0.014722598525363707,0.03164357445128292,0.016920975925919214,0.07160458485088632,0.236437658873302,0.1648330740224157,0.49936874680711335,0.575832549059044,0.07646380225193067,0.20612206640366998,0.13325294335885274,-0.07286912304481724,0.0,0.0,0.0,2.127659574468085,2.284090909090909,0.1564313346228241,0.7738693467336684,0.6763285024154589,-0.09754084431820942,39,39.0,0.0
Changping,7,3,0.06364564590037053,0.06364564590037053,POST_HOC_DIAGNOSTIC_ONLY,0.21192217468866753,0.13307196933188867,-0.07885020535677886,0.010455326878142154,0.03205401147763426,0.021598684599492105,0.049251780696489444,0.2513429439938362,0.20209116329734678,0.4918644991556781,0.5771288438383787,0.08526434468270061,0.21192217468866753,0.13307196933188867,-0.07885020535677886,0.005076142131979695,0.0,-0.005076142131979695,2.0625,2.2954545454545454,0.23295454545454541,0.7614213197969543,0.6714975845410628,-0.08992373525589148,40,40.0,0.0
Changping,7,4,0.06364564590037053,0.06364564590037053,POST_HOC_DIAGNOSTIC_ONLY,0.199464221366006,0.13206433839170253,-0.06739988297430347,0.01743458731089844,0.03300111369752825,0.015566526386629809,0.08830444280371405,0.24991714681328217,0.16161270400956812,0.5042365848918552,0.5754967613527578,0.07126017646090266,0.199464221366006,0.13206433839170253,-0.06739988297430347,0.005025125628140704,0.0,-0.005025125628140704,2.2222222222222223,2.2808988764044944,0.05867665418227208,0.7537688442211056,0.6763285024154589,-0.07744034180564663,40,40.0,0.0
Changping,7,5,0.06364564590037053,0.06364564590037053,POST_HOC_DIAGNOSTIC_ONLY,0.18042763250895233,0.1319853409760576,-0.04844229153289473,0.027472934914702887,0.03283316094864009,0.005360226033937203,0.14969705558359178,0.2494994535993276,0.09980239801573582,0.5237265306049117,0.5769696317397983,0.05324310113488662,0.18042763250895233,0.1319853409760576,-0.04844229153289473,0.005,0.0,-0.005,2.01,2.269662921348315,0.25966292134831503,0.745,0.6763285024154589,-0.06867149758454105,40,40.0,0.0
Changping,7,6,0.06364564590037053,0.06364564590037053,POST_HOC_DIAGNOSTIC_ONLY,0.1657371302432099,0.13177441313327898,-0.03396271710993093,0.014108614656829726,0.033294477480300455,0.019185862823470727,0.08547204026255975,0.24887246158015566,0.1634004213175959,0.5274184787790103,0.5753977112790054,0.04797923249999514,0.1657371302432099,0.13177441313327898,-0.03396271710993093,0.0,0.0,0.0,1.9702970297029703,2.258426966292135,0.2881299365891645,0.7777777777777778,0.6747572815533981,-0.1030204962243797,41,41.0,0.0
Changping,8,0,0.06364564590037053,0.06364564590037053,POST_HOC_DIAGNOSTIC_ONLY,0.15918573702600292,0.12052830367387318,-0.03865743335212973,0.024366491690213897,0.031330233899417206,0.006963742209203309,0.15464583525178818,0.26342994665806924,0.10878411140628105,0.5474158981988803,0.5896315559177008,0.04221565771882052,0.15918573702600292,0.12052830367387318,-0.03865743335212973,0.0,0.0,0.0,1.8709677419354838,2.289473684210526,0.41850594227504234,0.7572254335260116,0.6629834254143646,-0.09424200811164696,42,42.0,0.0
Changping,8,1,0.06364564590037053,0.06364564590037053,POST_HOC_DIAGNOSTIC_ONLY,0.17465933293507488,0.12061817989361905,-0.05404115304145583,0.02134567583843313,0.0311257123146907,0.00978003647625757,0.1224667729186781,0.265014737795702,0.14254796487702392,0.531290690047345,0.5892538303305762,0.05796314028323124,0.17465933293507488,0.12061817989361905,-0.05404115304145583,0.0,0.0,0.0,2.0,2.3026315789473686,0.3026315789473686,0.7803468208092486,0.6629834254143646,-0.11736339539488394,41,41.0,0.0
Changping,8,2,0.06364564590037053,0.06364564590037053,POST_HOC_DIAGNOSTIC_ONLY,0.17711988046094382,0.12230924810429672,-0.0548106323566471,0.025453937081119177,0.03233276788635162,0.006878830805232446,0.13958426592965856,0.26009205860247897,0.12050779267282041,0.5292156427154961,0.5875324927988578,0.05831685008336163,0.17711988046094382,0.12230924810429672,-0.0548106323566471,0.005714285714285714,0.0,-0.005714285714285714,1.9775280898876404,2.3157894736842106,0.3382613837965702,0.76,0.6629834254143646,-0.0970165745856354,39,39.0,0.0
Changping,8,3,0.06364564590037053,0.06364564590037053,POST_HOC_DIAGNOSTIC_ONLY,0.16378644990569252,0.12141780826570596,-0.04236864163998656,0.011994097094715894,0.03090016712297897,0.018906070028263076,0.07493648438618596,0.2577001952762521,0.18276371089006616,0.5325483667555442,0.5878166845941674,0.05526831783862318,0.16378644990569252,0.12141780826570596,-0.04236864163998656,0.0,0.0,0.0,2.0348837209302326,2.289473684210526,0.2545899632802935,0.7126436781609196,0.6629834254143646,-0.049660252746554945,42,42.0,0.0
Changping,8,4,0.06364564590037053,0.06364564590037053,POST_HOC_DIAGNOSTIC_ONLY,0.1598753881114613,0.12075060217407789,-0.0391247859373834,0.012797002971216108,0.03129726155661124,0.018500258585395134,0.08196409921454512,0.2555883209274368,0.17362422171289166,0.5368228292049333,0.5883748727796365,0.05155204357470322,0.1598753881114613,0.12075060217407789,-0.0391247859373834,0.0,0.0,0.0,2.175,2.2987012987012987,0.12370129870129887,0.6936416184971098,0.6629834254143646,-0.0306581930827452,42,42.0,0.0
Changping,8,5,0.06364564590037053,0.06364564590037053,POST_HOC_DIAGNOSTIC_ONLY,0.1643762002635768,0.12043353007353177,-0.043942670190045025,0.00883251770368557,0.03212186826975149,0.02328935056606592,0.05495468427737793,0.263763517146891,0.20880883286951307,0.5345181316450962,0.589192275466714,0.05467414382161784,0.1643762002635768,0.12043353007353177,-0.043942670190045025,0.0,0.0,0.0,1.9555555555555555,2.3333333333333335,0.377777777777778,0.7542857142857143,0.6685082872928176,-0.0857774269928967,40,40.0,0.0
Changping,8,6,0.06364564590037053,0.06364564590037053,POST_HOC_DIAGNOSTIC_ONLY,0.1740327130677301,0.12044946670481729,-0.05358324636291281,0.013626636096335418,0.032081230790261185,0.01845459469392577,0.079482245336338,0.271639785612313,0.19215754027597498,0.5305319940053593,0.5880173292211537,0.05748533521579435,0.1740327130677301,0.12044946670481729,-0.05358324636291281,0.0,0.0,0.0,2.0843373493975905,2.3157894736842106,0.2314521242866201,0.7906976744186046,0.6666666666666666,-0.12403100775193798,42,42.0,0.0
Changping,8,7,0.06364564590037053,0.06364564590037053,POST_HOC_DIAGNOSTIC_ONLY,0.16695373146530731,0.1206936547862655,-0.04626007667904182,0.022871943704848144,0.031402057537367294,0.00853011383251915,0.14001004036869116,0.2611126281307817,0.12110258776209051,0.5361577437229547,0.5888182824092218,0.05266053868626719,0.16695373146530731,0.1206936547862655,-0.04626007667904182,0.0,0.0,0.0,1.9325842696629214,2.289473684210526,0.3568894145476047,0.7719298245614035,0.6611111111111111,-0.11081871345029237,41,41.0,0.0
Changping,9,0,0.06364564590037053,0.06364564590037053,POST_HOC_DIAGNOSTIC_ONLY,0.1482407906298934,0.1106887999019672,-0.0375519907279262,0.01681936573771856,0.03093382948648836,0.0141144637487698,0.1185524798552777,0.27414123222436093,0.15558875236908323,0.5633342615595528,0.5979396997305275,0.03460543817097472,0.1482407906298934,0.1106887999019672,-0.0375519907279262,0.0,0.0,0.0,2.0,2.2941176470588234,0.2941176470588234,0.7450980392156863,0.6645962732919255,-0.08050176592376079,40,40.0,0.0
Changping,9,1,0.06364564590037053,0.06364564590037053,POST_HOC_DIAGNOSTIC_ONLY,0.15167095864377872,0.11210237460708591,-0.039568584036692805,0.020791688896187408,0.031111095604160522,0.010319406707973114,0.14044626958178116,0.2711559830825443,0.13070971350076313,0.5555095484373761,0.597703064449877,0.042193516012500876,0.15167095864377872,0.11210237460708591,-0.039568584036692805,0.0,0.0,0.0,1.9493670886075949,2.328358208955224,0.37899112034762905,0.7581699346405228,0.6583850931677019,-0.09978484147282096,42,42.0,0.0
Changping,9,2,0.06364564590037053,0.06364564590037053,POST_HOC_DIAGNOSTIC_ONLY,0.14949865987682584,0.11012125372820375,-0.03937740614862209,0.02536093034822869,0.02961752311905615,0.004256592770827461,0.16768299222246585,0.268969210689782,0.10128621846731617,0.5547169502743131,0.5986704045417327,0.04395345426741959,0.14949865987682584,0.11012125372820375,-0.03937740614862209,0.0,0.0,0.0,2.0526315789473686,2.3088235294117645,0.2561919504643959,0.7354838709677419,0.6583850931677019,-0.07709877780004004,42,42.0,0.0
Changping,9,3,0.06364564590037053,0.06364564590037053,POST_HOC_DIAGNOSTIC_ONLY,0.1390345927744429,0.11022510866345585,-0.028809484110987063,0.02112918708995385,0.030309196702255792,0.009180009612301941,0.15478122615536952,0.2767400194683828,0.12195879331301326,0.5532268232230255,0.599689043574064,0.04646222035103853,0.1390345927744429,0.11022510866345585,-0.028809484110987063,0.0,0.0,0.0,2.1527777777777777,2.298507462686567,0.14572968490878946,0.6883116883116883,0.6583850931677019,-0.029926595143986434,41,41.0,0.0
Changping,9,4,0.06364564590037053,0.06364564590037053,POST_HOC_DIAGNOSTIC_ONLY,0.15136399203154272,0.1110946740249685,-0.04026931800657421,0.01463238870115792,0.031498413352862166,0.016866024651704246,0.09941223228345704,0.2869362589875791,0.18752402670412205,0.5490560361313642,0.5981656923516097,0.049109656220245435,0.15136399203154272,0.1110946740249685,-0.04026931800657421,0.0,0.0,0.0,1.9870129870129871,2.3484848484848486,0.3614718614718615,0.7302631578947368,0.65,-0.08026315789473681,44,44.0,0.0
Changping,9,5,0.06364564590037053,0.06364564590037053,POST_HOC_DIAGNOSTIC_ONLY,0.15460965743043853,0.11109461504216026,-0.043515042388278274,0.008098195937086623,0.031095147749527163,0.02299695181244054,0.05311534885150906,0.2814870432742682,0.22837169442275915,0.548234876467572,0.5976328499207448,0.04939797345317287,0.15460965743043853,0.11109461504216026,-0.043515042388278274,0.0,0.0,0.0,1.9870129870129871,2.328358208955224,0.3413452219422368,0.7171052631578947,0.65625,-0.06085526315789469,37,37.0,0.0
Changping,9,6,0.06364564590037053,0.06364564590037053,POST_HOC_DIAGNOSTIC_ONLY,0.15455203544435275,0.110704790672462,-0.04384724477189075,0.007364951373680251,0.031234791032910287,0.023869839659230035,0.048262006279502466,0.27727536859542623,0.22901336231592376,0.5487159284745452,0.5982560252544027,0.04954009677985749,0.15455203544435275,0.110704790672462,-0.04384724477189075,0.0,0.0,0.0,2.1549295774647885,2.3134328358208953,0.1585032583561068,0.743421052631579,0.65625,-0.08717105263157898,45,45.0,0.0
Changping,9,7,0.06364564590037053,0.06364564590037053,POST_HOC_DIAGNOSTIC_ONLY,0.15343654444477298,0.11143547411377515,-0.04200107033099783,0.01882306615682462,0.029847241128716694,0.011024174971892075,0.12496806670160618,0.2635948649873632,0.138626798285757,0.5490919759938467,0.5966052551368844,0.04751327914303771,0.15343654444477298,0.11143547411377515,-0.04200107033099783,0.0,0.0,0.0,2.1690140845070425,2.328358208955224,0.15934412444818147,0.7320261437908496,0.65,-0.0820261437908496,40,40.0,0.0
Changping,9,8,0.06364564590037053,0.06364564590037053,POST_HOC_DIAGNOSTIC_ONLY,0.14829540807891758,0.11145262836947811,-0.03684277970943947,0.024941879330874855,0.03005490009928577,0.005113020768410914,0.17481392234629706,0.26847319337981196,0.0936592710335149,0.5522555113464527,0.5972022415889745,0.044946730242521826,0.14829540807891758,0.11145262836947811,-0.03684277970943947,0.0,0.0,0.0,2.081081081081081,2.3333333333333335,0.25225225225225234,0.7450980392156863,0.65,-0.09509803921568627,45,45.0,0.0
Changping,10,0,0.06364564590037053,0.06364564590037053,POST_HOC_DIAGNOSTIC_ONLY,0.15408560486608805,0.10429038849332817,-0.04979521637275988,0.010242074542414862,0.030058431333575084,0.01981635679116022,0.06505386589621673,0.28749967600176257,0.22244581010554584,0.5536982425425122,0.6071737423054719,0.05347549976295973,0.15408560486608805,0.10429038849332817,-0.04979521637275988,0.0,0.0,0.0,1.9722222222222223,2.3833333333333333,0.411111111111111,0.7659574468085106,0.6827586206896552,-0.08319882611885543,42,42.0,0.0
Changping,10,1,0.06364564590037053,0.06364564590037053,POST_HOC_DIAGNOSTIC_ONLY,0.14964003949180868,0.1040800054914528,-0.04556003400035588,0.016238408864736785,0.029301581386258057,0.013063172521521272,0.10644192754717809,0.287099774563458,0.1806578470162799,0.5514424572296865,0.6065650500232345,0.05512259279354792,0.14964003949180868,0.1040800054914528,-0.04556003400035588,0.0,0.0,0.0,2.0285714285714285,2.4166666666666665,0.38809523809523805,0.7588652482269503,0.6827586206896552,-0.07610662753729514,40,40.0,0.0
Changping,10,2,0.06364564590037053,0.06364564590037053,POST_HOC_DIAGNOSTIC_ONLY,0.1400183306530309,0.10443709701500202,-0.035581233638028884,0.024152470615102117,0.029888737464338302,0.005736266849236185,0.16998473192792127,0.2939045266793203,0.12391979475139905,0.565763696431323,0.6053171455544931,0.03955344912317016,0.1400183306530309,0.10443709701500202,-0.035581233638028884,0.0,0.0,0.0,2.0579710144927534,2.4310344827586206,0.3730634682658671,0.7730496453900709,0.6805555555555556,-0.09249408983451535,41,41.0,0.0
Changping,10,3,0.06364564590037053,0.06364564590037053,POST_HOC_DIAGNOSTIC_ONLY,0.13906318784293142,0.10323949718209441,-0.035823690660837015,0.025159266889813275,0.030592474264799642,0.005433207374986367,0.17805113075169055,0.29626049530205784,0.11820936455036729,0.5681797165063178,0.6063950231561103,0.038215306649792447,0.13906318784293142,0.10323949718209441,-0.035823690660837015,0.0,0.0,0.0,2.2698412698412698,2.4655172413793105,0.19567597153804073,0.704225352112676,0.6805555555555556,-0.023669796557120426,44,44.0,0.0
Changping,10,4,0.06364564590037053,0.06364564590037053,POST_HOC_DIAGNOSTIC_ONLY,0.13526073793695895,0.10409086554911108,-0.031169872387847866,0.024364542461629623,0.03027983552468054,0.005915293063050917,0.18284017005691808,0.2949589308659511,0.11211876080903302,0.5751570173332449,0.6056277589594689,0.030470741626223985,0.13526073793695895,0.10409086554911108,-0.031169872387847866,0.0,0.0,0.0,2.1194029850746268,2.4237288135593222,0.30432582848469547,0.7163120567375887,0.6805555555555556,-0.03575650118203311,43,43.0,0.0
Changping,10,5,0.06364564590037053,0.06364564590037053,POST_HOC_DIAGNOSTIC_ONLY,0.1324018602643138,0.10477728437095456,-0.027624575893359246,0.02275494099090071,0.030948651892956907,0.008193710902056197,0.17320218979089583,0.30236066390773925,0.12915847411684342,0.5781109305554478,0.605401435790824,0.027290505235376128,0.1324018602643138,0.10477728437095456,-0.027624575893359246,0.0,0.0,0.0,2.0579710144927534,2.4655172413793105,0.40754622688655706,0.7304964539007093,0.6736111111111112,-0.056885342789598115,42,42.0,0.0
Changping,10,6,0.06364564590037053,0.06364564590037053,POST_HOC_DIAGNOSTIC_ONLY,0.13456844165916762,0.10477113184582987,-0.029797309813337752,0.026325111538026164,0.03072856106385137,0.0044034495258252065,0.19563479913645032,0.2964707105233368,0.10083591138688647,0.571182066044595,0.6046324632355491,0.033450397190954106,0.13456844165916762,0.10477113184582987,-0.029797309813337752,0.0,0.0,0.0,1.8933333333333333,2.4655172413793105,0.5721839080459772,0.7375886524822695,0.6736111111111112,-0.0639775413711583,42,42.0,0.0
Changping,10,7,0.06364564590037053,0.06364564590037053,POST_HOC_DIAGNOSTIC_ONLY,0.13556427825311396,0.10372492788371655,-0.031839350369397404,0.025612616212564096,0.0312667040823418,0.005654087869777703,0.1882982100353821,0.3059386806171106,0.1176404705817285,0.5676553334640173,0.6054216681728039,0.03776633470878654,0.13556427825311396,0.10372492788371655,-0.031839350369397404,0.0,0.0,0.0,2.1846153846153844,2.4655172413793105,0.2809018567639261,0.7446808510638298,0.6736111111111112,-0.07106973995271859,41,41.0,0.0
Changping,10,8,0.06364564590037053,0.06364564590037053,POST_HOC_DIAGNOSTIC_ONLY,0.13577114606428173,0.103782663189077,-0.03198848287520473,0.02152268556308477,0.030662296531067005,0.009139610967982235,0.1564241955888802,0.2898736759894602,0.13344948040057997,0.571452448805363,0.60565278705977,0.03420033825440705,0.13577114606428173,0.103782663189077,-0.03198848287520473,0.0,0.0,0.0,2.0285714285714285,2.3833333333333333,0.35476190476190483,0.7446808510638298,0.6805555555555556,-0.06412529550827417,44,44.0,0.0
Changping,10,9,0.06364564590037053,0.06364564590037053,POST_HOC_DIAGNOSTIC_ONLY,0.14600712030979202,0.10389928916963205,-0.042107831140159965,0.014602374214696791,0.03031498906174521,0.015712614847048417,0.09825977129667686,0.2889695469013252,0.19070977560464836,0.5618030020508034,0.6057662604148989,0.04396325836409554,0.14600712030979202,0.10389928916963205,-0.042107831140159965,0.0,0.0,0.0,1.9583333333333333,2.406779661016949,0.4484463276836157,0.7285714285714285,0.6805555555555556,-0.048015873015872956,44,44.0,0.0
Changping,11,0,0.06364564590037053,0.06364564590037053,POST_HOC_DIAGNOSTIC_ONLY,0.14095337766924604,0.09643972587620002,-0.04451365179304602,0.015670228375521355,0.029586838832900655,0.0139166104573793,0.10999622989894052,0.30526153959622654,0.195265309697286,0.5696189950237626,0.6136555290331432,0.04403653400938068,0.14095337766924604,0.09643972587620002,-0.04451365179304602,0.0,0.0,0.0,2.015625,2.4339622641509435,0.4183372641509435,0.71875,0.6717557251908397,-0.0469942748091603,42,42.0,0.0
Changping,11,1,0.06364564590037053,0.06364564590037053,POST_HOC_DIAGNOSTIC_ONLY,0.14015486856079695,0.09824602665618838,-0.04190884190460857,0.018529170849754473,0.029595834041112382,0.01106666319135791,0.13017313006983894,0.3051731230326085,0.17499999296276958,0.5710502321393485,0.6123953273651396,0.041345095225791106,0.14015486856079695,0.09824602665618838,-0.04190884190460857,0.0,0.0,0.0,2.0476190476190474,2.4150943396226414,0.36747529200359397,0.6875,0.6717557251908397,-0.015744274809160297,43,43.0,0.0
Changping,11,2,0.06364564590037053,0.06364564590037053,POST_HOC_DIAGNOSTIC_ONLY,0.13649997627294175,0.0970596336606194,-0.03944034261232235,0.01685912852972341,0.029320437501736032,0.012461308972012624,0.12152311352190712,0.3066363560354556,0.18511324251354846,0.5766203961911116,0.612684788286234,0.036064392095122355,0.13649997627294175,0.0970596336606194,-0.03944034261232235,0.0,0.0,0.0,1.8695652173913044,2.452830188679245,0.5832649712879407,0.7421875,0.6641221374045801,-0.07806536259541985,42,42.0,0.0
Changping,11,3,0.06364564590037053,0.06364564590037053,POST_HOC_DIAGNOSTIC_ONLY,0.12753495031180917,0.09627078990756237,-0.0312641604042468,0.018616256033727845,0.029629006817877147,0.011012750784149303,0.14542658292313834,0.30289725987177496,0.15747067694863662,0.5837062013460885,0.6127395110811731,0.029033309735084556,0.12753495031180917,0.09627078990756237,-0.0312641604042468,0.0,0.0,0.0,1.9692307692307693,2.425925925925926,0.4566951566951567,0.7637795275590551,0.6641221374045801,-0.09965739015447495,43,43.0,0.0
Changping,11,4,0.06364564590037053,0.06364564590037053,POST_HOC_DIAGNOSTIC_ONLY,0.12287099232686086,0.09775923962441055,-0.025111752702450307,0.02587372568689929,0.030178519764297248,0.004304794077397957,0.21015713679822465,0.3067416476247482,0.09658451082652356,0.5841433384451307,0.6131859750239093,0.02904263657877859,0.12287099232686086,0.09775923962441055,-0.025111752702450307,0.0,0.0,0.0,2.327272727272727,2.452830188679245,0.12555746140651802,0.6929133858267716,0.6717557251908397,-0.02115766063593194,43,43.0,0.0
Changping,11,5,0.06364564590037053,0.06364564590037053,POST_HOC_DIAGNOSTIC_ONLY,0.1277932276955413,0.0977671653504617,-0.030026062345079596,0.02928460529456641,0.02993389797150035,0.0006492926769339387,0.22792746559668092,0.30281852575781304,0.07489106016113212,0.5796225439787547,0.6127478241968951,0.03312528021814043,0.1277932276955413,0.0977671653504617,-0.030026062345079596,0.0,0.0,0.0,2.3454545454545452,2.4339622641509435,0.08850771869639829,0.703125,0.6793893129770993,-0.023735687022900742,42,42.0,0.0
Changping,11,6,0.06364564590037053,0.06364564590037053,POST_HOC_DIAGNOSTIC_ONLY,0.12591096624255985,0.09825061084343514,-0.027660355399124703,0.02448406526572912,0.029516878791971846,0.005032813526242727,0.19329372881906545,0.3020053821839492,0.10871165336488373,0.5783225167523476,0.61183051383765,0.03350799708530239,0.12591096624255985,0.09825061084343514,-0.027660355399124703,0.0,0.0,0.0,1.9846153846153847,2.452830188679245,0.4682148040638605,0.734375,0.6717557251908397,-0.0626192748091603,44,44.0,0.0
Changping,11,7,0.06364564590037053,0.06364564590037053,POST_HOC_DIAGNOSTIC_ONLY,0.12314295922296667,0.09671647501434251,-0.02642648420862416,0.01805796654101374,0.02989050223118909,0.011832535690175353,0.14527920681902157,0.30669432905827615,0.16141512223925458,0.5802823939760868,0.6133272205446235,0.03304482656853669,0.12314295922296667,0.09671647501434251,-0.02642648420862416,0.0,0.0,0.0,2.015625,2.4615384615384617,0.4459134615384617,0.7421875,0.6717557251908397,-0.0704317748091603,42,42.0,0.0
Changping,11,8,0.06364564590037053,0.06364564590037053,POST_HOC_DIAGNOSTIC_ONLY,0.12173469475212045,0.0967940021274761,-0.02494069262464435,0.016709895127185185,0.029375283732004737,0.012665388604819552,0.13745424706714407,0.2960937325887694,0.15863948552162535,0.582672901493277,0.6132627884442908,0.030589886951013834,0.12173469475212045,0.0967940021274761,-0.02494069262464435,0.0,0.0,0.0,2.1147540983606556,2.4339622641509435,0.3192081657902879,0.734375,0.6717557251908397,-0.0626192748091603,43,43.0,0.0
Changping,11,9,0.06364564590037053,0.06364564590037053,POST_HOC_DIAGNOSTIC_ONLY,0.12979431901294022,0.0972069530117581,-0.03258736600118213,0.011157751696700288,0.029452695807037486,0.018294944110337198,0.08593512708640505,0.2988785575280139,0.21294343044160885,0.574462828127965,0.6129081333651584,0.03844530523719336,0.12979431901294022,0.0972069530117581,-0.03258736600118213,0.0,0.0,0.0,2.1864406779661016,2.4074074074074074,0.2209667294413058,0.734375,0.6793893129770993,-0.05498568702290074,43,43.0,0.0
Changping,11,10,0.06364564590037053,0.06364564590037053,POST_HOC_DIAGNOSTIC_ONLY,0.12969032343461964,0.0978814213060917,-0.03180890212852794,0.018123053570593583,0.030134351098979446,0.012011297528385863,0.139296229756428,0.30609291940103034,0.16679668964460234,0.5768693813068899,0.6104986449785549,0.033629263671664966,0.12969032343461964,0.0978814213060917,-0.03180890212852794,0.0,0.0,0.0,2.327272727272727,2.452830188679245,0.12555746140651802,0.7007874015748031,0.6692307692307692,-0.03155663234403394,43,43.0,0.0
Changping,12,0,0.06364564590037053,0.06364564590037053,POST_HOC_DIAGNOSTIC_ONLY,0.11287530596155673,0.09222740686016613,-0.0206478991013906,0.013495333061418379,0.029058489034423256,0.015563155973004877,0.11894854148845145,0.31751269912429253,0.19856415763584107,0.6000839067776741,0.618187028453619,0.018103121675944855,0.11287530596155673,0.09222740686016613,-0.0206478991013906,0.0,0.0,0.0,1.9344262295081966,2.4285714285714284,0.49414519906323173,0.7777777777777778,0.6666666666666666,-0.11111111111111116,44,44.0,0.0
Changping,12,1,0.06364564590037053,0.06364564590037053,POST_HOC_DIAGNOSTIC_ONLY,0.12892364514664145,0.0926385306674468,-0.03628511447919465,0.01518295129949914,0.028748337971243133,0.013565386671743992,0.11709333095846593,0.3142882834221992,0.1971949524637333,0.581360221846634,0.6174080914557464,0.036047869609112326,0.12892364514664145,0.0926385306674468,-0.03628511447919465,0.0,0.0,0.0,1.9830508474576272,2.4583333333333335,0.4752824858757063,0.7327586206896551,0.6583333333333333,-0.07442528735632181,43,43.0,0.0
Changping,12,2,0.06364564590037053,0.06364564590037053,POST_HOC_DIAGNOSTIC_ONLY,0.140733175269452,0.09238972775116931,-0.04834344751828269,0.01562670402663699,0.029651159457367994,0.014024455430731005,0.11032601448621919,0.3134806218315592,0.20315460734534002,0.5718993259376723,0.6183104928457325,0.04641116690806013,0.140733175269452,0.09238972775116931,-0.04834344751828269,0.0,0.0,0.0,2.1272727272727274,2.4791666666666665,0.3518939393939391,0.6896551724137931,0.6666666666666666,-0.02298850574712652,43,43.0,0.0
Changping,12,3,0.06364564590037053,0.06364564590037053,POST_HOC_DIAGNOSTIC_ONLY,0.13480253311736104,0.09281804484231862,-0.04198448827504242,0.02254216449932933,0.0292088405468718,0.00666667604754247,0.16680679297813397,0.31398902031020565,0.14718222733207167,0.5796864092118695,0.6174661834830011,0.03777977427113155,0.13480253311736104,0.09281804484231862,-0.04198448827504242,0.0,0.0,0.0,2.5106382978723403,2.4791666666666665,-0.031471631205673756,0.6495726495726496,0.6666666666666666,0.017094017094017033,44,44.0,0.0
Changping,12,4,0.06364564590037053,0.06364564590037053,POST_HOC_DIAGNOSTIC_ONLY,0.1263738502621217,0.09298220477220302,-0.03339164548991867,0.02673761555785979,0.02877170785228281,0.002034092294423022,0.2099188292966721,0.3172689750875709,0.1073501457908988,0.5836346520099698,0.6173437265865253,0.033709074576555476,0.1263738502621217,0.09298220477220302,-0.03339164548991867,0.0,0.0,0.0,2.5106382978723403,2.4081632653061225,-0.10247503256621782,0.6581196581196581,0.6666666666666666,0.008547008547008517,43,43.0,0.0
Changping,12,5,0.06364564590037053,0.06364564590037053,POST_HOC_DIAGNOSTIC_ONLY,0.12569000376525136,0.09220817278844153,-0.03348183097680983,0.023565242313409722,0.02884271579676071,0.005277473483350989,0.18749038961842499,0.3159529927910109,0.12846260317258593,0.5802974820622745,0.6171604536392955,0.03686297157702101,0.12569000376525136,0.09220817278844153,-0.03348183097680983,0.0,0.0,0.0,2.0701754385964914,2.4081632653061225,0.337987826709631,0.7435897435897436,0.6666666666666666,-0.07692307692307698,42,42.0,0.0
Changping,12,6,0.06364564590037053,0.06364564590037053,POST_HOC_DIAGNOSTIC_ONLY,0.12291091455804914,0.09217838652908233,-0.03073252802896681,0.016765653331107352,0.02884458207552957,0.012078928744422218,0.13603147205578214,0.3130936441399773,0.17706217208419517,0.5815231363456801,0.6174997482573461,0.03597661191166601,0.12291091455804914,0.09217838652908233,-0.03073252802896681,0.0,0.0,0.0,2.0701754385964914,2.4,0.32982456140350846,0.7094017094017094,0.6666666666666666,-0.042735042735042805,42,42.0,0.0
Changping,12,7,0.06364564590037053,0.06364564590037053,POST_HOC_DIAGNOSTIC_ONLY,0.1201948079399876,0.09196814690747779,-0.028226661032509814,0.01309706430145181,0.028404075101296323,0.015307010799844513,0.10799481982448475,0.3069886707397704,0.19899385091528562,0.5831552167449661,0.6185175524426881,0.03536233569772207,0.1201948079399876,0.09196814690747779,-0.028226661032509814,0.0,0.0,0.0,1.9344262295081966,2.4489795918367347,0.5145533623285381,0.7521367521367521,0.6583333333333333,-0.0938034188034188,44,44.0,0.0
Changping,12,8,0.06364564590037053,0.06364564590037053,POST_HOC_DIAGNOSTIC_ONLY,0.11097355752487394,0.09054780348512854,-0.020425754039745392,0.01967171412196798,0.028099174934973284,0.008427460813005303,0.17484915941588963,0.31165149780235163,0.136802338386462,0.593563123369866,0.6192360458124594,0.025672922442593338,0.11097355752487394,0.09054780348512854,-0.020425754039745392,0.0,0.0,0.0,2.0344827586206895,2.4285714285714284,0.3940886699507389,0.7008547008547008,0.6666666666666666,-0.03418803418803418,44,44.0,0.0
Changping,12,9,0.06364564590037053,0.06364564590037053,POST_HOC_DIAGNOSTIC_ONLY,0.10573782237594449,0.09057111077335549,-0.015166711602589006,0.018913689374035834,0.028378719082036596,0.009465029708000762,0.17584514445068397,0.3038536906198471,0.12800854616916316,0.5987239711866241,0.6186920042253584,0.01996803303873429,0.10573782237594449,0.09057111077335549,-0.015166711602589006,0.0,0.0,0.0,2.185185185185185,2.4489795918367347,0.26379440665154963,0.7521367521367521,0.6666666666666666,-0.0854700854700855,43,43.0,0.0
Changping,12,10,0.06364564590037053,0.06364564590037053,POST_HOC_DIAGNOSTIC_ONLY,0.11293771110669416,0.09254244416691519,-0.020395266939778972,0.014758132761862722,0.029007565537145803,0.01424943277528308,0.1297531666585557,0.3073371019748243,0.17758393531626857,0.5952915210012191,0.6170814204114947,0.021789899410275648,0.11293771110669416,0.09254244416691519,-0.020395266939778972,0.0,0.0,0.0,2.0892857142857144,2.4893617021276597,0.4000759878419453,0.7586206896551724,0.6554621848739496,-0.10315850478122279,43,43.0,0.0
Changping,12,11,0.06364564590037053,0.06364564590037053,POST_HOC_DIAGNOSTIC_ONLY,0.1101931031054842,0.09177165507878893,-0.018421448026695278,0.014653937199352587,0.029127300329886724,0.014473363130534137,0.13229017455801728,0.3251744803312459,0.19288430577322863,0.5988108130320223,0.6168001199677633,0.017989306935740967,0.1101931031054842,0.09177165507878893,-0.018421448026695278,0.0,0.0,0.0,2.1272727272727274,2.4791666666666665,0.3518939393939391,0.7586206896551724,0.6638655462184874,-0.09475514343668501,42,42.0,0.0
Changping,13,0,0.06364564590037053,0.06364564590037053,POST_HOC_DIAGNOSTIC_ONLY,0.12572750980423658,0.08832991393187758,-0.037397595872358996,0.009942987304583668,0.02778696954544416,0.017843982240860493,0.07919654894717108,0.30939721494852546,0.23020066600135436,0.5922091715197796,0.6227786902988532,0.030569518779073657,0.12572750980423658,0.08832991393187758,-0.037397595872358996,0.0,0.0,0.0,1.7419354838709677,2.4444444444444446,0.7025089605734769,0.7663551401869159,0.6576576576576577,-0.10869748252925815,44,44.0,0.0
Changping,13,1,0.06364564590037053,0.06364564590037053,POST_HOC_DIAGNOSTIC_ONLY,0.11735170548066468,0.08735037710778139,-0.030001328372883287,0.013201600363024327,0.027683088631246265,0.014481488268221938,0.11255746391616964,0.3163734090686075,0.20381594515243787,0.5952295356314768,0.6233175894515768,0.028088053820099934,0.11735170548066468,0.08735037710778139,-0.030001328372883287,0.0,0.0,0.0,1.7704918032786885,2.4444444444444446,0.6739526411657561,0.7757009345794392,0.6576576576576577,-0.11804327692178151,43,43.0,0.0
Changping,13,2,0.06364564590037053,0.06364564590037053,POST_HOC_DIAGNOSTIC_ONLY,0.11405596877831176,0.08692507047155364,-0.02713089830675812,0.01232003643180307,0.028351738222754802,0.01603170179095173,0.10786759573603322,0.3214401922355869,0.21357259649955368,0.5966067894593207,0.623295115909021,0.026688326449700317,0.11405596877831176,0.08692507047155364,-0.02713089830675812,0.0,0.0,0.0,1.8305084745762712,2.477272727272727,0.6467642526964559,0.8037383177570093,0.6576576576576577,-0.1460806600993516,42,42.0,0.0
Changping,13,3,0.06364564590037053,0.06364564590037053,POST_HOC_DIAGNOSTIC_ONLY,0.11370494218229081,0.08663508135663746,-0.027069860825653352,0.014287863340743473,0.0272455518597837,0.012957688519040226,0.12439789336161848,0.3179948314540348,0.1935969380924163,0.5942464335316731,0.6238120060467204,0.029565572515047323,0.11370494218229081,0.08663508135663746,-0.027069860825653352,0.0,0.0,0.0,1.7868852459016393,2.4545454545454546,0.6676602086438153,0.7592592592592593,0.6486486486486487,-0.11061061061061062,43,43.0,0.0
Changping,13,4,0.06364564590037053,0.06364564590037053,POST_HOC_DIAGNOSTIC_ONLY,0.11686347438141954,0.08666886888777323,-0.030194605493646318,0.014477672620351734,0.027093334823283837,0.012615662202932103,0.12322227742077223,0.3136689331876082,0.19044665576683595,0.5908445294376554,0.6239657917572732,0.03312126231961776,0.11686347438141954,0.08666886888777323,-0.030194605493646318,0.0,0.0,0.0,1.981818181818182,2.477272727272727,0.49545454545454515,0.7314814814814815,0.6576576576576577,-0.0738238238238238,44,44.0,0.0
Changping,13,5,0.06364564590037053,0.06364564590037053,POST_HOC_DIAGNOSTIC_ONLY,0.10766276548796443,0.08607137408731873,-0.0215913914006457,0.016127330524844597,0.02684687562877371,0.010719545103929112,0.14837903543525707,0.30853105015171617,0.1601520147164591,0.5988601367814762,0.6242750220264836,0.025414885245007346,0.10766276548796443,0.08607137408731873,-0.0215913914006457,0.0,0.0,0.0,2.0185185185185186,2.4545454545454546,0.436026936026936,0.7314814814814815,0.6576576576576577,-0.0738238238238238,44,44.0,0.0
Changping,13,6,0.06364564590037053,0.06364564590037053,POST_HOC_DIAGNOSTIC_ONLY,0.10483218669237872,0.08744068617239434,-0.01739150051998438,0.01845369151943121,0.02787964473743945,0.009425953218008237,0.17315314998611767,0.32282586086720105,0.1496727108810834,0.6017428365841627,0.6224839196393518,0.02074108305518907,0.10483218669237872,0.08744068617239434,-0.01739150051998438,0.0,0.0,0.0,2.1176470588235294,2.4545454545454546,0.33689839572192515,0.7476635514018691,0.6545454545454545,-0.09311809685641459,42,42.0,0.0
Changping,13,7,0.06364564590037053,0.06364564590037053,POST_HOC_DIAGNOSTIC_ONLY,0.10564123214287627,0.08843341768269877,-0.017207814460177495,0.017870653051475813,0.028387460298402827,0.010516807246927013,0.16706790451154535,0.32337048302050786,0.1563025785089625,0.600690481651743,0.6208182622302414,0.0201277805784984,0.10564123214287627,0.08843341768269877,-0.017207814460177495,0.0,0.0,0.0,2.0961538461538463,2.4444444444444446,0.3482905982905984,0.7407407407407407,0.6545454545454545,-0.08619528619528616,43,43.0,0.0
Changping,13,8,0.06364564590037053,0.06364564590037053,POST_HOC_DIAGNOSTIC_ONLY,0.1063074874472127,0.0880335920206554,-0.0182738954265573,0.01793915196500533,0.027459968008167288,0.009520816043161958,0.1651057493705745,0.3143868898059888,0.14928114043541427,0.5973751303478556,0.6205507293577911,0.023175599009935488,0.1063074874472127,0.0880335920206554,-0.0182738954265573,0.0,0.0,0.0,2.0377358490566038,2.4545454545454546,0.4168096054888508,0.719626168224299,0.6545454545454545,-0.06508071367884449,45,45.0,0.0
Changping,13,9,0.06364564590037053,0.06364564590037053,POST_HOC_DIAGNOSTIC_ONLY,0.10925939568765931,0.08840140363471105,-0.020857992052948263,0.01959828198863836,0.02781945416962336,0.008221172180985,0.17582479089120256,0.3090521416566541,0.13322735076545156,0.5967241924961484,0.62065122891349,0.02392703641734162,0.10925939568765931,0.08840140363471105,-0.020857992052948263,0.0,0.0,0.0,2.297872340425532,2.477272727272727,0.17940038684719495,0.719626168224299,0.6545454545454545,-0.06508071367884449,43,43.0,0.0
Changping,13,10,0.06364564590037053,0.06364564590037053,POST_HOC_DIAGNOSTIC_ONLY,0.11267762439547535,0.08790981328667836,-0.024767811108796986,0.01908837695623642,0.02847660584779511,0.00938822889155869,0.16642215257786086,0.3255091684885271,0.15908701591066626,0.5934741226334715,0.6218861499435857,0.028412027310114163,0.11267762439547535,0.08790981328667836,-0.024767811108796986,0.0,0.0,0.0,2.511627906976744,2.4545454545454546,-0.05708245243128962,0.719626168224299,0.6545454545454545,-0.06508071367884449,44,44.0,0.0
Changping,13,11,0.06364564590037053,0.06364564590037053,POST_HOC_DIAGNOSTIC_ONLY,0.11661148276083481,0.08827085239554038,-0.02834063036529444,0.02002010371588773,0.028744185634845786,0.008724081918958057,0.1704837609505427,0.3182664871603577,0.147782726209815,0.5923591890413925,0.6203275158094308,0.027968326768038287,0.11661148276083481,0.08827085239554038,-0.02834063036529444,0.0,0.0,0.0,2.511627906976744,2.422222222222222,-0.08940568475452215,0.7289719626168224,0.6636363636363637,-0.06533559898045871,43,43.0,0.0
Changping,13,12,0.06364564590037053,0.06364564590037053,POST_HOC_DIAGNOSTIC_ONLY,0.1303731367286309,0.08894639706925875,-0.04142673965937216,0.01519840234480283,0.028269286890459572,0.013070884545656742,0.11655249359956865,0.3201250793235822,0.20357258572401354,0.583263293043653,0.6204229313887881,0.03715963834513514,0.1303731367286309,0.08894639706925875,-0.04142673965937216,0.0,0.0,0.0,2.204081632653061,2.4318181818181817,0.22773654916512065,0.6822429906542056,0.6636363636363637,-0.01860662701784188,44,44.0,0.0
Changping,14,0,0.06364564590037053,0.06364564590037053,POST_HOC_DIAGNOSTIC_ONLY,0.10682437891418914,0.08542459240301901,-0.021399786511170124,0.012898419295357687,0.02700895324011235,0.014110533944754661,0.11865294737245605,0.31739201362669944,0.1987390662542434,0.6086595589668884,0.6263090603134738,0.017649501346585383,0.10682437891418914,0.08542459240301901,-0.021399786511170124,0.0,0.0,0.0,2.1739130434782608,2.4285714285714284,0.2546583850931676,0.7171717171717171,0.6504854368932039,-0.0666862802785132,44,44.0,0.0
Changping,14,1,0.06364564590037053,0.06364564590037053,POST_HOC_DIAGNOSTIC_ONLY,0.11146664261250622,0.08388931763528315,-0.027577324977223067,0.01292074450333471,0.0263219015394966,0.013401157036161888,0.11455878070488959,0.31401747678571384,0.19945869608082425,0.5998543439840373,0.6259932050822355,0.026138861098198296,0.11146664261250622,0.08388931763528315,-0.027577324977223067,0.0,0.0,0.0,1.9607843137254901,2.4047619047619047,0.44397759103641454,0.7272727272727273,0.6504854368932039,-0.07678729037952337,44,44.0,0.0
Changping,14,2,0.06364564590037053,0.06364564590037053,POST_HOC_DIAGNOSTIC_ONLY,0.11010127379553894,0.08345050780683572,-0.026650765988703223,0.016632558840352907,0.026817891436447135,0.010185332596094228,0.14909524336138216,0.3157416445776622,0.16664640121628002,0.6000297823517303,0.6268031044260217,0.026773322074291395,0.11010127379553894,0.08345050780683572,-0.026650765988703223,0.0,0.0,0.0,2.061224489795918,2.525,0.4637755102040817,0.74,0.6407766990291263,-0.09922330097087373,43,43.0,0.0
Changping,14,3,0.06364564590037053,0.06364564590037053,POST_HOC_DIAGNOSTIC_ONLY,0.1047426362657071,0.08315961816205773,-0.021583018103649362,0.018136581370064225,0.026114494069865237,0.007977912699801012,0.1708857108016453,0.32038927484101504,0.14950356403936974,0.604200627725529,0.6265645733272247,0.022363945601695745,0.1047426362657071,0.08315961816205773,-0.021583018103649362,0.0,0.0,0.0,2.0,2.5,0.5,0.7227722772277227,0.6504854368932039,-0.07228684033451882,43,43.0,0.0
Changping,14,4,0.06364564590037053,0.06364564590037053,POST_HOC_DIAGNOSTIC_ONLY,0.09912761542227509,0.08326256935781594,-0.015865046064459154,0.020878785120331176,0.025798119593246766,0.0049193344729155895,0.207555711659456,0.3166568300946353,0.1091011184351793,0.6069241056032246,0.6264600523118571,0.019535946708632457,0.09912761542227509,0.08326256935781594,-0.015865046064459154,0.0,0.0,0.0,2.4634146341463414,2.4634146341463414,0.0,0.71,0.6504854368932039,-0.05951456310679604,43,43.0,0.0
Changping,14,5,0.06364564590037053,0.06364564590037053,POST_HOC_DIAGNOSTIC_ONLY,0.0887568976811464,0.08246432661910963,-0.006292571062036775,0.025988782734407325,0.026475725666358217,0.0004869429319508921,0.2878231580448313,0.32224334587142056,0.03442018782658929,0.6147480432305419,0.627499642686866,0.012751599456324092,0.0887568976811464,0.08246432661910963,-0.006292571062036775,0.0,0.0,0.0,2.58974358974359,2.4390243902439024,-0.15071919949968748,0.73,0.6504854368932039,-0.07951456310679605,43,43.0,0.0
Changping,14,6,0.06364564590037053,0.06364564590037053,POST_HOC_DIAGNOSTIC_ONLY,0.08796148819962188,0.08180301025973598,-0.006158477939885901,0.024734247588864396,0.026940253229757793,0.002206005640893398,0.27701611032452933,0.3293097975678061,0.052293687243276765,0.616376068302274,0.6261067923451513,0.009730724042877337,0.08796148819962188,0.08180301025973598,-0.006158477939885901,0.0,0.0,0.0,2.2222222222222223,2.4878048780487805,0.26558265582655816,0.7272727272727273,0.6470588235294118,-0.0802139037433155,44,44.0,0.0
Changping,14,7,0.06364564590037053,0.06364564590037053,POST_HOC_DIAGNOSTIC_ONLY,0.09851227885107035,0.0818902061884645,-0.016622072662605847,0.018904843859249662,0.02746165287346026,0.008556809014210597,0.18932603300201462,0.33127782909624326,0.14195179609422864,0.606009612054802,0.6264713753493129,0.020461763294510882,0.09851227885107035,0.0818902061884645,-0.016622072662605847,0.0,0.0,0.0,2.0408163265306123,2.5,0.4591836734693877,0.7676767676767676,0.6568627450980392,-0.11081402257872841,44,44.0,0.0
Changping,14,8,0.06364564590037053,0.06364564590037053,POST_HOC_DIAGNOSTIC_ONLY,0.1078590894104454,0.08374373813884989,-0.024115351271595517,0.011764719007375442,0.02757205283268838,0.015807333825312936,0.10784805011335362,0.3254126058960801,0.2175645557827265,0.5982624278588679,0.625658682573317,0.027396254714449175,0.1078590894104454,0.08374373813884989,-0.024115351271595517,0.0,0.0,0.0,1.9607843137254901,2.4634146341463414,0.5026303204208513,0.7575757575757576,0.6470588235294118,-0.11051693404634577,44,44.0,0.0
Changping,14,9,0.06364564590037053,0.06364564590037053,POST_HOC_DIAGNOSTIC_ONLY,0.11679172228695985,0.08227611474159496,-0.03451560754536488,0.008530232093057886,0.027605556006254136,0.01907532391319625,0.07271001633693594,0.3346914396027546,0.26198142326581864,0.5907920407455332,0.627263841076077,0.03647180033054387,0.11679172228695985,0.08227611474159496,-0.03451560754536488,0.0,0.0,0.0,1.6129032258064515,2.4390243902439024,0.8261211644374509,0.797979797979798,0.6568627450980392,-0.1411170528817588,43,43.0,0.0
Changping,14,10,0.06364564590037053,0.06364564590037053,POST_HOC_DIAGNOSTIC_ONLY,0.12401941467234517,0.08246293783789536,-0.04155647683444981,0.0048317849876573565,0.027983800970068647,0.02315201598241129,0.03897762763412407,0.3397995352332885,0.30082190759916444,0.5868743308598432,0.6262115487823071,0.03933721792246392,0.12401941467234517,0.08246293783789536,-0.04155647683444981,0.0,0.0,0.0,1.8181818181818181,2.4878048780487805,0.6696230598669624,0.8080808080808081,0.6470588235294118,-0.16102198455139627,44,44.0,0.0
Changping,14,11,0.06364564590037053,0.06364564590037053,POST_HOC_DIAGNOSTIC_ONLY,0.12048173156716897,0.08327751338260364,-0.03720421818456533,0.0026279741299588787,0.027546158749641017,0.02491818461968214,0.021684635330912572,0.32682095781072124,0.30513632247980865,0.5914868802119948,0.6259820948542618,0.034495214642267014,0.12048173156716897,0.08327751338260364,-0.03720421818456533,0.0,0.0,0.0,1.8,2.4878048780487805,0.6878048780487804,0.7551020408163265,0.6470588235294118,-0.10804321728691468,44,44.0,0.0
Changping,14,12,0.06364564590037053,0.06364564590037053,POST_HOC_DIAGNOSTIC_ONLY,0.1185049826938393,0.08307534200122157,-0.035429640692617725,0.0074317490529378,0.027844413293359,0.0204126642404212,0.06188811923451958,0.3316796048121824,0.2697914855776628,0.5942403728724036,0.6253154608575577,0.031075087985154126,0.1185049826938393,0.08307534200122157,-0.035429640692617725,0.0,0.0,0.0,2.020408163265306,2.5,0.4795918367346941,0.7551020408163265,0.6470588235294118,-0.10804321728691468,44,44.0,0.0
Changping,14,13,0.06364564590037053,0.06364564590037053,POST_HOC_DIAGNOSTIC_ONLY,0.11559842029567115,0.08461061424537161,-0.030987806050299535,0.008722619281009406,0.027815840092868253,0.019093220811858845,0.07441308887107105,0.3236656461181073,0.2492525572470362,0.5969401709738148,0.6237955547125674,0.026855383738752625,0.11559842029567115,0.08461061424537161,-0.030987806050299535,0.0,0.0,0.0,2.302325581395349,2.4634146341463414,0.1610890527509925,0.7244897959183674,0.6470588235294118,-0.07743097238895558,44,44.0,0.0
Dingling,6,0,0.07137011340080011,0.07137011340080011,POST_HOC_DIAGNOSTIC_ONLY,0.21432594146696776,0.1540538641416466,-0.060272077325321166,0.020136728999932175,0.03777512748902398,0.017638398489091805,0.09710537868217659,0.2535917905257804,0.15648641184360382,0.47953236702531926,0.5436863464716297,0.06415397944631046,0.21432594146696776,0.1540538641416466,-0.060272077325321166,0.004310344827586207,0.0,-0.004310344827586207,1.9579831932773109,2.2884615384615383,0.3304783451842275,0.7456896551724138,0.6900826446280992,-0.055607010544314606,39,39.0,0.0
Dingling,6,1,0.07137011340080011,0.07137011340080011,POST_HOC_DIAGNOSTIC_ONLY,0.22044821625788838,0.15253385591849475,-0.06791436033939363,0.03483221740481845,0.03913836731276819,0.004306149907949738,0.16051527742575908,0.25863034598402096,0.09811506855826188,0.474289037918457,0.546502854755531,0.07221381683707395,0.22044821625788838,0.15253385591849475,-0.06791436033939363,0.004273504273504274,0.0,-0.004273504273504274,2.1559633027522938,2.2857142857142856,0.12975098296199183,0.7264957264957265,0.6900826446280992,-0.03641308186762726,40,40.0,0.0
Dingling,6,2,0.07137011340080011,0.07137011340080011,POST_HOC_DIAGNOSTIC_ONLY,0.23106081026695538,0.1534743396183161,-0.07758647064863927,0.03256664243802963,0.03814524707556064,0.005578604637531008,0.13994717020408734,0.2478341879816917,0.10788701777760437,0.470521403715391,0.5456421334747329,0.07512072975934192,0.23106081026695538,0.1534743396183161,-0.07758647064863927,0.00425531914893617,0.0,-0.00425531914893617,1.9831932773109244,2.276190476190476,0.29299719887955167,0.7574468085106383,0.6900826446280992,-0.06736416388253907,40,40.0,0.0
Dingling,6,3,0.07137011340080011,0.07137011340080011,POST_HOC_DIAGNOSTIC_ONLY,0.22380363770485384,0.15254077735329105,-0.07126286035156279,0.001572231218250395,0.03779963496571407,0.03622740374746367,0.007090602758475451,0.24972061586767916,0.2426300131092037,0.46121575681317845,0.5468428985253143,0.08562714171213587,0.22380363770485384,0.15254077735329105,-0.07126286035156279,0.0,0.0,0.0,2.2596153846153846,2.2735849056603774,0.013969521044992828,0.7222222222222222,0.6859504132231405,-0.03627180899908167,40,40.0,0.0
Dingling,6,4,0.07137011340080011,0.07137011340080011,POST_HOC_DIAGNOSTIC_ONLY,0.21998817791875297,0.1566068257634351,-0.06338135215531787,0.010583355022360698,0.03755246225682303,0.02696910723446233,0.049207152337677924,0.24361255574475357,0.19440540340707566,0.47308849655524676,0.5423341285267878,0.06924563197154099,0.21998817791875297,0.1566068257634351,-0.06338135215531787,0.004291845493562232,0.0,-0.004291845493562232,2.0,2.2857142857142856,0.2857142857142856,0.7553648068669528,0.6887966804979253,-0.06656812636902754,39,39.0,0.0
Dingling,6,5,0.07137011340080011,0.07137011340080011,POST_HOC_DIAGNOSTIC_ONLY,0.21911515462445427,0.15402277194521108,-0.0650923826792432,0.014383969949536736,0.03747151405351544,0.023087544103978702,0.06773683398879167,0.24394893059708248,0.1762120966082908,0.4782962933432549,0.544325125160667,0.06602883181741209,0.21911515462445427,0.15402277194521108,-0.0650923826792432,0.004291845493562232,0.0,-0.004291845493562232,1.9024390243902438,2.269230769230769,0.36679174484052535,0.7510729613733905,0.6846473029045643,-0.0664256584688262,37,37.0,0.0
Dingling,7,0,0.07137011340080011,0.07137011340080011,POST_HOC_DIAGNOSTIC_ONLY,0.17443919317190812,0.1370518872750644,-0.03738730589684372,0.02326071759009157,0.03523147530528343,0.01197075771519186,0.13741994403860197,0.2629988334720255,0.12557888943342355,0.5190568732766102,0.5608289784192392,0.04177210514262897,0.17443919317190812,0.1370518872750644,-0.03738730589684372,0.0,0.0,0.0,1.8867924528301887,2.292134831460674,0.4053423786304853,0.7587939698492462,0.6714975845410628,-0.0872963853081834,41,41.0,0.0
Dingling,7,1,0.07137011340080011,0.07137011340080011,POST_HOC_DIAGNOSTIC_ONLY,0.1943511045097142,0.13747967293736085,-0.05687143157235336,0.01741737467674993,0.035214517362960655,0.017797142686210726,0.09100039474888831,0.2606873065778607,0.1696869118289724,0.501058239029714,0.5615308739223294,0.06047263489261534,0.1943511045097142,0.13747967293736085,-0.05687143157235336,0.0,0.0,0.0,1.8952380952380952,2.3295454545454546,0.4343073593073594,0.7373737373737373,0.6763285024154589,-0.061045234958278405,41,41.0,0.0
Dingling,7,2,0.07137011340080011,0.07137011340080011,POST_HOC_DIAGNOSTIC_ONLY,0.21034159261816,0.1373604626003363,-0.07298113001782369,0.01409089347886658,0.034631559938255604,0.020540666459389026,0.06743933702169645,0.25618049169813967,0.1887411546764432,0.48642380878252073,0.5607421038126706,0.07431829503014992,0.21034159261816,0.1373604626003363,-0.07298113001782369,0.0,0.0,0.0,2.1868131868131866,2.292134831460674,0.10532164464748739,0.7424242424242424,0.6763285024154589,-0.06609574000878349,39,39.0,0.0
Dingling,7,3,0.07137011340080011,0.07137011340080011,POST_HOC_DIAGNOSTIC_ONLY,0.2165843829280868,0.13529993499741064,-0.08128444793067616,0.008461076722802064,0.035393448873016285,0.02693237215021422,0.03957157858805565,0.26568346069542176,0.2261118821073661,0.4792888369689342,0.5616970257600722,0.08240818879113798,0.2165843829280868,0.13529993499741064,-0.08128444793067616,0.005076142131979695,0.0,-0.005076142131979695,2.106382978723404,2.3068181818181817,0.20043520309477758,0.7411167512690355,0.6763285024154589,-0.06478824885357659,40,40.0,0.0
Dingling,7,4,0.07137011340080011,0.07137011340080011,POST_HOC_DIAGNOSTIC_ONLY,0.1955637171634345,0.13762045337943896,-0.05794326378399553,0.019912787959592483,0.034687163906945435,0.014774375947352952,0.10518542860977119,0.2589298472669693,0.15374441865719812,0.4980452864893591,0.5602545006814469,0.0622092141920878,0.1955637171634345,0.13762045337943896,-0.05794326378399553,0.005050505050505051,0.0,-0.005050505050505051,2.139784946236559,2.284090909090909,0.14430596285435016,0.7070707070707071,0.6811594202898551,-0.025911286780851972,40,40.0,0.0
Dingling,7,5,0.07137011340080011,0.07137011340080011,POST_HOC_DIAGNOSTIC_ONLY,0.17985931915492617,0.13633904017194684,-0.04352027898297933,0.0304726505502061,0.03591121746938681,0.0054385669191807096,0.17301510662858147,0.2695927125191943,0.09657760589061284,0.5138723947492843,0.5629158650336696,0.04904347028438538,0.17985931915492617,0.13633904017194684,-0.04352027898297933,0.0049504950495049506,0.0,-0.0049504950495049506,2.2555555555555555,2.292134831460674,0.03657927590511845,0.698019801980198,0.6811594202898551,-0.016860381690342874,40,40.0,0.0
Dingling,7,6,0.07137011340080011,0.07137011340080011,POST_HOC_DIAGNOSTIC_ONLY,0.16746546498692966,0.13634819828669875,-0.031117266700230906,0.015957497563057237,0.037520400408745144,0.021562902845687907,0.10068956712120858,0.2775048657577584,0.17681529863654982,0.5171011136441235,0.5625953669245254,0.04549425328040191,0.16746546498692966,0.13634819828669875,-0.031117266700230906,0.0,0.0,0.0,2.094736842105263,2.32183908045977,0.22710223835450716,0.7676767676767676,0.6747572815533981,-0.09291948612336953,41,41.0,0.0
Dingling,8,0,0.07137011340080011,0.07137011340080011,POST_HOC_DIAGNOSTIC_ONLY,0.1645975645095541,0.12333556457492019,-0.041261999934633906,0.02896245040231074,0.03416826380693529,0.005205813404624546,0.1791568875894824,0.2799898605351979,0.10083297294571553,0.5376660395413068,0.5752442973857008,0.03757825784439406,0.1645975645095541,0.12333556457492019,-0.041261999934633906,0.0,0.0,0.0,2.097560975609756,2.3466666666666667,0.2491056910569105,0.7426900584795322,0.6629834254143646,-0.07970663306516756,42,42.0,0.0
Dingling,8,1,0.07137011340080011,0.07137011340080011,POST_HOC_DIAGNOSTIC_ONLY,0.17626531267031048,0.12300627788825474,-0.053259034782055736,0.028825216365955707,0.034308350197692086,0.005483133831736379,0.1686098305725655,0.2829484890813216,0.11433865850875607,0.5227022554264444,0.5741819521102326,0.051479696683788156,0.17626531267031048,0.12300627788825474,-0.053259034782055736,0.005813953488372093,0.0,-0.005813953488372093,2.2467532467532467,2.3421052631578947,0.09535201640464797,0.7151162790697675,0.6685082872928176,-0.04660799177694985,41,41.0,0.0
Dingling,8,2,0.07137011340080011,0.07137011340080011,POST_HOC_DIAGNOSTIC_ONLY,0.18498100258594635,0.1239790435585746,-0.06100195902737175,0.027388582587623517,0.03362734455588684,0.006238761968263323,0.14912683192804937,0.2777085052238115,0.12858167329576214,0.5136032665386595,0.5737267035491437,0.06012343701048417,0.18498100258594635,0.1239790435585746,-0.06100195902737175,0.005780346820809248,0.0,-0.005780346820809248,2.0470588235294116,2.3289473684210527,0.28188854489164106,0.7225433526011561,0.6629834254143646,-0.059559927186791484,39,39.0,0.0
Dingling,8,3,0.07137011340080011,0.07137011340080011,POST_HOC_DIAGNOSTIC_ONLY,0.16537619507895387,0.1241532968443425,-0.04122289823461138,0.010929548584353188,0.034693041464511375,0.023763492880158187,0.07014229815935616,0.2829462213919636,0.21280392323260747,0.5171031520439834,0.5736136308271836,0.05651047878320026,0.16537619507895387,0.1241532968443425,-0.04122289823461138,0.0,0.0,0.0,2.0470588235294116,2.3421052631578947,0.2950464396284831,0.7225433526011561,0.6629834254143646,-0.059559927186791484,42,42.0,0.0
Dingling,8,4,0.07137011340080011,0.07137011340080011,POST_HOC_DIAGNOSTIC_ONLY,0.14868228210450976,0.12481338119359421,-0.02386890091091555,0.015317675140634516,0.03408908211931804,0.018771406978683527,0.10827106134367284,0.28035187156059227,0.17208081021691943,0.5340079560943737,0.5723612079079016,0.03835325181352789,0.14868228210450976,0.12481338119359421,-0.02386890091091555,0.0,0.0,0.0,2.2025316455696204,2.3289473684210527,0.1264157228514322,0.7052023121387283,0.6629834254143646,-0.04221888672436369,42,42.0,0.0
Dingling,8,5,0.07137011340080011,0.07137011340080011,POST_HOC_DIAGNOSTIC_ONLY,0.15718308657833507,0.12327735717838986,-0.03390572939994521,0.0074556468639214064,0.032970068456270825,0.02551442159234942,0.049819038956194966,0.2686509067526875,0.21883186779649252,0.5251497717461809,0.5733698670595274,0.04822009531334648,0.15718308657833507,0.12327735717838986,-0.03390572939994521,0.0,0.0,0.0,2.0,2.3421052631578947,0.3421052631578947,0.7630057803468208,0.6685082872928176,-0.09449749305400312,40,40.0,0.0
Dingling,8,6,0.07137011340080011,0.07137011340080011,POST_HOC_DIAGNOSTIC_ONLY,0.17687082010664731,0.12338440056748114,-0.05348641953916618,0.0003877055189450882,0.033908439549557336,0.033520734030612245,0.0022948754266325653,0.27874078229326993,0.27644590686663734,0.5187210249860947,0.5733669586993041,0.05464593371320936,0.17687082010664731,0.12338440056748114,-0.05348641953916618,0.0,0.0,0.0,1.8602150537634408,2.3333333333333335,0.4731182795698927,0.7965116279069767,0.6611111111111111,-0.13540051679586562,42,42.0,0.0
Dingling,8,7,0.07137011340080011,0.07137011340080011,POST_HOC_DIAGNOSTIC_ONLY,0.17510296166948278,0.12468896828394573,-0.05041399338553705,0.021601321404364843,0.034318678692612965,0.012717357288248122,0.12546825245045137,0.27939216537481654,0.15392391292436516,0.5274063642338308,0.5732382318957677,0.04583186766193692,0.17510296166948278,0.12468896828394573,-0.05041399338553705,0.0,0.0,0.0,2.0843373493975905,2.3466666666666667,0.26232931726907616,0.7441860465116279,0.6611111111111111,-0.0830749354005168,41,41.0,0.0
Dingling,9,0,0.07137011340080011,0.07137011340080011,POST_HOC_DIAGNOSTIC_ONLY,0.15091510150062057,0.11310267530027708,-0.03781242620034349,0.011438980159968285,0.03279474160598842,0.02135576144602014,0.08183899920183463,0.29384635930775743,0.2120073601059228,0.5515817597361642,0.5845890963609658,0.0330073366248016,0.15091510150062057,0.11310267530027708,-0.03781242620034349,0.0,0.0,0.0,2.1857142857142855,2.3692307692307693,0.18351648351648375,0.7171052631578947,0.6521739130434783,-0.06493135011441642,40,40.0,0.0
Dingling,9,1,0.07137011340080011,0.07137011340080011,POST_HOC_DIAGNOSTIC_ONLY,0.1570258954746101,0.11312908954450315,-0.04389680593010695,0.01911093711565015,0.032762988299943084,0.013652051184292933,0.12278628696154265,0.29736244524213834,0.1745761582805957,0.5453387562875865,0.5841278512222774,0.03878909493469085,0.1570258954746101,0.11312908954450315,-0.04389680593010695,0.0,0.0,0.0,1.855421686746988,2.3636363636363638,0.5082146768893758,0.7777777777777778,0.6459627329192547,-0.13181504485852313,42,42.0,0.0
Dingling,9,2,0.07137011340080011,0.07137011340080011,POST_HOC_DIAGNOSTIC_ONLY,0.15284484052659955,0.11337409714010703,-0.03947074338649252,0.017754402705247894,0.03300512064580864,0.015250717940560748,0.11385649827471601,0.29760068888794194,0.18374419061322594,0.548080094098577,0.5839226894250817,0.03584259532650469,0.15284484052659955,0.11337409714010703,-0.03947074338649252,0.0,0.0,0.0,1.9620253164556962,2.378787878787879,0.4167625623321827,0.7727272727272727,0.6521739130434783,-0.12055335968379444,42,42.0,0.0
Dingling,9,3,0.07137011340080011,0.07137011340080011,POST_HOC_DIAGNOSTIC_ONLY,0.1389323473483492,0.11408455465016852,-0.024847792698180673,0.012932073181045157,0.032086780943100725,0.019154707762055568,0.09531996250733782,0.28975620857508244,0.19443624606774462,0.5412552220525471,0.58273866871332,0.04148344666077297,0.1389323473483492,0.11408455465016852,-0.024847792698180673,0.0,0.0,0.0,1.9367088607594938,2.378787878787879,0.4420790180283851,0.7368421052631579,0.6521739130434783,-0.08466819221967958,41,41.0,0.0
Dingling,9,4,0.07137011340080011,0.07137011340080011,POST_HOC_DIAGNOSTIC_ONLY,0.15064376224614637,0.11447585127472332,-0.03616791097142305,0.012137026641619742,0.031577367997290356,0.019440341355670614,0.08528728846298322,0.28149902821090694,0.19621173974792372,0.5372372546744723,0.5816039072914831,0.04436665261701089,0.15064376224614637,0.11447585127472332,-0.03616791097142305,0.0,0.0,0.0,2.04,2.3636363636363638,0.3236363636363637,0.7039473684210527,0.65625,-0.047697368421052655,44,44.0,0.0
Dingling,9,5,0.07137011340080011,0.07137011340080011,POST_HOC_DIAGNOSTIC_ONLY,0.15359177351481323,0.1147081178539744,-0.03888365566083883,0.011908294891020998,0.031135346432516423,0.019227051541495427,0.08185321019320356,0.2803444702354737,0.19849126004227013,0.5342361176056406,0.5814989325134726,0.04726281490783202,0.15359177351481323,0.1147081178539744,-0.03888365566083883,0.0,0.0,0.0,1.9113924050632911,2.353846153846154,0.4424537487828628,0.74,0.65,-0.08999999999999997,37,37.0,0.0
Dingling,9,6,0.07137011340080011,0.07137011340080011,POST_HOC_DIAGNOSTIC_ONLY,0.1541962598859529,0.11364420077769544,-0.04055205910825746,0.010555935631058984,0.031228106518532448,0.020672170887473466,0.07269070639631721,0.2818215758893509,0.20913086949303372,0.5368360877871677,0.5823965923538024,0.04556050456663463,0.1541962598859529,0.11364420077769544,-0.04055205910825746,0.0,0.0,0.0,2.140845070422535,2.328358208955224,0.18751313853268892,0.7218543046357616,0.65,-0.07185430463576159,45,45.0,0.0
Dingling,9,7,0.07137011340080011,0.07137011340080011,POST_HOC_DIAGNOSTIC_ONLY,0.14923796114220875,0.11434869607552238,-0.03488926506668637,0.022618631802543854,0.030677251464277955,0.008058619661734101,0.16295682433598138,0.2799454590297821,0.11698863469380069,0.5403777154627781,0.5828545067448981,0.04247679128212001,0.14923796114220875,0.11434869607552238,-0.03488926506668637,0.0,0.0,0.0,2.1884057971014492,2.378787878787879,0.19038208168642967,0.7,0.65,-0.04999999999999993,40,40.0,0.0
Dingling,9,8,0.07137011340080011,0.07137011340080011,POST_HOC_DIAGNOSTIC_ONLY,0.1537930694610524,0.11293507469326307,-0.04085799476778933,0.01751300198846955,0.0325890050037284,0.015076003015258847,0.12545120086519856,0.2867646326550961,0.16131343178989754,0.5442842908442458,0.5840984062867162,0.03981411544247038,0.1537930694610524,0.11293507469326307,-0.04085799476778933,0.0,0.0,0.0,2.2318840579710146,2.3846153846153846,0.15273132664436995,0.6993464052287581,0.64375,-0.05559640522875808,45,45.0,0.0
Dingling,10,0,0.07137011340080011,0.07137011340080011,POST_HOC_DIAGNOSTIC_ONLY,0.15516908693044282,0.10834698985043717,-0.04682209708000565,0.007932367006630775,0.033731129751170444,0.02579876274453967,0.05082228062679052,0.30989941240586244,0.25907713177907193,0.5441831728351754,0.590906544102208,0.04672337126703263,0.15516908693044282,0.10834698985043717,-0.04682209708000565,0.0,0.0,0.0,2.0,2.526315789473684,0.5263157894736841,0.7412587412587412,0.6758620689655173,-0.06539667229322399,42,42.0,0.0
Dingling,10,1,0.07137011340080011,0.07137011340080011,POST_HOC_DIAGNOSTIC_ONLY,0.15770766493295166,0.10925079797629979,-0.04845686695665187,0.012349572805138301,0.03305827268249773,0.020708699877359432,0.07823458081387027,0.3094777755592816,0.2312431947454113,0.5419529314294126,0.5913474529458971,0.04939452151648449,0.15770766493295166,0.10925079797629979,-0.04845686695665187,0.0,0.0,0.0,2.0422535211267605,2.4827586206896552,0.44050509956289474,0.75,0.6758620689655173,-0.07413793103448274,40,40.0,0.0
Dingling,10,2,0.07137011340080011,0.07137011340080011,POST_HOC_DIAGNOSTIC_ONLY,0.14969258516009717,0.10972101312477137,-0.03997157203532581,0.02155426991471703,0.033224306115467325,0.011670036200750297,0.14394825305071524,0.3049575864114085,0.16100933336069329,0.5524196764536555,0.5908660199769608,0.038446343523305226,0.14969258516009717,0.10972101312477137,-0.03997157203532581,0.0,0.0,0.0,2.0869565217391304,2.4827586206896552,0.39580209895052487,0.7412587412587412,0.6805555555555556,-0.06070318570318567,41,41.0,0.0
Dingling,10,3,0.07137011340080011,0.07137011340080011,POST_HOC_DIAGNOSTIC_ONLY,0.15075109920215363,0.10886176975303084,-0.041889329449122784,0.022419073934959514,0.033989065959820854,0.01156999202486134,0.148202310106298,0.3151530602674366,0.1669507501611386,0.5513864780607612,0.5906446701726266,0.03925819211186532,0.15075109920215363,0.10886176975303084,-0.041889329449122784,0.0,0.0,0.0,2.1492537313432836,2.4827586206896552,0.3335048893463717,0.7272727272727273,0.6736111111111112,-0.05366161616161613,44,44.0,0.0
Dingling,10,4,0.07137011340080011,0.07137011340080011,POST_HOC_DIAGNOSTIC_ONLY,0.14332750720103113,0.109183115781814,-0.03414439141921713,0.02011392663624124,0.03343450835558426,0.013320581719343017,0.14003730099711417,0.31565711006044517,0.175619809063331,0.5580782869590228,0.5905706992118843,0.03249241225286148,0.14332750720103113,0.109183115781814,-0.03414439141921713,0.0,0.0,0.0,2.2857142857142856,2.4827586206896552,0.19704433497536966,0.7062937062937062,0.6736111111111112,-0.03268259518259509,43,43.0,0.0
Dingling,10,5,0.07137011340080011,0.07137011340080011,POST_HOC_DIAGNOSTIC_ONLY,0.13832782745179023,0.10977019016528954,-0.028557637286500695,0.019818154342093566,0.03530263498301341,0.015484480640919847,0.1429304138138447,0.3212756243186948,0.17834521050485008,0.5638336086891316,0.590585556317229,0.026751947628097406,0.13832782745179023,0.10977019016528954,-0.028557637286500695,0.006993006993006993,0.0,-0.006993006993006993,2.1492537313432836,2.526315789473684,0.3770620581304005,0.7342657342657343,0.6736111111111112,-0.06065462315462311,42,42.0,0.0
Dingling,10,6,0.07137011340080011,0.07137011340080011,POST_HOC_DIAGNOSTIC_ONLY,0.1359834334555115,0.11072823237300862,-0.025255201082502884,0.02488506516415726,0.03391695536360249,0.009031890199445228,0.18220479224819797,0.31009049411332346,0.1278857018651255,0.5650263366018978,0.5900403409089502,0.025014004307052362,0.1359834334555115,0.11072823237300862,-0.025255201082502884,0.006993006993006993,0.0,-0.006993006993006993,2.1492537313432836,2.526315789473684,0.3770620581304005,0.6783216783216783,0.6805555555555556,0.002233877233877246,42,42.0,0.0
Dingling,10,7,0.07137011340080011,0.07137011340080011,POST_HOC_DIAGNOSTIC_ONLY,0.1363079390072485,0.10967394890500634,-0.026633990102242155,0.022087395390503237,0.03350232507721036,0.011414929686707126,0.16094093532407186,0.3034976466038603,0.14255671127978845,0.5651455521210519,0.5907993049105463,0.025653752789494444,0.1363079390072485,0.10967394890500634,-0.026633990102242155,0.0,0.0,0.0,2.2153846153846155,2.508771929824561,0.2933873144399457,0.7552447552447552,0.6736111111111112,-0.08163364413364405,41,41.0,0.0
Dingling,10,8,0.07137011340080011,0.07137011340080011,POST_HOC_DIAGNOSTIC_ONLY,0.13520665584739544,0.10831250394790842,-0.026894151899487018,0.01788748452998017,0.03400813030353003,0.016120645773549862,0.13117601137359244,0.3149458537466808,0.18376984237308838,0.5642800530345241,0.5907615613277796,0.026481508293255462,0.13520665584739544,0.10831250394790842,-0.026894151899487018,0.0,0.0,0.0,2.0869565217391304,2.526315789473684,0.4393592677345537,0.7412587412587412,0.6736111111111112,-0.06764763014763009,44,44.0,0.0
Dingling,10,9,0.07137011340080011,0.07137011340080011,POST_HOC_DIAGNOSTIC_ONLY,0.14439829814236296,0.10732415114178913,-0.037074147000573834,0.010984178361029029,0.03435642260930799,0.02337224424827896,0.07569490363862098,0.3209017671767897,0.24520686353816873,0.5543780711856666,0.5923017012338756,0.03792363004820898,0.14439829814236296,0.10732415114178913,-0.037074147000573834,0.0,0.0,0.0,2.2153846153846155,2.526315789473684,0.31093117408906856,0.7062937062937062,0.6805555555555556,-0.025738150738150667,44,44.0,0.0
Dingling,11,0,0.07137011340080011,0.07137011340080011,POST_HOC_DIAGNOSTIC_ONLY,0.1434103588950344,0.10216430118551498,-0.04124605770951942,0.015620845274633862,0.03283584269186131,0.017214997417227446,0.10836385144013254,0.32001563892245527,0.21165178748232272,0.5598925050408111,0.5972695164089888,0.037377011368177726,0.1434103588950344,0.10216430118551498,-0.04124605770951942,0.0,0.0,0.0,1.911764705882353,2.519230769230769,0.6074660633484161,0.7286821705426356,0.6564885496183206,-0.07219362092431503,42,42.0,0.0
Dingling,11,1,0.07137011340080011,0.07137011340080011,POST_HOC_DIAGNOSTIC_ONLY,0.14081996733264476,0.10278652853441218,-0.03803343879823258,0.016581428700482747,0.03266916059222917,0.016087731891746424,0.11731130522850618,0.3186706146512446,0.2013593094227384,0.5631121362889917,0.5970047528384241,0.03389261654943243,0.14081996733264476,0.10278652853441218,-0.03803343879823258,0.0,0.0,0.0,1.955223880597015,2.4716981132075473,0.5164742326105323,0.7461538461538462,0.6717557251908397,-0.07439812096300646,43,43.0,0.0
Dingling,11,2,0.07137011340080011,0.07137011340080011,POST_HOC_DIAGNOSTIC_ONLY,0.1351902535192108,0.10288604041490589,-0.03230421310430491,0.01748169015555396,0.03204891576061686,0.014567225605062899,0.12911167562749767,0.3191813610689952,0.19006968544149752,0.5679249091783871,0.5964636791198812,0.02853876994149407,0.1351902535192108,0.10288604041490589,-0.03230421310430491,0.0,0.0,0.0,1.955223880597015,2.4716981132075473,0.5164742326105323,0.7153846153846154,0.6717557251908397,-0.04362889019377569,42,42.0,0.0
Dingling,11,3,0.07137011340080011,0.07137011340080011,POST_HOC_DIAGNOSTIC_ONLY,0.12976362296767513,0.10322490111132097,-0.026538721856354155,0.016360613504300264,0.03285871628615307,0.016498102781852805,0.1266483633753603,0.31589258046086566,0.18924421708550535,0.572189484454816,0.5968748503067035,0.02468536585188752,0.12976362296767513,0.10322490111132097,-0.026538721856354155,0.0,0.0,0.0,1.8985507246376812,2.4716981132075473,0.5731473885698661,0.7461538461538462,0.6793893129770993,-0.06676453317674691,43,43.0,0.0
Dingling,11,4,0.07137011340080011,0.07137011340080011,POST_HOC_DIAGNOSTIC_ONLY,0.1301274567361208,0.10215296817787597,-0.02797448855824483,0.020736684796159848,0.03344541332449615,0.012708728528336304,0.15955115783680263,0.32866949989337874,0.1691183420565761,0.5721238632849222,0.5976743921485352,0.025550528863613087,0.1301274567361208,0.10215296817787597,-0.02797448855824483,0.0,0.0,0.0,2.1475409836065573,2.588235294117647,0.44069431051108987,0.7,0.6717557251908397,-0.028244274809160252,43,43.0,0.0
Dingling,11,5,0.07137011340080011,0.07137011340080011,POST_HOC_DIAGNOSTIC_ONLY,0.13684148124656825,0.10225951363967045,-0.0345819676068978,0.02391922163585826,0.03244438357755357,0.008525161941695308,0.17419596045851823,0.32303858313461953,0.1488426226761013,0.564222603524414,0.597676303661505,0.033453700137091036,0.13684148124656825,0.10225951363967045,-0.0345819676068978,0.0,0.0,0.0,2.381818181818182,2.549019607843137,0.16720142602495525,0.7461538461538462,0.6641221374045801,-0.08203170874926602,42,42.0,0.0
Dingling,11,6,0.07137011340080011,0.07137011340080011,POST_HOC_DIAGNOSTIC_ONLY,0.13525602617713173,0.10224670090496969,-0.033009325272162035,0.02097760926664677,0.03168152174142437,0.010703912474777602,0.15403315129113146,0.31577014418168425,0.1617369928905528,0.5635113989512078,0.5975924909793774,0.03408109202816956,0.13525602617713173,0.10224670090496969,-0.033009325272162035,0.0,0.0,0.0,2.0793650793650795,2.519230769230769,0.43986568986568964,0.7538461538461538,0.6641221374045801,-0.08972401644157368,44,44.0,0.0
Dingling,11,7,0.07137011340080011,0.07137011340080011,POST_HOC_DIAGNOSTIC_ONLY,0.12962543180039265,0.10111535029940434,-0.028510081500988313,0.01563291859918416,0.03260541312865782,0.01697249452947366,0.1191430670744701,0.3235836785334484,0.2044406114589783,0.5704110485338281,0.598186302010787,0.027775253476958972,0.12962543180039265,0.10111535029940434,-0.028510081500988313,0.0,0.0,0.0,2.381818181818182,2.549019607843137,0.16720142602495525,0.7307692307692307,0.6641221374045801,-0.06664709336465058,42,42.0,0.0
Dingling,11,8,0.07137011340080011,0.07137011340080011,POST_HOC_DIAGNOSTIC_ONLY,0.1264900050441334,0.10147740450841795,-0.025012600535715454,0.012602436393366745,0.03265479931424541,0.02005236292087867,0.09847803413746767,0.32864849471936974,0.23017046058190208,0.5713447970994422,0.5984418481009488,0.02709705100150661,0.1264900050441334,0.10147740450841795,-0.025012600535715454,0.0,0.0,0.0,2.4716981132075473,2.519230769230769,0.047532656023221875,0.7230769230769231,0.6717557251908397,-0.05132119788608336,43,43.0,0.0
Dingling,11,9,0.07137011340080011,0.07137011340080011,POST_HOC_DIAGNOSTIC_ONLY,0.12929054624804956,0.10061432256659102,-0.028676223681458543,0.00924971846063697,0.03193940815075444,0.02268968969011747,0.07093995468466045,0.31888914104079746,0.247949186356137,0.5672782454443013,0.597474036509106,0.030195791064804745,0.12929054624804956,0.10061432256659102,-0.028676223681458543,0.0,0.0,0.0,2.2203389830508473,2.5,0.2796610169491527,0.7230769230769231,0.6717557251908397,-0.05132119788608336,43,43.0,0.0
Dingling,11,10,0.07137011340080011,0.07137011340080011,POST_HOC_DIAGNOSTIC_ONLY,0.13221365914059743,0.10189776117274851,-0.03031589796784892,0.014979459365721003,0.03280845844611717,0.017828999080396167,0.11315780569866823,0.32468330313208876,0.21152549743342053,0.5669804888035128,0.5977177127020893,0.03073722389857647,0.13221365914059743,0.10189776117274851,-0.03031589796784892,0.0,0.0,0.0,2.3636363636363638,2.5,0.13636363636363624,0.7364341085271318,0.6692307692307692,-0.06720333929636257,43,43.0,0.0
Dingling,12,0,0.07137011340080011,0.07137011340080011,POST_HOC_DIAGNOSTIC_ONLY,0.11401633985069605,0.09639421236465676,-0.017622127486039293,0.013990036369861701,0.03072624135648927,0.01673620498662757,0.12135130549103275,0.32691774193183376,0.20556643644080103,0.5868922578511185,0.6027691925036119,0.015876934652493402,0.11401633985069605,0.09639421236465676,-0.017622127486039293,0.0,0.0,0.0,1.9193548387096775,2.5531914893617023,0.6338366506520248,0.7796610169491526,0.6583333333333333,-0.12132768361581925,44,44.0,0.0
Dingling,12,1,0.07137011340080011,0.07137011340080011,POST_HOC_DIAGNOSTIC_ONLY,0.12885404172187967,0.0972637253002171,-0.03159031642166257,0.010817129559264008,0.03016873300085146,0.019351603441587453,0.08300181495056043,0.31581261880755784,0.23281080385699743,0.5707211130538914,0.6019700701972616,0.03124895714337017,0.12885404172187967,0.0972637253002171,-0.03159031642166257,0.0,0.0,0.0,2.0689655172413794,2.4693877551020407,0.4004222378606612,0.7563025210084033,0.6666666666666666,-0.08963585434173671,43,43.0,0.0
Dingling,12,2,0.07137011340080011,0.07137011340080011,POST_HOC_DIAGNOSTIC_ONLY,0.13932953294345568,0.09641076309241095,-0.04291876985104473,0.010898346040623095,0.0305096414759574,0.019611295435334304,0.07752097551275773,0.31914735903092534,0.24162638351816762,0.5620194672574982,0.6018996408579069,0.03988017360040874,0.13932953294345568,0.09641076309241095,-0.04291876985104473,0.0,0.0,0.0,2.1052631578947367,2.5531914893617023,0.44792833146696553,0.7058823529411765,0.6666666666666666,-0.03921568627450989,43,43.0,0.0
Dingling,12,3,0.07137011340080011,0.07137011340080011,POST_HOC_DIAGNOSTIC_ONLY,0.1354012674639232,0.09671144124634491,-0.038689826217578285,0.01944338784383483,0.03058365028066458,0.011140262436829747,0.14366587893179986,0.31602331677175927,0.1723574378399594,0.568792707068748,0.6021112748579958,0.0333185677892478,0.1354012674639232,0.09671144124634491,-0.038689826217578285,0.0,0.0,0.0,2.5531914893617023,2.5531914893617023,0.0,0.6554621848739496,0.6666666666666666,0.011204481792717047,44,44.0,0.0
Dingling,12,4,0.07137011340080011,0.07137011340080011,POST_HOC_DIAGNOSTIC_ONLY,0.1288492786480083,0.0980319547542797,-0.0308173238937286,0.02509879519955668,0.030490216678432422,0.0053914214788757416,0.19555944412750625,0.3193835494249513,0.12382410529744503,0.5743886668942081,0.6018138925381664,0.02742522564395833,0.1288492786480083,0.0980319547542797,-0.0308173238937286,0.0,0.0,0.0,2.5531914893617023,2.5319148936170213,-0.021276595744680993,0.5966386554621849,0.6666666666666666,0.07002801120448177,43,43.0,0.0
Dingling,12,5,0.07137011340080011,0.07137011340080011,POST_HOC_DIAGNOSTIC_ONLY,0.12969630761203424,0.09682945790944678,-0.032866849702587464,0.01993118518698811,0.03046219395044793,0.010531008763459821,0.15408527644579614,0.31843356103981607,0.16434828459401993,0.5734594253230749,0.6018543355452122,0.02839491022213725,0.12969630761203424,0.09682945790944678,-0.032866849702587464,0.0,0.0,0.0,2.2641509433962264,2.5319148936170213,0.2677639502207949,0.680672268907563,0.6666666666666666,-0.01400560224089642,42,42.0,0.0
Dingling,12,6,0.07137011340080011,0.07137011340080011,POST_HOC_DIAGNOSTIC_ONLY,0.12800715441658694,0.09595391519308545,-0.03205323922350149,0.013022204073671412,0.030432105715989297,0.017409901642317885,0.10119382428137694,0.32478567967831246,0.22359185539693552,0.573147428768174,0.6031211943049183,0.029973765536744246,0.12800715441658694,0.09595391519308545,-0.03205323922350149,0.0,0.0,0.0,1.9672131147540983,2.5531914893617023,0.5859783746076039,0.7310924369747899,0.6666666666666666,-0.06442577030812324,42,42.0,0.0
Dingling,12,7,0.07137011340080011,0.07137011340080011,POST_HOC_DIAGNOSTIC_ONLY,0.1297935746708039,0.09623447558397734,-0.03355909908682657,0.009000008737623454,0.03156931679241222,0.022569308054788767,0.06860247293241631,0.32535605323570826,0.256753580303292,0.5717739225686812,0.603919694279992,0.03214577171131083,0.1297935746708039,0.09623447558397734,-0.03355909908682657,0.0,0.0,0.0,1.791044776119403,2.5531914893617023,0.7621467132422992,0.7815126050420168,0.6666666666666666,-0.11484593837535018,44,44.0,0.0
Dingling,12,8,0.07137011340080011,0.07137011340080011,POST_HOC_DIAGNOSTIC_ONLY,0.11923827772267528,0.09579356912090858,-0.0234447086017667,0.01525608102594794,0.031166712114731605,0.015910631088783666,0.126488556544026,0.3267841742972125,0.20029561775318652,0.5808543051994048,0.6044497282943424,0.023595423094937562,0.11923827772267528,0.09579356912090858,-0.0234447086017667,0.0,0.0,0.0,2.2641509433962264,2.5531914893617023,0.2890405459654759,0.7647058823529411,0.6583333333333333,-0.1063725490196078,44,44.0,0.0
Dingling,12,9,0.07137011340080011,0.07137011340080011,POST_HOC_DIAGNOSTIC_ONLY,0.11170697679217428,0.09520812612099354,-0.016498850671180745,0.017024071876789008,0.031179309868837247,0.01415523799204824,0.1514049489527779,0.3276807849130595,0.17627583596028162,0.5858639743818195,0.6043167378366298,0.018452763454810284,0.11170697679217428,0.09520812612099354,-0.016498850671180745,0.0,0.0,0.0,2.1052631578947367,2.5652173913043477,0.45995423340961095,0.7394957983193278,0.6583333333333333,-0.08116246498599444,43,43.0,0.0
Dingling,12,10,0.07137011340080011,0.07137011340080011,POST_HOC_DIAGNOSTIC_ONLY,0.11446777757788597,0.09606428883582083,-0.01840348874206514,0.016184075140145363,0.03158118999429914,0.015397114854153775,0.14081678435533984,0.3319562707279506,0.19113948637261075,0.583649775610483,0.6027389085666806,0.01908913295619752,0.11446777757788597,0.09606428883582083,-0.01840348874206514,0.0,0.0,0.0,2.1636363636363636,2.6,0.4363636363636365,0.7542372881355932,0.6554621848739496,-0.09877510326164363,43,43.0,0.0
Dingling,12,11,0.07137011340080011,0.07137011340080011,POST_HOC_DIAGNOSTIC_ONLY,0.1112172115058903,0.09647317865350577,-0.014744032852384528,0.016140477921245903,0.03132043507943245,0.015179957158186545,0.14474198934777674,0.3247601191877548,0.18001812983997809,0.5875263418114791,0.6020993337652742,0.014572991953795134,0.1112172115058903,0.09647317865350577,-0.014744032852384528,0.0,0.0,0.0,2.087719298245614,2.5106382978723403,0.4229189996267264,0.7796610169491526,0.6638655462184874,-0.1157954707306652,42,42.0,0.0
Dingling,13,0,0.07137011340080011,0.07137011340080011,POST_HOC_DIAGNOSTIC_ONLY,0.1294702884673497,0.09331529676289427,-0.036154991704455436,0.007473449053851731,0.02884523284815808,0.021371783794306348,0.057601110434825936,0.3167674965950064,0.2591663861601805,0.5745059880937342,0.6067302262658892,0.03222423817215503,0.1294702884673497,0.09331529676289427,-0.036154991704455436,0.0,0.0,0.0,2.0555555555555554,2.522727272727273,0.46717171717171757,0.7272727272727273,0.6576576576576577,-0.06961506961506958,44,44.0,0.0
Dingling,13,1,0.07137011340080011,0.07137011340080011,POST_HOC_DIAGNOSTIC_ONLY,0.12123529489067617,0.09283030199217837,-0.028404992898497794,0.008835060812523377,0.028388316150812862,0.019553255338289485,0.0725716470923511,0.31154398024402663,0.23897233315167554,0.5807473693362234,0.6070395698319293,0.02629220049570591,0.12123529489067617,0.09283030199217837,-0.028404992898497794,0.0,0.0,0.0,1.9473684210526316,2.477272727272727,0.5299043062200954,0.7545454545454545,0.6576576576576577,-0.0968877968877968,43,43.0,0.0
Dingling,13,2,0.07137011340080011,0.07137011340080011,POST_HOC_DIAGNOSTIC_ONLY,0.1202874815558902,0.09202391125960793,-0.028263570296282264,0.008096434840921502,0.028995524055235148,0.020899089214313646,0.0669836819531556,0.31833454906468844,0.25135086711153287,0.5814382733366887,0.6080265985342785,0.0265883251975898,0.1202874815558902,0.09202391125960793,-0.028263570296282264,0.0,0.0,0.0,1.7619047619047619,2.558139534883721,0.7962347729789592,0.7727272727272727,0.6576576576576577,-0.115069615069615,42,42.0,0.0
Dingling,13,3,0.07137011340080011,0.07137011340080011,POST_HOC_DIAGNOSTIC_ONLY,0.11985798876990712,0.0898450150804097,-0.03001297368949743,0.010569820821071094,0.028786082249431827,0.018216261428360733,0.08811244512678554,0.3255983449771098,0.23748589985032428,0.5812797119496553,0.6087066383082141,0.027426926358558812,0.11985798876990712,0.0898450150804097,-0.03001297368949743,0.0,0.0,0.0,1.819672131147541,2.558139534883721,0.73846740373618,0.7545454545454545,0.6576576576576577,-0.0968877968877968,43,43.0,0.0
Dingling,13,4,0.07137011340080011,0.07137011340080011,POST_HOC_DIAGNOSTIC_ONLY,0.11887092863215186,0.09086098034521992,-0.028009948286931943,0.014376865126452204,0.02973631993517731,0.015359454808725108,0.12125225905228272,0.3349247880103999,0.21367252895811717,0.5800279111623018,0.6089311665340075,0.028903255371705683,0.11887092863215186,0.09086098034521992,-0.028009948286931943,0.0,0.0,0.0,2.018181818181818,2.642857142857143,0.6246753246753247,0.7363636363636363,0.6486486486486487,-0.08771498771498765,44,44.0,0.0
Dingling,13,5,0.07137011340080011,0.07137011340080011,POST_HOC_DIAGNOSTIC_ONLY,0.10913132185052016,0.09001867097556487,-0.019112650874955284,0.01647009444170091,0.030663901438865857,0.014193806997164948,0.15007728588050526,0.34234062940180887,0.19226334352130361,0.5890354458193828,0.6099850679751081,0.020949622155725267,0.10913132185052016,0.09001867097556487,-0.019112650874955284,0.0,0.0,0.0,2.0943396226415096,2.5952380952380953,0.5008984725965857,0.7636363636363637,0.6576576576576577,-0.10597870597870596,44,44.0,0.0
Dingling,13,6,0.07137011340080011,0.07137011340080011,POST_HOC_DIAGNOSTIC_ONLY,0.10513964472720329,0.0905357842363187,-0.014603860490884593,0.01813086131484417,0.030550092183971585,0.012419230869127416,0.17056659580511446,0.3338891239055621,0.16332252810044762,0.5947810626309954,0.6083965385948158,0.0136154759638204,0.10513964472720329,0.0905357842363187,-0.014603860490884593,0.0,0.0,0.0,2.2448979591836733,2.558139534883721,0.31324157570004774,0.7431192660550459,0.6545454545454545,-0.08857381150959132,42,42.0,0.0
Dingling,13,7,0.07137011340080011,0.07137011340080011,POST_HOC_DIAGNOSTIC_ONLY,0.10634917214892377,0.09111251009862768,-0.015236662050296085,0.015609200548864374,0.03039517863432514,0.014785978085460765,0.14463054816675158,0.334677754851781,0.1900472066850294,0.5947370518927473,0.6082750904157749,0.013538038523027596,0.10634917214892377,0.09111251009862768,-0.015236662050296085,0.0,0.0,0.0,2.1372549019607843,2.558139534883721,0.42088463292293676,0.6944444444444444,0.6545454545454545,-0.03989898989898988,43,43.0,0.0
Dingling,13,8,0.07137011340080011,0.07137011340080011,POST_HOC_DIAGNOSTIC_ONLY,0.10839157103347195,0.09089239100105197,-0.017499180032419986,0.015080495837012965,0.029788338373550972,0.014707842536538007,0.13754479950476187,0.33064882110598814,0.19310402160122628,0.5915523326523272,0.6069257007953675,0.015373368143040245,0.10839157103347195,0.09089239100105197,-0.017499180032419986,0.0,0.0,0.0,2.156862745098039,2.5714285714285716,0.4145658263305325,0.7522935779816514,0.6545454545454545,-0.09774812343619688,45,45.0,0.0
Dingling,13,9,0.07137011340080011,0.07137011340080011,POST_HOC_DIAGNOSTIC_ONLY,0.10819926261080287,0.0918557642349333,-0.01634349837586957,0.016684779757088784,0.02986694538190049,0.013182165624811705,0.15285150911894826,0.3284188536779934,0.17556734455904513,0.5917790160727305,0.6064097237569207,0.01463070768419017,0.10819926261080287,0.0918557642349333,-0.01634349837586957,0.0,0.0,0.0,2.4444444444444446,2.558139534883721,0.11369509043927639,0.7064220183486238,0.6545454545454545,-0.051876563803169295,43,43.0,0.0
Dingling,13,10,0.07137011340080011,0.07137011340080011,POST_HOC_DIAGNOSTIC_ONLY,0.11128620374886745,0.09172249981893704,-0.019563703929930412,0.01713262881409123,0.029505607017517258,0.01237297820342603,0.1522643831310103,0.3289763939394249,0.17671201080841462,0.587935384374435,0.6068146406453021,0.018879256270867062,0.11128620374886745,0.09172249981893704,-0.019563703929930412,0.0,0.0,0.0,2.4444444444444446,2.511627906976744,0.06718346253229956,0.7247706422018348,0.6545454545454545,-0.0702251876563803,44,44.0,0.0
Dingling,13,11,0.07137011340080011,0.07137011340080011,POST_HOC_DIAGNOSTIC_ONLY,0.11993509732547299,0.09250555949625923,-0.027429537829213757,0.017650433905629898,0.029396001867068283,0.011745567961438386,0.145311883466636,0.3289757454176928,0.1836638619510568,0.5819296997755941,0.6064653364319297,0.024535636656335624,0.11993509732547299,0.09250555949625923,-0.027429537829213757,0.0,0.0,0.0,2.558139534883721,2.5348837209302326,-0.023255813953488413,0.7064220183486238,0.6636363636363637,-0.042785654712260146,43,43.0,0.0
Dingling,13,12,0.07137011340080011,0.07137011340080011,POST_HOC_DIAGNOSTIC_ONLY,0.1353649410228371,0.09312109481507244,-0.04224384620776467,0.012753446082071615,0.029522031390902575,0.01676858530883096,0.09372008959031225,0.3267350070445833,0.23301491745427105,0.5690108652358095,0.6060371636983153,0.037026298462505824,0.1353649410228371,0.09312109481507244,-0.04224384620776467,0.0,0.0,0.0,2.4444444444444446,2.558139534883721,0.11369509043927639,0.7064220183486238,0.6545454545454545,-0.051876563803169295,44,44.0,0.0
Dingling,14,0,0.07137011340080011,0.07137011340080011,POST_HOC_DIAGNOSTIC_ONLY,0.11134321395092973,0.08738650128400685,-0.023956712666922883,0.00747854390509863,0.026950053922253917,0.01947151001715529,0.066966727655712,0.31884268456077225,0.25187595690506026,0.5911170864513081,0.6109167328405737,0.01979964638926557,0.11134321395092973,0.08738650128400685,-0.023956712666922883,0.0,0.0,0.0,1.9074074074074074,2.4878048780487805,0.580397470641373,0.7450980392156863,0.6504854368932039,-0.09461260232248236,44,44.0,0.0
Dingling,14,1,0.07137011340080011,0.07137011340080011,POST_HOC_DIAGNOSTIC_ONLY,0.11139238360068483,0.08870493293186772,-0.02268745066881711,0.006389268844009953,0.026989774837441066,0.020600505993431113,0.05696701673791002,0.31571276433754764,0.25874574759963764,0.5888255182548531,0.6107677780915585,0.02194225983670539,0.11139238360068483,0.08870493293186772,-0.02268745066881711,0.0,0.0,0.0,2.1020408163265305,2.5121951219512195,0.410154305624689,0.7352941176470589,0.6504854368932039,-0.08480868075385495,44,44.0,0.0
Dingling,14,2,0.07137011340080011,0.07137011340080011,POST_HOC_DIAGNOSTIC_ONLY,0.10456297364058474,0.08756274191812106,-0.017000231722463677,0.013642349305302432,0.027109970849848584,0.013467621544546152,0.1294902045642986,0.3132940352998831,0.18380383073558448,0.5970990630873005,0.6100646247321637,0.012965561644863177,0.10456297364058474,0.08756274191812106,-0.017000231722463677,0.0,0.0,0.0,2.1914893617021276,2.575,0.3835106382978726,0.6862745098039216,0.6504854368932039,-0.035789072910717645,43,43.0,0.0
Dingling,14,3,0.07137011340080011,0.07137011340080011,POST_HOC_DIAGNOSTIC_ONLY,0.09881153184163254,0.0876056975806778,-0.011205834260954742,0.017161664674860685,0.0268163323838748,0.009654667709014114,0.1723315400871275,0.313868472132567,0.14153693204543952,0.6029597347529948,0.6114245563003108,0.008464821547315982,0.09881153184163254,0.0876056975806778,-0.011205834260954742,0.0,0.0,0.0,2.7837837837837838,2.5121951219512195,-0.27158866183256425,0.6470588235294118,0.6504854368932039,0.0034266133637921303,43,43.0,0.0
Dingling,14,4,0.07137011340080011,0.07137011340080011,POST_HOC_DIAGNOSTIC_ONLY,0.0963127318986113,0.08581430213512634,-0.01049842976348496,0.021303509532842036,0.02706938098302318,0.005765871450181145,0.22222507870205035,0.32527862243155065,0.10305354372950029,0.6048258122815304,0.6126425310849838,0.00781671880345336,0.0963127318986113,0.08581430213512634,-0.01049842976348496,0.0,0.0,0.0,2.914285714285714,2.575,-0.33928571428571397,0.6435643564356436,0.6504854368932039,0.006921080457560347,43,43.0,0.0
Dingling,14,5,0.07137011340080011,0.07137011340080011,POST_HOC_DIAGNOSTIC_ONLY,0.08826760347393446,0.08594515732363776,-0.0023224461502966975,0.023093676952669593,0.028371986104545485,0.005278309151875892,0.2613647583149101,0.33427351655306026,0.07290875823815018,0.6130957065822807,0.6134513664256531,0.0003556598433723801,0.08826760347393446,0.08594515732363776,-0.0023224461502966975,0.0,0.0,0.0,2.5121951219512195,2.6153846153846154,0.1031894934333959,0.7058823529411765,0.6407766990291263,-0.06510565391205025,43,43.0,0.0
Dingling,14,6,0.07137011340080011,0.07137011340080011,POST_HOC_DIAGNOSTIC_ONLY,0.08933818201761887,0.08694507691973725,-0.002393105097881612,0.022168596452317994,0.028518147816595216,0.006349551364277221,0.2469291750123992,0.3307729185820814,0.08384374356968222,0.6131645005227618,0.6119739911471449,-0.0011905093756169327,0.08933818201761887,0.08694507691973725,-0.002393105097881612,0.0,0.0,0.0,2.2666666666666666,2.55,0.2833333333333332,0.7425742574257426,0.6470588235294118,-0.09551543389633077,44,44.0,0.0
Dingling,14,7,0.07137011340080011,0.07137011340080011,POST_HOC_DIAGNOSTIC_ONLY,0.10120727287526143,0.08673676239050787,-0.014470510484753563,0.01797581129766295,0.028206472258506993,0.010230660960844042,0.17570160565878123,0.3303655635550985,0.15466395789631726,0.599637684113746,0.6124755725590895,0.012837888445343504,0.10120727287526143,0.08673676239050787,-0.014470510484753563,0.0,0.0,0.0,2.0816326530612246,2.58974358974359,0.5081109366823653,0.7425742574257426,0.6470588235294118,-0.09551543389633077,44,44.0,0.0
Dingling,14,8,0.07137011340080011,0.07137011340080011,POST_HOC_DIAGNOSTIC_ONLY,0.11034163738705714,0.08658731660589912,-0.023754320781158023,0.011862543372224922,0.02808002915946373,0.016217485787238806,0.10567955965442222,0.33227457162143326,0.22659501196701104,0.5890638983869974,0.6117177522514196,0.022653853864422202,0.11034163738705714,0.08658731660589912,-0.023754320781158023,0.0,0.0,0.0,2.0,2.525,0.5249999999999999,0.7920792079207921,0.6470588235294118,-0.14502038439138032,44,44.0,0.0
Dingling,14,9,0.07137011340080011,0.07137011340080011,POST_HOC_DIAGNOSTIC_ONLY,0.12369304330366734,0.08689960043962656,-0.03679344286404078,0.0071766461708384155,0.029019166475263772,0.021842520304425357,0.05706246064691924,0.3357772002036419,0.27871473955672266,0.5758559647222361,0.6112968540003844,0.03544088927814826,0.12369304330366734,0.08689960043962656,-0.03679344286404078,0.0,0.0,0.0,1.728813559322034,2.525,0.796186440677966,0.7821782178217822,0.6568627450980392,-0.125315472723743,43,43.0,0.0
Dingling,14,10,0.07137011340080011,0.07137011340080011,POST_HOC_DIAGNOSTIC_ONLY,0.1286533153176721,0.08692156786613246,-0.04173174745153964,0.0038931857739282483,0.029063485984128112,0.025170300210199864,0.029886926389815577,0.33531761690685846,0.30543069051704286,0.5708753123568373,0.6113368736571411,0.04046156130030376,0.1286533153176721,0.08692156786613246,-0.04173174745153964,0.0,0.0,0.0,1.9245283018867925,2.55,0.6254716981132074,0.7821782178217822,0.6568627450980392,-0.125315472723743,44,44.0,0.0
Dingling,14,11,0.07137011340080011,0.07137011340080011,POST_HOC_DIAGNOSTIC_ONLY,0.12684539017198723,0.08735861399955817,-0.03948677617242906,0.001224016839746738,0.028171873049490828,0.02694785620974409,0.00958991044847255,0.3183870260654154,0.30879711561694284,0.5739363181935673,0.6103734524375697,0.03643713424400241,0.12684539017198723,0.08735861399955817,-0.03948677617242906,0.0,0.0,0.0,1.9245283018867925,2.525,0.6004716981132074,0.7524752475247525,0.6568627450980392,-0.09561250242671326,44,44.0,0.0
Dingling,14,12,0.07137011340080011,0.07137011340080011,POST_HOC_DIAGNOSTIC_ONLY,0.12448661997046885,0.08722978687582202,-0.037256833094646835,0.005858794924034711,0.027785181361597598,0.021926386437562888,0.04675902197754903,0.31939386226075167,0.2726348402832026,0.5766226881032402,0.6107504753338964,0.034127787230656126,0.12448661997046885,0.08722978687582202,-0.037256833094646835,0.0,0.0,0.0,2.0816326530612246,2.5641025641025643,0.48246991104133974,0.7425742574257426,0.6470588235294118,-0.09551543389633077,44,44.0,0.0
Dingling,14,13,0.07137011340080011,0.07137011340080011,POST_HOC_DIAGNOSTIC_ONLY,0.12125760027351687,0.08758694082682925,-0.03367065944668762,0.0056505189042162065,0.027286977567279422,0.021636458663063216,0.046583253569041215,0.3228070158767207,0.27622376230767953,0.5801269106610986,0.6100096202950315,0.029882709633932913,0.12125760027351687,0.08758694082682925,-0.03367065944668762,0.0,0.0,0.0,2.0,2.5641025641025643,0.5641025641025643,0.801980198019802,0.6568627450980392,-0.1451174529217628,44,44.0,0.0
Dongsi,6,0,0.09110585065184257,0.09110585065184257,POST_HOC_DIAGNOSTIC_ONLY,0.2689823279178665,0.19905847661169165,-0.06992385130617487,0.03230932388186966,0.05259500286743018,0.020285678985560517,0.11857430450108279,0.2655871909268978,0.147012886425815,0.6260700692267155,0.6919655760189245,0.06589550679220901,0.2689823279178665,0.19905847661169165,-0.06992385130617487,0.004329004329004329,0.0,-0.004329004329004329,1.982905982905983,2.2857142857142856,0.3028083028083026,0.7748917748917749,0.6859504132231405,-0.08894136166863431,39,39.0,0.0
Dongsi,6,1,0.09110585065184257,0.09110585065184257,POST_HOC_DIAGNOSTIC_ONLY,0.26653242723111664,0.2002038673104234,-0.06632855992069325,0.04396663252181528,0.05286128188666733,0.008894649364852056,0.16360084704978423,0.2675842275313591,0.10398338048157485,0.6214402694306459,0.6921631080877179,0.07072283865707196,0.26653242723111664,0.2002038673104234,-0.06632855992069325,0.004310344827586207,0.0,-0.004310344827586207,2.080357142857143,2.2666666666666666,0.1863095238095238,0.75,0.6900826446280992,-0.05991735537190079,40,40.0,0.0
Dongsi,6,2,0.09110585065184257,0.09110585065184257,POST_HOC_DIAGNOSTIC_ONLY,0.2743609685188127,0.19862458977178446,-0.07573637874702824,0.04045276576650159,0.05342723619654367,0.01297447043004208,0.14426746630499865,0.27521421163548787,0.13094674533048922,0.6122053486652143,0.694492065262546,0.08228671659733178,0.2743609685188127,0.19862458977178446,-0.07573637874702824,0.008583690987124463,0.0,-0.008583690987124463,2.0892857142857144,2.2884615384615383,0.1991758241758239,0.7553648068669528,0.6859504132231405,-0.0694143936438123,40,40.0,0.0
Dongsi,6,3,0.09110585065184257,0.09110585065184257,POST_HOC_DIAGNOSTIC_ONLY,0.27054581899513047,0.20054710128543135,-0.06999871770969912,0.017878305687365263,0.05247381962130018,0.034595513933934924,0.06486984937580861,0.2681325299267657,0.20326268055095706,0.6068184349535435,0.6920136933882423,0.08519525843469877,0.27054581899513047,0.20054710128543135,-0.06999871770969912,0.0,0.0,0.0,2.2211538461538463,2.276190476190476,0.05503663003662984,0.717391304347826,0.6859504132231405,-0.03144089112468551,40,40.0,0.0
Dongsi,6,4,0.09110585065184257,0.09110585065184257,POST_HOC_DIAGNOSTIC_ONLY,0.26600247687388767,0.20011321680958366,-0.06588926006430401,0.031580935023926615,0.05395840134988118,0.022377466325954568,0.11747898555978052,0.2630096893943497,0.14553070383456918,0.6172356047553341,0.6908667118662141,0.07363110711087995,0.26600247687388767,0.20011321680958366,-0.06588926006430401,0.004347826086956522,0.0,-0.004347826086956522,2.1588785046728973,2.3009708737864076,0.1420923691135103,0.7478260869565218,0.6804979253112033,-0.06732816164531841,39,39.0,0.0
Dongsi,6,5,0.09110585065184257,0.09110585065184257,POST_HOC_DIAGNOSTIC_ONLY,0.26665031300287007,0.20150447681300762,-0.06514583618986244,0.03023567684752415,0.05274985887417066,0.022514182026646512,0.11260805699332015,0.26139879752446094,0.14879074053114077,0.6218425361858252,0.6889744524430139,0.06713191625718873,0.26665031300287007,0.20150447681300762,-0.06514583618986244,0.004310344827586207,0.0,-0.004310344827586207,2.043859649122807,2.2666666666666666,0.22280701754385968,0.7801724137931034,0.6887966804979253,-0.09137573329517812,37,37.0,0.0
Dongsi,7,0,0.09110585065184257,0.09110585065184257,POST_HOC_DIAGNOSTIC_ONLY,0.21877821122440497,0.17967363942367268,-0.03910457180073229,0.03103530084438972,0.051348380431678275,0.020313079587288556,0.14134637965120986,0.28425042240376114,0.14290404275255128,0.6642011722985918,0.7108075642844525,0.046606391985860696,0.21877821122440497,0.17967363942367268,-0.03910457180073229,0.0,0.0,0.0,2.0412371134020617,2.303370786516854,0.2621336731147923,0.7715736040609137,0.6666666666666666,-0.10490693739424706,41,41.0,0.0
Dongsi,7,1,0.09110585065184257,0.09110585065184257,POST_HOC_DIAGNOSTIC_ONLY,0.2338271854287859,0.18103824536855623,-0.05278894006022966,0.03333407109145748,0.05123442011492592,0.01790034902346844,0.140509963287662,0.27664435111669333,0.13613438782903134,0.6464379031030745,0.7096132591564943,0.06317535605341984,0.2338271854287859,0.18103824536855623,-0.05278894006022966,0.0,0.0,0.0,2.0736842105263156,2.292134831460674,0.2184506209343584,0.7448979591836735,0.6811594202898551,-0.06373853889381842,41,41.0,0.0
Dongsi,7,2,0.09110585065184257,0.09110585065184257,POST_HOC_DIAGNOSTIC_ONLY,0.25185405182210946,0.18167382402238882,-0.07018022779972063,0.03276269116820865,0.05242484814913704,0.019662156980928387,0.12770519866744418,0.2886876009808158,0.16098240231337163,0.6379585555411846,0.7108943923831238,0.07293583684193916,0.25185405182210946,0.18167382402238882,-0.07018022779972063,0.0,0.0,0.0,2.2,2.3295454545454546,0.1295454545454544,0.7157360406091371,0.6714975845410628,-0.044238456068074306,39,39.0,0.0
Dongsi,7,3,0.09110585065184257,0.09110585065184257,POST_HOC_DIAGNOSTIC_ONLY,0.2582245177951954,0.17857945767469238,-0.07964506012050301,0.029192026241347216,0.05373198346872116,0.024539957227373947,0.11330272762279399,0.29517905145331225,0.18187632383051827,0.6363270935005553,0.7122581485563446,0.07593105505578934,0.2582245177951954,0.17857945767469238,-0.07964506012050301,0.00510204081632653,0.0,-0.00510204081632653,1.97,2.3255813953488373,0.35558139534883737,0.7653061224489796,0.6714975845410628,-0.09380853790791677,40,40.0,0.0
Dongsi,7,4,0.09110585065184257,0.09110585065184257,POST_HOC_DIAGNOSTIC_ONLY,0.23269368574538798,0.17744097164429162,-0.05525271410109636,0.03911523539018113,0.05246787626084397,0.01335264087066284,0.16914624936720699,0.2865243440963628,0.11737809472915581,0.6570164492494409,0.71420347126235,0.05718702201290904,0.23269368574538798,0.17744097164429162,-0.05525271410109636,0.005128205128205128,0.0,-0.005128205128205128,2.3333333333333335,2.2954545454545454,-0.03787878787878807,0.7282051282051282,0.6714975845410628,-0.056707543664065385,40,40.0,0.0
Dongsi,7,5,0.09110585065184257,0.09110585065184257,POST_HOC_DIAGNOSTIC_ONLY,0.22403515342147517,0.17843729649698825,-0.045597856924486924,0.04023289656047685,0.051289702407182024,0.011056805846705174,0.17546316156139388,0.28523945198928713,0.10977629042789325,0.6666967728862156,0.7127818974764527,0.04608512459023706,0.22403515342147517,0.17843729649698825,-0.045597856924486924,0.00510204081632653,0.0,-0.00510204081632653,2.188888888888889,2.2954545454545454,0.10656565656565631,0.7397959183673469,0.6763285024154589,-0.06346741595188798,40,40.0,0.0
Dongsi,7,6,0.09110585065184257,0.09110585065184257,POST_HOC_DIAGNOSTIC_ONLY,0.2147777416249346,0.17982085047593765,-0.034956891148996944,0.026497079558187156,0.05165329592161509,0.025156216363427936,0.1227423844602775,0.2887929784666459,0.1660505940063684,0.6620226175120961,0.7104107593098852,0.04838814179778905,0.2147777416249346,0.17982085047593765,-0.034956891148996944,0.0,0.0,0.0,1.9603960396039604,2.3333333333333335,0.3729372937293731,0.7563451776649747,0.6699029126213593,-0.08644226504361541,41,41.0,0.0
Dongsi,8,0,0.09110585065184257,0.09110585065184257,POST_HOC_DIAGNOSTIC_ONLY,0.20841274151216985,0.16116701051085353,-0.04724573100131632,0.03937517466709518,0.05086132686892647,0.011486152201831294,0.18777808964249582,0.31581444174452344,0.12803635210202763,0.6913186163840922,0.7296657658342435,0.038347149450151274,0.20841274151216985,0.16116701051085353,-0.04724573100131632,0.0,0.0,0.0,2.011764705882353,2.311688311688312,0.2999236058059589,0.7294117647058823,0.6629834254143646,-0.0664283392915177,42,42.0,0.0
Dongsi,8,1,0.09110585065184257,0.09110585065184257,POST_HOC_DIAGNOSTIC_ONLY,0.21033350771364467,0.16171944462869664,-0.048614063084948034,0.03984512014192593,0.05064442621338142,0.010799306071455496,0.18917860094357514,0.31146120760198226,0.12228260665840712,0.6820449399142741,0.7297921968167222,0.04774725690244819,0.21033350771364467,0.16171944462869664,-0.048614063084948034,0.0,0.0,0.0,2.1625,2.311688311688312,0.1491883116883117,0.7151162790697675,0.6629834254143646,-0.05213285365540288,41,41.0,0.0
Dongsi,8,2,0.09110585065184257,0.09110585065184257,POST_HOC_DIAGNOSTIC_ONLY,0.2106987371574074,0.16308998322894955,-0.04760875392845784,0.04542943254659681,0.05098912739136995,0.005559694844773144,0.21130860637364726,0.30560346297607555,0.09429485660242828,0.6787628190789649,0.7288575070502133,0.0500946879712485,0.2106987371574074,0.16308998322894955,-0.04760875392845784,0.005813953488372093,0.0,-0.005813953488372093,2.276315789473684,2.3157894736842106,0.03947368421052655,0.6918604651162791,0.6629834254143646,-0.028877039701914464,39,39.0,0.0
Dongsi,8,3,0.09110585065184257,0.09110585065184257,POST_HOC_DIAGNOSTIC_ONLY,0.20022408001419004,0.16334057602993002,-0.03688350398426002,0.0338443851266765,0.05016959241513494,0.01632520728845844,0.16898721116237905,0.30671054505319456,0.1377233338908155,0.6804384556574753,0.7285706723762269,0.048132216718751564,0.20022408001419004,0.16334057602993002,-0.03688350398426002,0.0,0.0,0.0,2.0357142857142856,2.3378378378378377,0.30212355212355213,0.7647058823529411,0.6629834254143646,-0.10172245693857651,42,42.0,0.0
Dongsi,8,4,0.09110585065184257,0.09110585065184257,POST_HOC_DIAGNOSTIC_ONLY,0.19079046795816226,0.16440001890314215,-0.02639044905502011,0.025464597666218204,0.05046124632390564,0.024996648657687436,0.13519512146250576,0.30150754654865514,0.16631242508614938,0.6856900362690067,0.7263617589514607,0.040671722682454,0.19079046795816226,0.16440001890314215,-0.02639044905502011,0.0,0.0,0.0,2.1794871794871793,2.3421052631578947,0.1626180836707154,0.727810650887574,0.6574585635359116,-0.07035208735166243,42,42.0,0.0
Dongsi,8,5,0.09110585065184257,0.09110585065184257,POST_HOC_DIAGNOSTIC_ONLY,0.19735385837839164,0.16610531298039424,-0.0312485453979974,0.02761918790814902,0.04981958821321106,0.022200400305062037,0.1417642341816987,0.29787370728995566,0.15610947310825696,0.6826247776075749,0.7260374346050612,0.04341265699748631,0.19735385837839164,0.16610531298039424,-0.0312485453979974,0.0,0.0,0.0,2.125,2.3157894736842106,0.19078947368421062,0.727810650887574,0.6629834254143646,-0.0648272254732094,40,40.0,0.0
Dongsi,8,6,0.09110585065184257,0.09110585065184257,POST_HOC_DIAGNOSTIC_ONLY,0.22330377663532663,0.1644827976489205,-0.05882097898640615,0.02575826872733549,0.05118629883359432,0.025428030106258825,0.11669825881417693,0.3077971742238295,0.19109891540965257,0.6661493670922048,0.7246970798878161,0.05854771279561122,0.22330377663532663,0.1644827976489205,-0.05882097898640615,0.0,0.0,0.0,2.151898734177215,2.3333333333333335,0.18143459915611837,0.7396449704142012,0.6666666666666666,-0.07297830374753456,42,42.0,0.0
Dongsi,8,7,0.09110585065184257,0.09110585065184257,POST_HOC_DIAGNOSTIC_ONLY,0.2203047630272711,0.1642427597616493,-0.0560620032656218,0.03519060402373454,0.05090049926678131,0.015709895243046765,0.16000727655914893,0.3090292436047516,0.14902196704560267,0.6713893091437706,0.7266040568101155,0.05521474766634493,0.2203047630272711,0.1642427597616493,-0.0560620032656218,0.0,0.0,0.0,2.2666666666666666,2.3157894736842106,0.04912280701754401,0.7218934911242604,0.6666666666666666,-0.05522682445759375,41,41.0,0.0
Dongsi,9,0,0.09110585065184257,0.09110585065184257,POST_HOC_DIAGNOSTIC_ONLY,0.1815333476368951,0.1523271044637228,-0.029206243173172303,0.03958645262834411,0.048642456754312086,0.009056004125967979,0.22155679300434367,0.3230317167215412,0.10147492371719752,0.7154808936493929,0.7409757453076165,0.025494851658223516,0.1815333476368951,0.1523271044637228,-0.029206243173172303,0.0,0.0,0.0,2.3230769230769233,2.3582089552238807,0.03513203214695748,0.72,0.6459627329192547,-0.07403726708074532,40,40.0,0.0
Dongsi,9,1,0.09110585065184257,0.09110585065184257,POST_HOC_DIAGNOSTIC_ONLY,0.18916285544248565,0.15296406666169013,-0.03619878878079552,0.04180373003221124,0.05031563361975651,0.00851190358754527,0.22239380166311437,0.3253747863694006,0.10298098470628622,0.7034330127578907,0.7396765976373482,0.03624358487945745,0.18916285544248565,0.15296406666169013,-0.03619878878079552,0.0,0.0,0.0,2.0684931506849313,2.3582089552238807,0.2897158045389494,0.74,0.6521739130434783,-0.08782608695652172,42,42.0,0.0
Dongsi,9,2,0.09110585065184257,0.09110585065184257,POST_HOC_DIAGNOSTIC_ONLY,0.18851372690745466,0.15145682357405407,-0.03705690333340059,0.03631037402879448,0.049814179121156175,0.013503805092361695,0.18783961931604484,0.3296548351452179,0.14181521582917303,0.7035586046765073,0.7409048467451971,0.03734624206868975,0.18851372690745466,0.15145682357405407,-0.03705690333340059,0.0,0.0,0.0,2.1714285714285713,2.3846153846153846,0.21318681318681332,0.7417218543046358,0.6459627329192547,-0.09575912138538112,42,42.0,0.0
Dongsi,9,3,0.09110585065184257,0.09110585065184257,POST_HOC_DIAGNOSTIC_ONLY,0.18238107928232664,0.1519198088160174,-0.030461270466309226,0.035038155376569666,0.04908436512900212,0.014046209752432454,0.1905672716767591,0.3219675991690356,0.1314003274922765,0.6991596533602021,0.7416140903793963,0.04245443701919416,0.18238107928232664,0.1519198088160174,-0.030461270466309226,0.0,0.0,0.0,2.2058823529411766,2.353846153846154,0.1479638009049773,0.7046979865771812,0.6459627329192547,-0.058735253657926534,41,41.0,0.0
Dongsi,9,4,0.09110585065184257,0.09110585065184257,POST_HOC_DIAGNOSTIC_ONLY,0.19669804308370137,0.15128340259903583,-0.045414640484665536,0.03049304768614882,0.04984206153312396,0.01934901384697514,0.1567484228342887,0.3280911006240155,0.17134267778972678,0.6903172387702158,0.7383356450831746,0.04801840631295884,0.19669804308370137,0.15128340259903583,-0.045414640484665536,0.0,0.0,0.0,2.112676056338028,2.3333333333333335,0.22065727699530546,0.7046979865771812,0.65,-0.05469798657718117,44,44.0,0.0
Dongsi,9,5,0.09110585065184257,0.09110585065184257,POST_HOC_DIAGNOSTIC_ONLY,0.2011481717430829,0.15212441087397424,-0.049023760869108646,0.012335235191431948,0.04970068586444956,0.037365450673017615,0.06286193350714793,0.327942871799375,0.26508093829222706,0.6826776748018049,0.7398786948581452,0.05720102005634031,0.2011481717430829,0.15212441087397424,-0.049023760869108646,0.0,0.0,0.0,1.9240506329113924,2.328358208955224,0.4043075760438315,0.7549668874172185,0.65,-0.10496688741721849,37,37.0,0.0
Dongsi,9,6,0.09110585065184257,0.09110585065184257,POST_HOC_DIAGNOSTIC_ONLY,0.19592744057881825,0.14993068938877244,-0.045996751190045815,0.022944891740170174,0.049258126527172506,0.026313234787002333,0.12125043440290753,0.32769661948905676,0.20644618508614923,0.690636643375745,0.7395502708424768,0.04891362746673178,0.19592744057881825,0.14993068938877244,-0.045996751190045815,0.0,0.0,0.0,1.9350649350649352,2.3181818181818183,0.3831168831168832,0.7432432432432432,0.65625,-0.0869932432432432,45,45.0,0.0
Dongsi,9,7,0.09110585065184257,0.09110585065184257,POST_HOC_DIAGNOSTIC_ONLY,0.18335329812512227,0.15171565974209528,-0.031637638383026995,0.04052704249223461,0.04888130132933087,0.008354258837096257,0.2294187465225225,0.3157075798488841,0.08628883332636159,0.7039375813336077,0.739016533197997,0.03507895186438925,0.18335329812512227,0.15171565974209528,-0.031637638383026995,0.0,0.0,0.0,2.380952380952381,2.328358208955224,-0.05259417199715699,0.7583892617449665,0.65,-0.10838926174496644,40,40.0,0.0
Dongsi,9,8,0.09110585065184257,0.09110585065184257,POST_HOC_DIAGNOSTIC_ONLY,0.18179066079764788,0.1535143598125905,-0.028276300985057373,0.04723076152846209,0.049070336323103175,0.0018395747946410856,0.267453878554082,0.3170397377912781,0.049585859237196106,0.708040554275185,0.7384539014227306,0.030413347147545622,0.18179066079764788,0.1535143598125905,-0.028276300985057373,0.0,0.0,0.0,2.4193548387096775,2.328358208955224,-0.09099662975445355,0.7181208053691275,0.65,-0.06812080536912746,45,45.0,0.0
Dongsi,10,0,0.09110585065184257,0.09110585065184257,POST_HOC_DIAGNOSTIC_ONLY,0.19388234782098557,0.14019386799562833,-0.05368847982535724,0.025050479513202353,0.0480730019531326,0.023022522439930245,0.12744720086918573,0.3330591096644795,0.20561190879529376,0.6986964895782453,0.7518113755943483,0.053114886016103036,0.19388234782098557,0.14019386799562833,-0.05368847982535724,0.0,0.0,0.0,1.945945945945946,2.3833333333333333,0.43738738738738725,0.7272727272727273,0.6827586206896552,-0.04451410658307209,42,42.0,0.0
Dongsi,10,1,0.09110585065184257,0.09110585065184257,POST_HOC_DIAGNOSTIC_ONLY,0.18932928241197464,0.14141720338865077,-0.04791207902332387,0.027951162005151204,0.04686567400469542,0.018914511999544217,0.145397098347409,0.3318871782521157,0.18649007990470673,0.7000211847713045,0.7500859048414976,0.050064720070193136,0.18932928241197464,0.14141720338865077,-0.04791207902332387,0.0,0.0,0.0,2.0,2.4237288135593222,0.42372881355932224,0.7692307692307693,0.6827586206896552,-0.08647214854111407,40,40.0,0.0
Dongsi,10,2,0.09110585065184257,0.09110585065184257,POST_HOC_DIAGNOSTIC_ONLY,0.17445104721503407,0.14191329936196959,-0.032537747853064486,0.040539434265267474,0.04672931542622643,0.006189881160958956,0.23121932820248484,0.33189715599381364,0.1006778277913288,0.7132167624471037,0.7489680464404002,0.03575128399329641,0.17445104721503407,0.14191329936196959,-0.032537747853064486,0.0,0.0,0.0,2.0869565217391304,2.4,0.31304347826086953,0.7762237762237763,0.6805555555555556,-0.09566822066822067,41,41.0,0.0
Dongsi,10,3,0.09110585065184257,0.09110585065184257,POST_HOC_DIAGNOSTIC_ONLY,0.17688335590946302,0.14137597966228646,-0.035507376247176564,0.037678320168872056,0.04687928871201357,0.009200968543141515,0.21122406445023653,0.333698071794747,0.12247400734451044,0.7118632847033437,0.7486927861071437,0.036829501403800036,0.17688335590946302,0.14137597966228646,-0.035507376247176564,0.0,0.0,0.0,2.0869565217391304,2.440677966101695,0.3537214443625647,0.7342657342657343,0.6875,-0.04676573426573427,44,44.0,0.0
Dongsi,10,4,0.09110585065184257,0.09110585065184257,POST_HOC_DIAGNOSTIC_ONLY,0.17156527597461702,0.14121106242343381,-0.0303542135511832,0.034372971020857596,0.04758044395131821,0.013207472930460616,0.1984702814199566,0.3352558246945929,0.13678554327463632,0.717669549092447,0.7496363819048844,0.031966832812437396,0.17156527597461702,0.14121106242343381,-0.0303542135511832,0.0,0.0,0.0,1.9066666666666667,2.4237288135593222,0.5170621468926555,0.7816901408450704,0.6875,-0.09419014084507038,43,43.0,0.0
Dongsi,10,5,0.09110585065184257,0.09110585065184257,POST_HOC_DIAGNOSTIC_ONLY,0.1623161230032441,0.14213022154602054,-0.02018590145722357,0.03700149657752059,0.04759216923268556,0.010590672655164973,0.2265972339485798,0.33216667704485847,0.10556944309627866,0.7269862440983855,0.7483285269951586,0.02134228289677309,0.1623161230032441,0.14213022154602054,-0.02018590145722357,0.0,0.0,0.0,2.1343283582089554,2.440677966101695,0.3063496078927397,0.7253521126760564,0.6875,-0.03785211267605637,42,42.0,0.0
Dongsi,10,6,0.09110585065184257,0.09110585065184257,POST_HOC_DIAGNOSTIC_ONLY,0.16704315072508316,0.14151680089402874,-0.025526349831054423,0.03891266066686789,0.04735669893166411,0.00844403826479622,0.23038090580819595,0.33601614044252137,0.10563523463432542,0.7223361320180546,0.7491220472549754,0.026785915236920865,0.16704315072508316,0.14151680089402874,-0.025526349831054423,0.0,0.0,0.0,2.0140845070422535,2.4827586206896552,0.46867411364740175,0.7323943661971831,0.6805555555555556,-0.05183881064162754,42,42.0,0.0
Dongsi,10,7,0.09110585065184257,0.09110585065184257,POST_HOC_DIAGNOSTIC_ONLY,0.16441371901218177,0.14242040654350593,-0.021993312468675835,0.04147879583743795,0.04755670689600896,0.0060779110585710075,0.2491310021687111,0.32896785949408197,0.07983685732537088,0.7233496689885303,0.7492325607778758,0.025882891789345552,0.16441371901218177,0.14242040654350593,-0.021993312468675835,0.0,0.0,0.0,2.2698412698412698,2.440677966101695,0.1708366962604253,0.7253521126760564,0.6805555555555556,-0.04479655712050079,41,41.0,0.0
Dongsi,10,8,0.09110585065184257,0.09110585065184257,POST_HOC_DIAGNOSTIC_ONLY,0.16872094953154823,0.14175343011450756,-0.026967519417040675,0.038510829956286206,0.04811246684121479,0.009601636884928585,0.2253071960181618,0.3344437074998934,0.10913651148173159,0.7214798436488019,0.7491266266248989,0.027646782976097017,0.16872094953154823,0.14175343011450756,-0.026967519417040675,0.0,0.0,0.0,2.1029411764705883,2.4237288135593222,0.3207876370887339,0.7323943661971831,0.6805555555555556,-0.05183881064162754,44,44.0,0.0
Dongsi,10,9,0.09110585065184257,0.09110585065184257,POST_HOC_DIAGNOSTIC_ONLY,0.1803579876538908,0.14150397338399154,-0.03885401426989926,0.029724827497335113,0.047465918809871506,0.017741091312536393,0.16256686955981098,0.3277089904163529,0.1651421208565419,0.7105691750147948,0.7504386496950399,0.039869474680245154,0.1803579876538908,0.14150397338399154,-0.03885401426989926,0.0,0.0,0.0,1.9324324324324325,2.4655172413793105,0.533084808946878,0.7394366197183099,0.6875,-0.05193661971830987,44,44.0,0.0
Dongsi,11,0,0.09110585065184257,0.09110585065184257,POST_HOC_DIAGNOSTIC_ONLY,0.18777863280454887,0.13274276830823584,-0.055035864496313036,0.02187316095502795,0.045775513390804295,0.023902352435776344,0.11464153436251306,0.34882674299394745,0.23418520863143438,0.7065785794437567,0.75738561204998,0.050807032606223324,0.18777863280454887,0.13274276830823584,-0.055035864496313036,0.0,0.0,0.0,2.03125,2.4444444444444446,0.41319444444444464,0.7441860465116279,0.6793893129770993,-0.06479673353452864,42,42.0,0.0
Dongsi,11,1,0.09110585065184257,0.09110585065184257,POST_HOC_DIAGNOSTIC_ONLY,0.17895520073586635,0.13491963114726474,-0.04403556958860161,0.028514842075476502,0.04639850838901561,0.017883666313539107,0.15717133100092723,0.34872005918505006,0.19154872818412283,0.7115026615857153,0.7558584786623459,0.04435581707663061,0.17895520073586635,0.13491963114726474,-0.04403556958860161,0.0,0.0,0.0,1.9402985074626866,2.4444444444444446,0.504145936981758,0.751937984496124,0.6793893129770993,-0.07254867151902478,43,43.0,0.0
Dongsi,11,2,0.09110585065184257,0.09110585065184257,POST_HOC_DIAGNOSTIC_ONLY,0.16559872393821837,0.13578020035224936,-0.02981852358596901,0.03031938994039719,0.04618664661922148,0.015867256678824288,0.18118827638021243,0.33367058689409973,0.1524823105138873,0.7247028369968082,0.7555487077344463,0.030845870737638115,0.16559872393821837,0.13578020035224936,-0.02981852358596901,0.0,0.0,0.0,2.0,2.452830188679245,0.4528301886792452,0.7441860465116279,0.6793893129770993,-0.06479673353452864,42,42.0,0.0
Dongsi,11,3,0.09110585065184257,0.09110585065184257,POST_HOC_DIAGNOSTIC_ONLY,0.15769740368044322,0.13417216882469932,-0.0235252348557439,0.02809838719770252,0.046095000473011224,0.017996613275308704,0.17707729287677879,0.33659125200909695,0.15951395913231817,0.7330967882169757,0.7565942703134153,0.023497482096439648,0.15769740368044322,0.13417216882469932,-0.0235252348557439,0.0,0.0,0.0,2.280701754385965,2.4444444444444446,0.16374269005847975,0.7131782945736435,0.6717557251908397,-0.04142256938280375,43,43.0,0.0
Dongsi,11,4,0.09110585065184257,0.09110585065184257,POST_HOC_DIAGNOSTIC_ONLY,0.14882285611441812,0.1334953624190191,-0.015327493695399014,0.0397526722817151,0.04564915184257802,0.005896479560862922,0.26541191556135624,0.33827346072755765,0.07286154516620141,0.7398094552015895,0.7576940538184522,0.017884598616862757,0.14882285611441812,0.1334953624190191,-0.015327493695399014,0.0,0.0,0.0,2.2203389830508473,2.425925925925926,0.20558694287507873,0.7,0.6793893129770993,-0.020610687022900698,43,43.0,0.0
Dongsi,11,5,0.09110585065184257,0.09110585065184257,POST_HOC_DIAGNOSTIC_ONLY,0.157141326245216,0.13245605626536627,-0.02468526997984974,0.0475961545562928,0.0471264426934985,-0.00046971186279429894,0.30021677171336886,0.35893454696389626,0.058717775250527404,0.731343338885235,0.7588065138332799,0.027463174948044955,0.157141326245216,0.13245605626536627,-0.02468526997984974,0.0,0.0,0.0,2.5686274509803924,2.519230769230769,-0.049396681749623195,0.6923076923076923,0.6717557251908397,-0.020551967116852587,42,42.0,0.0
Dongsi,11,6,0.09110585065184257,0.09110585065184257,POST_HOC_DIAGNOSTIC_ONLY,0.1570134269949711,0.13108784545030064,-0.02592558154467045,0.04306752537699928,0.046809756524065466,0.0037422311470661843,0.27017823933956947,0.3560992262753819,0.0859209869358124,0.7327140283776639,0.7594300600691731,0.026716031691509268,0.1570134269949711,0.13108784545030064,-0.02592558154467045,0.0,0.0,0.0,2.1666666666666665,2.5294117647058822,0.36274509803921573,0.751937984496124,0.6717557251908397,-0.08018225930528433,44,44.0,0.0
Dongsi,11,7,0.09110585065184257,0.09110585065184257,POST_HOC_DIAGNOSTIC_ONLY,0.15343486732163356,0.13156244330435685,-0.02187242401727671,0.03715525923260446,0.04582472822240036,0.008669468989795898,0.23888709126351457,0.3439537575401953,0.10506666627668074,0.7344973212933154,0.7589497116255942,0.02445239033227886,0.15343486732163356,0.13156244330435685,-0.02187242401727671,0.0,0.0,0.0,2.096774193548387,2.5,0.403225806451613,0.7906976744186046,0.6870229007633588,-0.1036747736552458,42,42.0,0.0
Dongsi,11,8,0.09110585065184257,0.09110585065184257,POST_HOC_DIAGNOSTIC_ONLY,0.1536551629958109,0.1314795193852679,-0.022175643610543,0.03177647036792075,0.04656411582372359,0.014787645455802842,0.2035691579201618,0.3425636685466356,0.1389945106264738,0.7347308905905745,0.7602220961239239,0.02549120553334938,0.1536551629958109,0.1314795193852679,-0.022175643610543,0.0,0.0,0.0,1.8840579710144927,2.480769230769231,0.5967112597547382,0.751937984496124,0.6793893129770993,-0.07254867151902478,43,43.0,0.0
Dongsi,11,9,0.09110585065184257,0.09110585065184257,POST_HOC_DIAGNOSTIC_ONLY,0.1665350866690201,0.13272002806424052,-0.03381505860477957,0.02397557724458694,0.04610785361657862,0.02213227637199168,0.1414799546970625,0.33884572953942027,0.19736577484235776,0.7214654105290008,0.7599337917750782,0.03846838124607743,0.1665350866690201,0.13272002806424052,-0.03381505860477957,0.0,0.0,0.0,2.0,2.452830188679245,0.4528301886792452,0.7674418604651163,0.6717557251908397,-0.0956861352742766,43,43.0,0.0
Dongsi,11,10,0.09110585065184257,0.09110585065184257,POST_HOC_DIAGNOSTIC_ONLY,0.16639003532082014,0.13455878350850398,-0.031831251812316164,0.029544552457418428,0.04683165733512077,0.017287104877702342,0.17419374958662323,0.3423089693505089,0.1681152197638857,0.7218998558071105,0.7550331087207817,0.033133252913671196,0.16639003532082014,0.13455878350850398,-0.031831251812316164,0.0,0.0,0.0,1.9253731343283582,2.452830188679245,0.527457054350887,0.734375,0.676923076923077,-0.05745192307692304,43,43.0,0.0
Dongsi,12,0,0.09110585065184257,0.09110585065184257,POST_HOC_DIAGNOSTIC_ONLY,0.1480603818463803,0.12658891856091886,-0.02147146328546143,0.029940938393292663,0.04549335402979212,0.015552415636499457,0.1990768341453256,0.3484923508873797,0.14941551674205408,0.7450556278457404,0.7644841308035832,0.01942850295784282,0.1480603818463803,0.12658891856091886,-0.02147146328546143,0.0,0.0,0.0,2.125,2.4583333333333335,0.3333333333333335,0.7203389830508474,0.6666666666666666,-0.053672316384180796,44,44.0,0.0
Dongsi,12,1,0.09110585065184257,0.09110585065184257,POST_HOC_DIAGNOSTIC_ONLY,0.1604423993515364,0.12751353078878586,-0.03292886856275054,0.03433778543273158,0.04542090990945283,0.011083124476721246,0.21078997887814985,0.3501126964277199,0.13932271754957007,0.7292053153830955,0.76296884574565,0.03376353036255453,0.1604423993515364,0.12751353078878586,-0.03292886856275054,0.0,0.0,0.0,2.38,2.4285714285714284,0.04857142857142849,0.6864406779661016,0.6666666666666666,-0.019774011299435013,43,43.0,0.0
Dongsi,12,2,0.09110585065184257,0.09110585065184257,POST_HOC_DIAGNOSTIC_ONLY,0.17539476798969236,0.12813509441846518,-0.04725967357122718,0.031031691667953106,0.04502243479308431,0.0139907431251312,0.1741982180799519,0.3504183896742004,0.17622017159424852,0.7157486045226903,0.7639718357612487,0.04822323123855843,0.17539476798969236,0.12813509441846518,-0.04725967357122718,0.0,0.0,0.0,2.2452830188679247,2.4791666666666665,0.23388364779874182,0.6610169491525424,0.6666666666666666,0.005649717514124242,43,43.0,0.0
Dongsi,12,3,0.09110585065184257,0.09110585065184257,POST_HOC_DIAGNOSTIC_ONLY,0.16787281437954424,0.1295537502094227,-0.03831906417012154,0.03686606268859823,0.04458778248773729,0.007721719799139055,0.21686841646789692,0.3373376488671152,0.12046923239921828,0.724814186208877,0.7615761416146173,0.03676195540574023,0.16787281437954424,0.1295537502094227,-0.03831906417012154,0.0,0.0,0.0,2.3333333333333335,2.4791666666666665,0.14583333333333304,0.6779661016949152,0.6666666666666666,-0.011299435028248594,44,44.0,0.0
Dongsi,12,4,0.09110585065184257,0.09110585065184257,POST_HOC_DIAGNOSTIC_ONLY,0.15802229990491382,0.12902691721838347,-0.028995382686530347,0.04091335677876854,0.046448169749166025,0.005534812970397485,0.25759047632224713,0.3471375196652047,0.08954704334295754,0.7312722469909735,0.7620124206075148,0.030740173616541355,0.15802229990491382,0.12902691721838347,-0.028995382686530347,0.0,0.0,0.0,2.2641509433962264,2.5,0.23584905660377364,0.7478991596638656,0.6666666666666666,-0.08123249299719892,43,43.0,0.0
Dongsi,12,5,0.09110585065184257,0.09110585065184257,POST_HOC_DIAGNOSTIC_ONLY,0.15664571809589892,0.12782359120435324,-0.028822126891545674,0.03428748036943455,0.04482908525253089,0.010541604883096342,0.21704726583777031,0.344956944017232,0.12790967817946167,0.7322800562863842,0.7629726214963368,0.03069256520995267,0.15664571809589892,0.12782359120435324,-0.028822126891545674,0.0,0.0,0.0,2.2641509433962264,2.5106382978723403,0.24648735447611392,0.7478991596638656,0.6666666666666666,-0.08123249299719892,42,42.0,0.0
Dongsi,12,6,0.09110585065184257,0.09110585065184257,POST_HOC_DIAGNOSTIC_ONLY,0.15599563935916858,0.12615700166077348,-0.029838637698395093,0.027517038152768913,0.04492360258665285,0.01740656443388394,0.17266326250614145,0.35707565368673927,0.18441239118059782,0.7329294558681587,0.7659331447650535,0.033003688896894756,0.15599563935916858,0.12615700166077348,-0.029838637698395093,0.0,0.0,0.0,2.1636363636363636,2.5,0.3363636363636364,0.7542372881355932,0.675,-0.07923728813559316,42,42.0,0.0
Dongsi,12,7,0.09110585065184257,0.09110585065184257,POST_HOC_DIAGNOSTIC_ONLY,0.15135952826294252,0.12478250680139169,-0.02657702146155083,0.026093297712935126,0.04548868506180797,0.019395387348872844,0.16907101575313402,0.3559518997556733,0.1868808840025393,0.7367614621769105,0.7675163835687114,0.030754921391800916,0.15135952826294252,0.12478250680139169,-0.02657702146155083,0.0,0.0,0.0,1.803030303030303,2.4583333333333335,0.6553030303030305,0.7457627118644068,0.675,-0.07076271186440675,44,44.0,0.0
Dongsi,12,8,0.09110585065184257,0.09110585065184257,POST_HOC_DIAGNOSTIC_ONLY,0.14067996468652555,0.12446618261998615,-0.016213782066539395,0.03268876562609195,0.04504566787923228,0.012356902253140331,0.22841473745332183,0.3567109155657151,0.12829617811239327,0.7472294198639454,0.7678870936461986,0.02065767378225314,0.14067996468652555,0.12446618261998615,-0.016213782066539395,0.0,0.0,0.0,2.2452830188679247,2.5319148936170213,0.28663187474909657,0.6864406779661016,0.6666666666666666,-0.019774011299435013,44,44.0,0.0
Dongsi,12,9,0.09110585065184257,0.09110585065184257,POST_HOC_DIAGNOSTIC_ONLY,0.13517803316245589,0.12404036400105009,-0.011137669161405794,0.028894470998803063,0.044873002133764384,0.01597853113496132,0.21009327881305845,0.35578635595789865,0.1456930771448402,0.7532399000148354,0.7681047357310536,0.014864835716218217,0.13517803316245589,0.12404036400105009,-0.011137669161405794,0.0,0.0,0.0,2.38,2.4791666666666665,0.09916666666666663,0.6864406779661016,0.675,-0.011440677966101598,43,43.0,0.0
Dongsi,12,10,0.09110585065184257,0.09110585065184257,POST_HOC_DIAGNOSTIC_ONLY,0.14270317736321614,0.12595963806746255,-0.01674353929575359,0.026705433034151606,0.04565140561383179,0.018945972579680184,0.18355255908949134,0.36424333415987165,0.1806907750703803,0.7458078953910924,0.7624365724189618,0.01662867702786941,0.14270317736321614,0.12595963806746255,-0.01674353929575359,0.0,0.0,0.0,2.1454545454545455,2.4583333333333335,0.312878787878788,0.7264957264957265,0.6638655462184874,-0.0626301802772391,43,43.0,0.0
Dongsi,12,11,0.09110585065184257,0.09110585065184257,POST_HOC_DIAGNOSTIC_ONLY,0.1436085166012858,0.12684478346992767,-0.01676373313135812,0.02837470491567061,0.04602999226687103,0.01765528735120042,0.19393341318756452,0.3514007754924151,0.1574673623048506,0.7455850137546692,0.7627292526672924,0.017144238912623178,0.1436085166012858,0.12684478346992767,-0.01676373313135812,0.0,0.0,0.0,2.3137254901960786,2.4791666666666665,0.16544117647058787,0.7350427350427351,0.6722689075630253,-0.06277382747970983,42,42.0,0.0
Dongsi,13,0,0.09110585065184257,0.09110585065184257,POST_HOC_DIAGNOSTIC_ONLY,0.15640689831647442,0.12329314507301771,-0.03311375324345671,0.027073567481037786,0.04292957889294261,0.015856011411904826,0.1704582301859155,0.350165533650702,0.17970730346478653,0.7388052699115123,0.7687877016423157,0.029982431730803394,0.15640689831647442,0.12329314507301771,-0.03311375324345671,0.0,0.0,0.0,2.037037037037037,2.4444444444444446,0.40740740740740744,0.7522935779816514,0.6756756756756757,-0.07661790230597576,44,44.0,0.0
Dongsi,13,1,0.09110585065184257,0.09110585065184257,POST_HOC_DIAGNOSTIC_ONLY,0.14552089296321397,0.12105213333805541,-0.024468759625158557,0.03213409331345166,0.04340205482686919,0.011267961513417524,0.21713685779642733,0.3572705173841706,0.14013365958774326,0.7446759058930267,0.7711435601528073,0.026467654259780593,0.14552089296321397,0.12105213333805541,-0.024468759625158557,0.0,0.0,0.0,1.9642857142857142,2.5,0.5357142857142858,0.7247706422018348,0.6576576576576577,-0.06711298454417713,43,43.0,0.0
Dongsi,13,2,0.09110585065184257,0.09110585065184257,POST_HOC_DIAGNOSTIC_ONLY,0.1443572130722637,0.119583952525884,-0.02477326054637971,0.028773155854735236,0.04401262055750253,0.015239464702767297,0.19504468876083111,0.3524302963656593,0.1573856076048282,0.7451092773366683,0.7722815731580176,0.02717229582134928,0.1443572130722637,0.119583952525884,-0.02477326054637971,0.0,0.0,0.0,1.8032786885245902,2.477272727272727,0.6739940387481369,0.7522935779816514,0.6666666666666666,-0.08562691131498479,42,42.0,0.0
Dongsi,13,3,0.09110585065184257,0.09110585065184257,POST_HOC_DIAGNOSTIC_ONLY,0.14546440482209946,0.11867791773001939,-0.026786487092080077,0.028289043930224283,0.04424921723021423,0.015960173299989947,0.1899577659644815,0.3672702240615416,0.1773124580970601,0.7440670749243716,0.7740136256703251,0.029946550745953426,0.14546440482209946,0.11867791773001939,-0.026786487092080077,0.0,0.0,0.0,1.8644067796610169,2.477272727272727,0.6128659476117102,0.6972477064220184,0.6666666666666666,-0.030581039755351758,43,43.0,0.0
Dongsi,13,4,0.09110585065184257,0.09110585065184257,POST_HOC_DIAGNOSTIC_ONLY,0.1485219001250733,0.11634795354491673,-0.03217394658015657,0.029875263630704002,0.043540781231115926,0.013665517600411924,0.1975516897985456,0.3609676366185918,0.16341594682004623,0.7401953353050121,0.7752850561215067,0.03508972081649453,0.1485219001250733,0.11634795354491673,-0.03217394658015657,0.0,0.0,0.0,2.2448979591836733,2.4444444444444446,0.19954648526077134,0.6972477064220184,0.6576576576576577,-0.039590048764360675,44,44.0,0.0
Dongsi,13,5,0.09110585065184257,0.09110585065184257,POST_HOC_DIAGNOSTIC_ONLY,0.13935136903939116,0.11773363435977505,-0.021617734679616113,0.030385095510956486,0.043747514856377845,0.013362419345421359,0.21385201461995687,0.36165019934988657,0.1477981847299297,0.7508325825191492,0.7743487748351312,0.02351619231598201,0.13935136903939116,0.11773363435977505,-0.021617734679616113,0.0,0.0,0.0,1.9642857142857142,2.5,0.5357142857142858,0.7431192660550459,0.6576576576576577,-0.08546160839738814,44,44.0,0.0
Dongsi,13,6,0.09110585065184257,0.09110585065184257,POST_HOC_DIAGNOSTIC_ONLY,0.1384001856949352,0.11921090537659672,-0.019189280318338484,0.031113984014754247,0.04435290635052211,0.013238922335767862,0.22048970282247243,0.3704949489647607,0.15000524614228827,0.7508661741683849,0.7698223678705143,0.01895619370212942,0.1384001856949352,0.11921090537659672,-0.019189280318338484,0.0,0.0,0.0,2.204081632653061,2.5714285714285716,0.3673469387755106,0.719626168224299,0.6636363636363637,-0.05598980458793534,42,42.0,0.0
Dongsi,13,7,0.09110585065184257,0.09110585065184257,POST_HOC_DIAGNOSTIC_ONLY,0.13909683278697207,0.11955882715449358,-0.019538005632478497,0.027982356782905126,0.0448323846030203,0.016850027820115177,0.19647892119646293,0.3671049818166597,0.17062606062019675,0.7498818151360351,0.7699387794682313,0.02005696433219617,0.13909683278697207,0.11955882715449358,-0.019538005632478497,0.0,0.0,0.0,2.204081632653061,2.5952380952380953,0.39115646258503434,0.7476635514018691,0.6636363636363637,-0.08402718776550544,43,43.0,0.0
Dongsi,13,8,0.09110585065184257,0.09110585065184257,POST_HOC_DIAGNOSTIC_ONLY,0.14080172737604005,0.12129881957723683,-0.019502907798803218,0.027061055000830468,0.04501867877411345,0.017957623773282985,0.18786615110945074,0.3669415655681428,0.17907541445869204,0.7473401383643279,0.7694434359115051,0.022103297547177214,0.14080172737604005,0.12129881957723683,-0.019502907798803218,0.0,0.0,0.0,2.0961538461538463,2.5,0.40384615384615374,0.7222222222222222,0.6636363636363637,-0.05858585858585852,45,45.0,0.0
Dongsi,13,9,0.09110585065184257,0.09110585065184257,POST_HOC_DIAGNOSTIC_ONLY,0.13805102811436012,0.12401057481083101,-0.014040453303529113,0.028521391108975464,0.04322707412560895,0.014705683016633487,0.2035296841432761,0.345337820714621,0.1418081365713449,0.7501801415279884,0.7654285309172554,0.01524838938926698,0.13805102811436012,0.12401057481083101,-0.014040453303529113,0.0,0.0,0.0,2.056603773584906,2.5348837209302326,0.47827994734532675,0.7222222222222222,0.6727272727272727,-0.04949494949494948,43,43.0,0.0
Dongsi,13,10,0.09110585065184257,0.09110585065184257,POST_HOC_DIAGNOSTIC_ONLY,0.13696659672300243,0.12462412429827742,-0.012342472424725012,0.03442484500410656,0.04393497097591181,0.009510125971805256,0.24844748946297138,0.34729203072279335,0.09884454125982198,0.7508899739192861,0.7659559243876233,0.015065950468337141,0.13696659672300243,0.12462412429827742,-0.012342472424725012,0.0,0.0,0.0,2.2448979591836733,2.5348837209302326,0.2899857617465593,0.7431192660550459,0.6727272727272727,-0.07039199332777313,44,44.0,0.0
Dongsi,13,11,0.09110585065184257,0.09110585065184257,POST_HOC_DIAGNOSTIC_ONLY,0.14550696587288595,0.12295044626296232,-0.022556519609923623,0.034896587699164074,0.043662091466167625,0.008765503767003552,0.2353392842175991,0.35698194659034105,0.12164266237274196,0.7442466874286295,0.7671548710466306,0.022908183618001066,0.14550696587288595,0.12295044626296232,-0.022556519609923623,0.0,0.0,0.0,2.2708333333333335,2.477272727272727,0.2064393939393936,0.6944444444444444,0.6636363636363637,-0.03080808080808073,43,43.0,0.0
Dongsi,13,12,0.09110585065184257,0.09110585065184257,POST_HOC_DIAGNOSTIC_ONLY,0.16158712022929264,0.1236877264253275,-0.03789939380396515,0.030293475822697112,0.043437079956494436,0.013143604133797324,0.18431737071454254,0.3448287315204386,0.16051136080589604,0.7302804518500795,0.7662814192015205,0.03600096735144098,0.16158712022929264,0.1236877264253275,-0.03789939380396515,0.0,0.0,0.0,2.5952380952380953,2.477272727272727,-0.11796536796536827,0.6481481481481481,0.6727272727272727,0.02457912457912459,44,44.0,0.0
Dongsi,14,0,0.09110585065184257,0.09110585065184257,POST_HOC_DIAGNOSTIC_ONLY,0.13178245034823344,0.11878985908555607,-0.012992591262677364,0.02637554195549722,0.041608894764343304,0.015233352808846086,0.19664165218621224,0.34825495375082605,0.1516133015646138,0.7635826370361094,0.7733758392481886,0.009793202212079244,0.13178245034823344,0.11878985908555607,-0.012992591262677364,0.0,0.0,0.0,2.125,2.4523809523809526,0.32738095238095255,0.7128712871287128,0.6601941747572816,-0.052677112371431245,44,44.0,0.0
Dongsi,14,1,0.09110585065184257,0.09110585065184257,POST_HOC_DIAGNOSTIC_ONLY,0.13634376916481802,0.11770478352545818,-0.01863898563935984,0.02429908135638995,0.0426393455595628,0.018340264203172852,0.17510051776479835,0.3565411810415347,0.18144066327673636,0.7546901986623975,0.7740629901377886,0.01937279147539106,0.13634376916481802,0.11770478352545818,-0.01863898563935984,0.0,0.0,0.0,2.0,2.4523809523809526,0.45238095238095255,0.6831683168316832,0.6699029126213593,-0.013265404210323961,44,44.0,0.0
Dongsi,14,2,0.09110585065184257,0.09110585065184257,POST_HOC_DIAGNOSTIC_ONLY,0.13668503427930864,0.11803576079002909,-0.018649273489279555,0.02882137552668733,0.04309896120720179,0.01427758568051446,0.20860855435945036,0.36286236291106716,0.1542538085516168,0.7523971811715047,0.7740924015489085,0.02169522037740379,0.13668503427930864,0.11803576079002909,-0.018649273489279555,0.0,0.0,0.0,2.2888888888888888,2.4285714285714284,0.13968253968253963,0.7156862745098039,0.6601941747572816,-0.05549209975252234,43,43.0,0.0
Dongsi,14,3,0.09110585065184257,0.09110585065184257,POST_HOC_DIAGNOSTIC_ONLY,0.12981604691031248,0.11639916642466142,-0.013416880485651067,0.030117321106160267,0.04197558332411667,0.0118582622179564,0.2291233444318562,0.3514007314122809,0.1222773869804247,0.758723788578927,0.7757567890236418,0.017033000444714785,0.12981604691031248,0.11639916642466142,-0.013416880485651067,0.0,0.0,0.0,2.395348837209302,2.4878048780487805,0.09245604083947834,0.696078431372549,0.6601941747572816,-0.035884256615267396,43,43.0,0.0
Dongsi,14,4,0.09110585065184257,0.09110585065184257,POST_HOC_DIAGNOSTIC_ONLY,0.12622377659644962,0.11526179170096783,-0.010961984895481794,0.03482095723349846,0.04203151226936661,0.007210555035868149,0.2697262646059187,0.35962837635038075,0.08990211174446205,0.7622574882861424,0.7773066709632969,0.015049182677154493,0.12622377659644962,0.11526179170096783,-0.010961984895481794,0.0,0.0,0.0,2.1702127659574466,2.4634146341463414,0.2932018681888948,0.7227722772277227,0.6601941747572816,-0.06257810247044115,43,43.0,0.0
Dongsi,14,5,0.09110585065184257,0.09110585065184257,POST_HOC_DIAGNOSTIC_ONLY,0.12031172721005683,0.11434633263400147,-0.005965394576055355,0.03923321025295306,0.041635971932652956,0.002402761679699897,0.3177980722280994,0.36187029950737065,0.04407222727927124,0.7689773627709731,0.7776917519469374,0.008714389175964343,0.12031172721005683,0.11434633263400147,-0.005965394576055355,0.0,0.0,0.0,2.3181818181818183,2.4634146341463414,0.1452328159645231,0.7029702970297029,0.6699029126213593,-0.03306738440834367,43,43.0,0.0
Dongsi,14,6,0.09110585065184257,0.09110585065184257,POST_HOC_DIAGNOSTIC_ONLY,0.12598418859378321,0.11381415574143457,-0.012170032852348647,0.03863041175440383,0.04310127461882473,0.004470862864420902,0.30025321529041105,0.37219487695912945,0.0719416616687184,0.7628604176249684,0.7746898815690221,0.011829463944053709,0.12598418859378321,0.11381415574143457,-0.012170032852348647,0.0,0.0,0.0,2.148936170212766,2.525,0.37606382978723385,0.75,0.6666666666666666,-0.08333333333333337,44,44.0,0.0
Dongsi,14,7,0.09110585065184257,0.09110585065184257,POST_HOC_DIAGNOSTIC_ONLY,0.1350315902905579,0.113902331054412,-0.021129259236145892,0.032632577921640774,0.04184410352338952,0.009211525601748746,0.23619707598723316,0.36760202817845417,0.131404952191221,0.7518327021910134,0.7751070076581816,0.023274305467168244,0.1350315902905579,0.113902331054412,-0.021129259236145892,0.0,0.0,0.0,2.061224489795918,2.525,0.4637755102040817,0.74,0.6666666666666666,-0.07333333333333336,44,44.0,0.0
Dongsi,14,8,0.09110585065184257,0.09110585065184257,POST_HOC_DIAGNOSTIC_ONLY,0.14332347057466902,0.11409468053851039,-0.029228790036158622,0.024885641676696643,0.043016547433086305,0.018130905756389662,0.16928022820904978,0.37248278270969004,0.20320255450064026,0.7438392947766641,0.7753524378992046,0.0315131431225405,0.14332347057466902,0.11409468053851039,-0.029228790036158622,0.0,0.0,0.0,2.02,2.525,0.5049999999999999,0.78,0.6568627450980392,-0.12313725490196081,44,44.0,0.0
Dongsi,14,9,0.09110585065184257,0.09110585065184257,POST_HOC_DIAGNOSTIC_ONLY,0.15221316670920712,0.11451335670933446,-0.03769980999987266,0.024351726076287248,0.04250939641997392,0.018157670343686674,0.15579053924136305,0.36441316178373184,0.2086226225423688,0.7374831414194938,0.7751263037511351,0.03764316233164133,0.15221316670920712,0.11451335670933446,-0.03769980999987266,0.0,0.0,0.0,2.0833333333333335,2.58974358974359,0.5064102564102564,0.7474747474747475,0.6470588235294118,-0.10041592394533572,43,43.0,0.0
Dongsi,14,10,0.09110585065184257,0.09110585065184257,POST_HOC_DIAGNOSTIC_ONLY,0.15311357514769128,0.11506808910330099,-0.038045486044390286,0.024376056202518686,0.04337286890382209,0.018996812701303403,0.1555538544610271,0.3730870926629894,0.2175332382019623,0.7374095435960394,0.7746172231961291,0.03720767960008975,0.15311357514769128,0.11506808910330099,-0.038045486044390286,0.0,0.0,0.0,1.9230769230769231,2.58974358974359,0.6666666666666667,0.7575757575757576,0.6470588235294118,-0.11051693404634577,44,44.0,0.0
Dongsi,14,11,0.09110585065184257,0.09110585065184257,POST_HOC_DIAGNOSTIC_ONLY,0.1451108645149019,0.11488422994265968,-0.030226634572242228,0.020984239761202533,0.043265880250360954,0.02228164048915842,0.14059894012395782,0.3753118825570401,0.2347129424330823,0.7444592232620065,0.7743106600120789,0.029851436750072402,0.1451108645149019,0.11488422994265968,-0.030226634572242228,0.0,0.0,0.0,2.0833333333333335,2.55,0.46666666666666634,0.7070707070707071,0.6568627450980392,-0.05020796197266786,44,44.0,0.0
Dongsi,14,12,0.09110585065184257,0.09110585065184257,POST_HOC_DIAGNOSTIC_ONLY,0.14320888970018875,0.11624752638936846,-0.026961363310820288,0.022637205429307188,0.043320148882749446,0.020682943453442258,0.15377705491954047,0.3684783437413083,0.2147012888217678,0.7471241560414534,0.7738213028389843,0.02669714679753088,0.14320888970018875,0.11624752638936846,-0.026961363310820288,0.0,0.0,0.0,2.6315789473684212,2.5,-0.13157894736842124,0.6565656565656566,0.6568627450980392,0.0002970885323826389,44,44.0,0.0
Dongsi,14,13,0.09110585065184257,0.09110585065184257,POST_HOC_DIAGNOSTIC_ONLY,0.13955987428768116,0.11817762116674863,-0.02138225312093253,0.023741013321076976,0.042135791139613965,0.01839477781853699,0.16671508821017683,0.35556550083768995,0.18885041262751312,0.7521528192966707,0.7737929436872825,0.021640124390611803,0.13955987428768116,0.11817762116674863,-0.02138225312093253,0.0,0.0,0.0,2.3488372093023258,2.5,0.15116279069767424,0.67,0.6568627450980392,-0.013137254901960826,44,44.0,0.0
Guanyuan,6,0,0.0701460839905611,0.0701460839905611,POST_HOC_DIAGNOSTIC_ONLY,0.23371282333418067,0.16910368855561914,-0.06460913477856153,0.014103801951707656,0.037032889034114835,0.02292908708240718,0.060597859987225854,0.22126584258801454,0.16066798260078868,0.5668316178671597,0.6294133409528045,0.0625817230856448,0.23371282333418067,0.16910368855561914,-0.06460913477856153,0.00425531914893617,0.0,-0.00425531914893617,2.017094017094017,2.2641509433962264,0.24705692630220932,0.7872340425531915,0.6983471074380165,-0.08888693511517498,39,39.0,0.0
Guanyuan,6,1,0.0701460839905611,0.0701460839905611,POST_HOC_DIAGNOSTIC_ONLY,0.22551094154462295,0.1687049984393767,-0.056805943105246254,0.029023492261447747,0.0379804177464319,0.008956925484984151,0.12731269118698252,0.22486442770127685,0.09755173651429433,0.5713253305548319,0.6308845565952216,0.05955922604038966,0.22551094154462295,0.1687049984393767,-0.056805943105246254,0.004219409282700422,0.0,-0.004219409282700422,2.034188034188034,2.2314814814814814,0.19729344729344733,0.759493670886076,0.6983471074380165,-0.061146563448059466,40,40.0,0.0
Guanyuan,6,2,0.0701460839905611,0.0701460839905611,POST_HOC_DIAGNOSTIC_ONLY,0.22758481196134522,0.16602962656011402,-0.0615551854012312,0.028914966968142903,0.038780517729803295,0.009865550761660392,0.1255002156941028,0.22504649010458203,0.09954627441047922,0.5556719926440272,0.6320553282353589,0.0763833355913317,0.22758481196134522,0.16602962656011402,-0.0615551854012312,0.00425531914893617,0.0,-0.00425531914893617,2.0,2.2222222222222223,0.22222222222222232,0.7574468085106383,0.6983471074380165,-0.059099701072621746,40,40.0,0.0
Guanyuan,6,3,0.0701460839905611,0.0701460839905611,POST_HOC_DIAGNOSTIC_ONLY,0.24448883824275178,0.16935522926506497,-0.07513360897768681,0.011380638170925697,0.036858561291579064,0.02547792312065337,0.04577739967008148,0.21903081453293402,0.17325341486285253,0.5395723469839064,0.6295458830867873,0.08997353610288084,0.24448883824275178,0.16935522926506497,-0.07513360897768681,0.004291845493562232,0.0,-0.004291845493562232,2.2718446601941746,2.2222222222222223,-0.049622437971952316,0.6952789699570815,0.6983471074380165,0.0030681374809350404,40,40.0,0.0
Guanyuan,6,4,0.0701460839905611,0.0701460839905611,POST_HOC_DIAGNOSTIC_ONLY,0.23929063544838608,0.17140746088779207,-0.067883174560594,0.013055464853722207,0.03709971538911898,0.02404425053539677,0.05365678150038919,0.21636274304379638,0.1627059615434072,0.5456187778124123,0.6248276886338957,0.0792089108214834,0.23929063544838608,0.17140746088779207,-0.067883174560594,0.008547008547008548,0.0,-0.008547008547008548,2.079646017699115,2.2336448598130842,0.1539988421139693,0.7521367521367521,0.7012448132780082,-0.05089193885874388,39,39.0,0.0
Guanyuan,6,5,0.0701460839905611,0.0701460839905611,POST_HOC_DIAGNOSTIC_ONLY,0.23474738106757218,0.1692631369430389,-0.06548424412453327,0.01150691423445283,0.03677894644348968,0.02527203220903685,0.048746141174080784,0.21512134385490292,0.16637520268082212,0.5549021105436801,0.6268786300949153,0.07197651955123519,0.23474738106757218,0.1692631369430389,-0.06548424412453327,0.00851063829787234,0.0,-0.00851063829787234,1.9666666666666666,2.2336448598130842,0.2669781931464177,0.7872340425531915,0.6970954356846473,-0.09013860686854425,37,37.0,0.0
Guanyuan,7,0,0.0701460839905611,0.0701460839905611,POST_HOC_DIAGNOSTIC_ONLY,0.1894207058978585,0.15150140743547794,-0.03791929846238057,0.021052213580829416,0.03690520508593424,0.015852991505104826,0.10990165233674856,0.23947659427518878,0.1295749419384402,0.5998610834073488,0.6459833606432382,0.046122277235889464,0.1894207058978585,0.15150140743547794,-0.03791929846238057,0.004975124378109453,0.0,-0.004975124378109453,2.02,2.284090909090909,0.26409090909090915,0.7711442786069652,0.6859903381642513,-0.08515394044271396,41,41.0,0.0
Guanyuan,7,1,0.0701460839905611,0.0701460839905611,POST_HOC_DIAGNOSTIC_ONLY,0.20411195531292048,0.1520692609987429,-0.05204269431417757,0.019374502608181,0.03652829631048164,0.017153793702300642,0.09336052065045689,0.24058561480906923,0.14722509415861235,0.5847177328201251,0.6464642061464799,0.061746473326354856,0.20411195531292048,0.1520692609987429,-0.05204269431417757,0.004975124378109453,0.0,-0.004975124378109453,1.9611650485436893,2.2888888888888888,0.3277238403451994,0.7711442786069652,0.6908212560386473,-0.08032302256831791,41,41.0,0.0
Guanyuan,7,2,0.0701460839905611,0.0701460839905611,POST_HOC_DIAGNOSTIC_ONLY,0.21831325679281396,0.1507954317403516,-0.06751782505246237,0.017424944576895706,0.03690479000370239,0.019479845426806686,0.07892459507013933,0.24743247640030297,0.16850788133016364,0.5720282207888695,0.6468978407266293,0.07486961993775976,0.21831325679281396,0.1507954317403516,-0.06751782505246237,0.0,0.0,0.0,2.09375,2.241758241758242,0.1480082417582418,0.745,0.6908212560386473,-0.05417874396135269,39,39.0,0.0
Guanyuan,7,3,0.0701460839905611,0.0701460839905611,POST_HOC_DIAGNOSTIC_ONLY,0.22294229102693533,0.14917945418032272,-0.07376283684661261,0.007582348797855678,0.03727434695813265,0.02969199816027697,0.03331925881272597,0.24524166024077118,0.21192240142804522,0.569913982026504,0.6483827039915295,0.07846872196502552,0.22294229102693533,0.14917945418032272,-0.07376283684661261,0.005,0.0,-0.005,2.01,2.2282608695652173,0.2182608695652175,0.765,0.6859903381642513,-0.07900966183574876,40,40.0,0.0
Guanyuan,7,4,0.0701460839905611,0.0701460839905611,POST_HOC_DIAGNOSTIC_ONLY,0.1985006430955913,0.14921284921618252,-0.049287793879408764,0.02335072710814104,0.036220262842641696,0.012869535734500656,0.11600773305545559,0.2407288805781771,0.12472114752272151,0.5922059691473147,0.6491107547244894,0.05690478557717471,0.1985006430955913,0.14921284921618252,-0.049287793879408764,0.005025125628140704,0.0,-0.005025125628140704,2.197802197802198,2.2637362637362637,0.0659340659340657,0.7587939698492462,0.6859903381642513,-0.07280363168499493,40,40.0,0.0
Guanyuan,7,5,0.0701460839905611,0.0701460839905611,POST_HOC_DIAGNOSTIC_ONLY,0.18702601103961783,0.14882361847287376,-0.03820239256674407,0.027514910540655718,0.03598461005028539,0.008469699509629669,0.1448839448759743,0.2454600823267673,0.100576137450793,0.6036549905248868,0.6492589841894438,0.04560399366455703,0.18702601103961783,0.14882361847287376,-0.03820239256674407,0.005,0.0,-0.005,1.99009900990099,2.2527472527472527,0.26264824284626265,0.74,0.6811594202898551,-0.05884057971014489,40,40.0,0.0
Guanyuan,7,6,0.0701460839905611,0.0701460839905611,POST_HOC_DIAGNOSTIC_ONLY,0.1911696051146945,0.1505680679860067,-0.040601537128687804,0.023523193692910473,0.036568027068501596,0.013044833375591123,0.12113540119139522,0.2454660891497246,0.12433068795832937,0.5967358379138037,0.6451262240006664,0.04839038608686275,0.1911696051146945,0.1505680679860067,-0.040601537128687804,0.005050505050505051,0.0,-0.005050505050505051,2.094736842105263,2.2555555555555555,0.16081871345029253,0.7373737373737373,0.6893203883495146,-0.04805334902422276,41,41.0,0.0
Guanyuan,8,0,0.0701460839905611,0.0701460839905611,POST_HOC_DIAGNOSTIC_ONLY,0.16513226203162773,0.13682888128112247,-0.028303380750505258,0.030129146287040994,0.0344737679682213,0.004344621681180303,0.1793705176113494,0.253668789758734,0.07429827214738463,0.6237042979658628,0.6620648408654597,0.038360542899596894,0.16513226203162773,0.13682888128112247,-0.028303380750505258,0.0,0.0,0.0,1.9886363636363635,2.2564102564102564,0.26777389277389285,0.7586206896551724,0.6795580110497238,-0.07906267860544858,42,42.0,0.0
Guanyuan,8,1,0.0701460839905611,0.0701460839905611,POST_HOC_DIAGNOSTIC_ONLY,0.16803343768551304,0.1356355358646353,-0.032397901820877734,0.027275783539779243,0.0350720673232164,0.00779628378343716,0.15817472913084143,0.2588698426732714,0.10069511354242996,0.6163511320105325,0.6625019333803842,0.046150801369851724,0.16803343768551304,0.1356355358646353,-0.032397901820877734,0.0,0.0,0.0,2.0,2.282051282051282,0.28205128205128194,0.72,0.6795580110497238,-0.040441988950276175,41,41.0,0.0
Guanyuan,8,2,0.0701460839905611,0.0701460839905611,POST_HOC_DIAGNOSTIC_ONLY,0.17794611656161652,0.13621409262979473,-0.04173202393182179,0.028399108299665597,0.035597265151731367,0.007198156852065769,0.15470023040996145,0.2573375675984469,0.10263733718848544,0.6127408406563197,0.6611136772808552,0.04837283662453551,0.17794611656161652,0.13621409262979473,-0.04173202393182179,0.005747126436781609,0.0,-0.005747126436781609,2.2435897435897436,2.282051282051282,0.038461538461538325,0.7126436781609196,0.6740331491712708,-0.038610528989648785,39,39.0,0.0
Guanyuan,8,3,0.0701460839905611,0.0701460839905611,POST_HOC_DIAGNOSTIC_ONLY,0.1860886227198928,0.1368423701418963,-0.0492462525779965,0.018510925768469428,0.035937570756721784,0.017426644988252356,0.09647289626382113,0.2538098603577245,0.15733696409390338,0.6115969850937631,0.6609698032989475,0.049372818205184354,0.1860886227198928,0.1368423701418963,-0.0492462525779965,0.005780346820809248,0.0,-0.005780346820809248,1.9333333333333333,2.2531645569620253,0.319831223628692,0.7341040462427746,0.6740331491712708,-0.060070897071503815,42,42.0,0.0
Guanyuan,8,4,0.0701460839905611,0.0701460839905611,POST_HOC_DIAGNOSTIC_ONLY,0.17881491149818707,0.13627951294228763,-0.04253539855589944,0.017897310742174165,0.03635598970434993,0.018458678962175765,0.0991452628018426,0.2632652705986692,0.16412000779682662,0.6172849101066695,0.6611788083230612,0.04389389821639167,0.17881491149818707,0.13627951294228763,-0.04253539855589944,0.005780346820809248,0.0,-0.005780346820809248,2.0470588235294116,2.2658227848101267,0.21876396128071507,0.7109826589595376,0.6850828729281768,-0.025899786031360783,42,42.0,0.0
Guanyuan,8,5,0.0701460839905611,0.0701460839905611,POST_HOC_DIAGNOSTIC_ONLY,0.1784340262641799,0.13707865059400584,-0.041355375670174055,0.015414661345238966,0.03639872102554653,0.020984059680307567,0.08562162842128046,0.26376788127554185,0.1781462528542614,0.6139436756809488,0.6609523664366367,0.04700869075568792,0.1784340262641799,0.13707865059400584,-0.041355375670174055,0.005747126436781609,0.0,-0.005747126436781609,2.1604938271604937,2.2857142857142856,0.12522045855379194,0.7528735632183908,0.6740331491712708,-0.07884041404712006,40,40.0,0.0
Guanyuan,8,6,0.0701460839905611,0.0701460839905611,POST_HOC_DIAGNOSTIC_ONLY,0.18675331734869866,0.13489748390705059,-0.05185583344164807,0.011589501831713962,0.035613125965217984,0.02402362413350402,0.06112862433100874,0.271017828864467,0.20988920453345827,0.6018666207536233,0.6603800607134042,0.058513439959780866,0.18675331734869866,0.13489748390705059,-0.05185583344164807,0.005780346820809248,0.0,-0.005780346820809248,2.2025316455696204,2.2658227848101267,0.06329113924050622,0.7572254335260116,0.6722222222222223,-0.0850032113037893,42,42.0,0.0
Guanyuan,8,7,0.0701460839905611,0.0701460839905611,POST_HOC_DIAGNOSTIC_ONLY,0.17646258146665741,0.1349482350653101,-0.041514346401347324,0.023757323235414428,0.03596509815871473,0.012207774923300302,0.13262415933766616,0.2573451220093002,0.12472096267163404,0.6096326098554523,0.6606764283038904,0.05104381844843808,0.17646258146665741,0.1349482350653101,-0.041514346401347324,0.0,0.0,0.0,2.2151898734177213,2.282051282051282,0.0668614086335606,0.7586206896551724,0.6777777777777778,-0.08084291187739456,41,41.0,0.0
Guanyuan,9,0,0.0701460839905611,0.0701460839905611,POST_HOC_DIAGNOSTIC_ONLY,0.15366841390306815,0.12436839208124914,-0.02930002182181901,0.020067482454769654,0.03426157674819935,0.014194094293429698,0.12954156807443548,0.279641803765039,0.15010023569060352,0.6472130797580857,0.6746400302330823,0.027426950474996548,0.15366841390306815,0.12436839208124914,-0.02930002182181901,0.0,0.0,0.0,1.9493670886075949,2.2714285714285714,0.32206148282097646,0.7581699346405228,0.6708074534161491,-0.08736248122437373,40,40.0,0.0
Guanyuan,9,1,0.0701460839905611,0.0701460839905611,POST_HOC_DIAGNOSTIC_ONLY,0.15604203967367095,0.12401571720470116,-0.03202632246896979,0.015729994491197177,0.03517795760434115,0.019447963113143972,0.09902672857090421,0.2747456465539179,0.1757189179830137,0.6391466729733029,0.6745945431902575,0.03544787021695461,0.15604203967367095,0.12401571720470116,-0.03202632246896979,0.0,0.0,0.0,1.9746835443037976,2.3088235294117645,0.33413998510796694,0.7483870967741936,0.6645962732919255,-0.08379082348226807,42,42.0,0.0
Guanyuan,9,2,0.0701460839905611,0.0701460839905611,POST_HOC_DIAGNOSTIC_ONLY,0.1538693669517995,0.12347211742275264,-0.030397249529046863,0.014527390487865463,0.03453386487905733,0.020006474391191867,0.09316017235533113,0.27128909083434777,0.17812891847901663,0.638756857399509,0.6746127004020619,0.035855843002552845,0.1538693669517995,0.12347211742275264,-0.030397249529046863,0.0,0.0,0.0,1.9620253164556962,2.264705882352941,0.3026805658972449,0.7597402597402597,0.6645962732919255,-0.09514398644833422,42,42.0,0.0
Guanyuan,9,3,0.0701460839905611,0.0701460839905611,POST_HOC_DIAGNOSTIC_ONLY,0.16202711971746644,0.12636493310630473,-0.03566218661116172,0.02063272071483605,0.03532694233771551,0.014694221622879457,0.1250013005576961,0.27281468216667604,0.14781338160897994,0.6289563142841653,0.6719887783726909,0.04303246408852557,0.16202711971746644,0.12636493310630473,-0.03566218661116172,0.0,0.0,0.0,2.1095890410958904,2.242857142857143,0.13326810176125248,0.7516339869281046,0.6645962732919255,-0.08703771363617907,41,41.0,0.0
Guanyuan,9,4,0.0701460839905611,0.0701460839905611,POST_HOC_DIAGNOSTIC_ONLY,0.1667035744704533,0.12678849732084282,-0.039915077149610484,0.019650659714071882,0.03497384160183505,0.01532318188776317,0.1152203046642941,0.2772492411184493,0.16202893645415517,0.6195349145386718,0.6700659090328711,0.05053099449419929,0.1667035744704533,0.12678849732084282,-0.039915077149610484,0.006535947712418301,0.0,-0.006535947712418301,2.0533333333333332,2.2753623188405796,0.22202898550724637,0.7320261437908496,0.66875,-0.06327614379084967,44,44.0,0.0
Guanyuan,9,5,0.0701460839905611,0.0701460839905611,POST_HOC_DIAGNOSTIC_ONLY,0.17003765095060241,0.12687840996501498,-0.04315924098558743,0.017851642771026594,0.03552823943472988,0.017676596663703286,0.1021636333827166,0.27760364957431694,0.17544001619160032,0.615162256731532,0.6690188954009912,0.05385663866945922,0.17003765095060241,0.12687840996501498,-0.04315924098558743,0.006535947712418301,0.0,-0.006535947712418301,2.1095890410958904,2.2753623188405796,0.1657732777446892,0.7189542483660131,0.6625,-0.05645424836601309,37,37.0,0.0
Guanyuan,9,6,0.0701460839905611,0.0701460839905611,POST_HOC_DIAGNOSTIC_ONLY,0.16480958372780555,0.12652317492357903,-0.03828640880422651,0.018110698863983882,0.034289067008452356,0.016178368144468474,0.10657877507682066,0.27572649265876553,0.16914771758194486,0.6250860309780355,0.6701427334402342,0.04505670246219873,0.16480958372780555,0.12652317492357903,-0.03828640880422651,0.006535947712418301,0.0,-0.006535947712418301,2.0,2.246376811594203,0.2463768115942031,0.7516339869281046,0.66875,-0.08288398692810461,45,45.0,0.0
Guanyuan,9,7,0.0701460839905611,0.0701460839905611,POST_HOC_DIAGNOSTIC_ONLY,0.15506389874199963,0.12673702748337656,-0.02832687125862307,0.02783316670764038,0.034092184694259085,0.0062590179866187055,0.174746265056869,0.26563115251229386,0.09088488745542486,0.6369577875074125,0.6692144483869593,0.03225666087954682,0.15506389874199963,0.12673702748337656,-0.02832687125862307,0.0,0.0,0.0,2.3134328358208953,2.3088235294117645,-0.00460930640913082,0.7012987012987013,0.66875,-0.032548701298701355,40,40.0,0.0
Guanyuan,9,8,0.0701460839905611,0.0701460839905611,POST_HOC_DIAGNOSTIC_ONLY,0.1517218647345974,0.12409370753170698,-0.027628157202890413,0.030992152311076132,0.034610532672647194,0.003618380361571062,0.19948775818451941,0.27933442450995394,0.07984666632543452,0.6404948553919059,0.6714685207640764,0.0309736653721705,0.1517218647345974,0.12409370753170698,-0.027628157202890413,0.0,0.0,0.0,1.9743589743589745,2.2714285714285714,0.2970695970695969,0.738562091503268,0.6625,-0.07606209150326804,45,45.0,0.0
Guanyuan,10,0,0.0701460839905611,0.0701460839905611,POST_HOC_DIAGNOSTIC_ONLY,0.16561220368438748,0.11570253017957119,-0.04990967350481629,0.006049933462931005,0.031725973467532274,0.025676040004601268,0.035769713168165934,0.2774419336438219,0.24167222047565598,0.6352527245016868,0.6835723232020989,0.048319598700412136,0.16561220368438748,0.11570253017957119,-0.04990967350481629,0.0,0.0,0.0,1.8571428571428572,2.3934426229508197,0.5362997658079625,0.7323943661971831,0.6896551724137931,-0.04273919378338997,42,42.0,0.0
Guanyuan,10,1,0.0701460839905611,0.0701460839905611,POST_HOC_DIAGNOSTIC_ONLY,0.15755797033113686,0.11545317713501022,-0.042104793196126644,0.014987172310181911,0.03211443360212271,0.0171272612919408,0.09379643909399692,0.27825629493804976,0.18445985584405283,0.6413693869371538,0.6838769141151921,0.042507527178038296,0.15755797033113686,0.11545317713501022,-0.042104793196126644,0.0,0.0,0.0,2.2,2.4166666666666665,0.21666666666666634,0.7394366197183099,0.696551724137931,-0.04288489558037889,40,40.0,0.0
Guanyuan,10,2,0.0701460839905611,0.0701460839905611,POST_HOC_DIAGNOSTIC_ONLY,0.14495095407360287,0.11478452929178835,-0.030166424781814513,0.025306473551796698,0.03201523334422055,0.006708759792423854,0.1727411800369382,0.27777477978240445,0.10503359974546625,0.6522516919084597,0.6799902457600163,0.027738553851556658,0.14495095407360287,0.11478452929178835,-0.030166424781814513,0.0,0.0,0.0,2.1194029850746268,2.4166666666666665,0.29726368159203975,0.7588652482269503,0.6875,-0.07136524822695034,41,41.0,0.0
Guanyuan,10,3,0.0701460839905611,0.0701460839905611,POST_HOC_DIAGNOSTIC_ONLY,0.14839453601811134,0.11539791474534636,-0.03299662127276498,0.022813434009058987,0.03290207711281233,0.010088643103753344,0.15150345488993364,0.28009833313398563,0.128594878244052,0.6489199897606944,0.6796120247609314,0.030692035000236983,0.14839453601811134,0.11539791474534636,-0.03299662127276498,0.0,0.0,0.0,2.1194029850746268,2.440677966101695,0.3212749810270683,0.7375886524822695,0.6944444444444444,-0.04314420803782504,44,44.0,0.0
Guanyuan,10,4,0.0701460839905611,0.0701460839905611,POST_HOC_DIAGNOSTIC_ONLY,0.14500086375781687,0.11590330852402037,-0.029097555233796507,0.020299268714032686,0.03275904836823809,0.012459779654205406,0.1381175701055891,0.2828524769312091,0.14473490682561999,0.6487321990896981,0.6799086909692372,0.03117649187953908,0.14500086375781687,0.11590330852402037,-0.029097555233796507,0.0,0.0,0.0,2.1044776119402986,2.4166666666666665,0.31218905472636793,0.7357142857142858,0.6944444444444444,-0.041269841269841345,43,43.0,0.0
Guanyuan,10,5,0.0701460839905611,0.0701460839905611,POST_HOC_DIAGNOSTIC_ONLY,0.14044377491937038,0.11787055602110656,-0.022573218898263817,0.02051019260896881,0.03318332909782416,0.012673136488855354,0.14446782784148454,0.276073984979264,0.13160615713777946,0.6555580960384958,0.6775086430598665,0.02195054702137067,0.14044377491937038,0.11787055602110656,-0.022573218898263817,0.0,0.0,0.0,1.88,2.3833333333333333,0.5033333333333334,0.7571428571428571,0.6875,-0.06964285714285712,42,42.0,0.0
Guanyuan,10,6,0.0701460839905611,0.0701460839905611,POST_HOC_DIAGNOSTIC_ONLY,0.14333727137507277,0.11831525062429671,-0.02502202075077606,0.021106460990366855,0.034164599097322945,0.01305813810695609,0.1455332274441101,0.29155300647172966,0.14601977902761956,0.6516395249989814,0.6775477047885766,0.025908179789595254,0.14333727137507277,0.11831525062429671,-0.02502202075077606,0.0070921985815602835,0.0,-0.0070921985815602835,2.0,2.377049180327869,0.37704918032786905,0.723404255319149,0.6944444444444444,-0.02895981087470456,42,42.0,0.0
Guanyuan,10,7,0.0701460839905611,0.0701460839905611,POST_HOC_DIAGNOSTIC_ONLY,0.14092988675059703,0.11742510547146526,-0.023504781279131776,0.021160733245880775,0.03315022849945874,0.011989495253577967,0.14790610545001173,0.29509397855439934,0.1471878731043876,0.6534482550239284,0.6793797481368157,0.025931493112887227,0.14092988675059703,0.11742510547146526,-0.023504781279131776,0.0070921985815602835,0.0,-0.0070921985815602835,2.1846153846153844,2.377049180327869,0.19243379571248465,0.7304964539007093,0.6944444444444444,-0.036052009456264855,41,41.0,0.0
Guanyuan,10,8,0.0701460839905611,0.0701460839905611,POST_HOC_DIAGNOSTIC_ONLY,0.14753510411724807,0.11696832611771543,-0.03056677799953264,0.015921388597657442,0.032229803525241456,0.016308414927584013,0.10507853606588599,0.2703319283873944,0.1652533923215084,0.647904611727415,0.679728567530386,0.03182395580297104,0.14753510411724807,0.11696832611771543,-0.03056677799953264,0.0,0.0,0.0,2.1363636363636362,2.338709677419355,0.20234604105571874,0.7285714285714285,0.7013888888888888,-0.027182539682539697,44,44.0,0.0
Guanyuan,10,9,0.0701460839905611,0.0701460839905611,POST_HOC_DIAGNOSTIC_ONLY,0.16012581030641745,0.11604529480322404,-0.04408051550319342,0.006806940998294301,0.032521759034151713,0.02571481803585741,0.04139321013853565,0.28469962849206204,0.2433064183535264,0.6350483691208696,0.680437584981193,0.045389215860323406,0.16012581030641745,0.11604529480322404,-0.04408051550319342,0.0,0.0,0.0,1.9583333333333333,2.4,0.44166666666666665,0.75,0.6944444444444444,-0.05555555555555558,44,44.0,0.0
Guanyuan,11,0,0.0701460839905611,0.0701460839905611,POST_HOC_DIAGNOSTIC_ONLY,0.1598366049294762,0.10809262960221881,-0.0517439753272574,0.00385826557523598,0.0308344103872374,0.02697614481200142,0.023503332655450945,0.28844682194188187,0.2649434892864309,0.6418371900668399,0.6879390381518664,0.04610184808502649,0.1598366049294762,0.10809262960221881,-0.0517439753272574,0.0,0.0,0.0,1.8823529411764706,2.4,0.5176470588235293,0.7086614173228346,0.6946564885496184,-0.01400492877321624,42,42.0,0.0
Guanyuan,11,1,0.0701460839905611,0.0701460839905611,POST_HOC_DIAGNOSTIC_ONLY,0.15389649541195893,0.11057025263690518,-0.04332624277505376,0.008958594010348665,0.031174474888229983,0.022215880877881317,0.05664570970130838,0.27750602974601146,0.22086032004470307,0.6455271109041328,0.6856635453600515,0.040136434455918635,0.15389649541195893,0.11057025263690518,-0.04332624277505376,0.0,0.0,0.0,1.9692307692307693,2.425925925925926,0.4566951566951567,0.7165354330708661,0.6870229007633588,-0.029512532307507278,43,43.0,0.0
Guanyuan,11,2,0.0701460839905611,0.0701460839905611,POST_HOC_DIAGNOSTIC_ONLY,0.1431263012966525,0.11030393263816132,-0.03282236865849117,0.011828152153303573,0.03140034400728522,0.019572191853981645,0.0805627717532447,0.2878574032999662,0.20729463154672148,0.6543769245210141,0.6862295584838195,0.031852633962805355,0.1431263012966525,0.11030393263816132,-0.03282236865849117,0.0,0.0,0.0,1.9104477611940298,2.4,0.4895522388059701,0.7559055118110236,0.6870229007633588,-0.0688826110476648,42,42.0,0.0
Guanyuan,11,3,0.0701460839905611,0.0701460839905611,POST_HOC_DIAGNOSTIC_ONLY,0.1344424799265493,0.10943124956320813,-0.025011230363341186,0.012601492151136868,0.03066585005228551,0.018064357901148645,0.09320980808330818,0.28765944888989514,0.19444964080658694,0.6636240890838575,0.6865039253940455,0.022879836310187973,0.1344424799265493,0.10943124956320813,-0.025011230363341186,0.0,0.0,0.0,2.0634920634920637,2.4074074074074074,0.34391534391534373,0.7596899224806202,0.6870229007633588,-0.07266702171726136,43,43.0,0.0
Guanyuan,11,4,0.0701460839905611,0.0701460839905611,POST_HOC_DIAGNOSTIC_ONLY,0.12823578748563233,0.10927627252041555,-0.018959514965216778,0.02294580946706714,0.031628668418070424,0.008682858951003285,0.1783935384981412,0.28853853682947084,0.11014499833132962,0.6691807904257535,0.6870208078040653,0.017840017378311757,0.12823578748563233,0.10927627252041555,-0.018959514965216778,0.0,0.0,0.0,2.4339622641509435,2.4444444444444446,0.01048218029350112,0.65625,0.6870229007633588,0.030772900763358813,43,43.0,0.0
Guanyuan,11,5,0.0701460839905611,0.0701460839905611,POST_HOC_DIAGNOSTIC_ONLY,0.1350667716896993,0.1081626751122942,-0.0269040965774051,0.02993991912929372,0.031019135624060792,0.001079216494767072,0.21788200771016156,0.2882615422047924,0.07037953449463083,0.662360002769637,0.6877301231297278,0.025370120360090787,0.1350667716896993,0.1081626751122942,-0.0269040965774051,0.007874015748031496,0.0,-0.007874015748031496,2.327272727272727,2.4444444444444446,0.11717171717171748,0.7165354330708661,0.6870229007633588,-0.029512532307507278,42,42.0,0.0
Guanyuan,11,6,0.0701460839905611,0.0701460839905611,POST_HOC_DIAGNOSTIC_ONLY,0.13164224246482606,0.10900553389878298,-0.02263670856604308,0.026166078758691428,0.03149661600100933,0.005330537242317902,0.1955075724072997,0.28602589695880953,0.09051832455150982,0.6633458894976302,0.6876493632836203,0.02430347378599007,0.13164224246482606,0.10900553389878298,-0.02263670856604308,0.0,0.0,0.0,2.1147540983606556,2.4,0.28524590163934427,0.71875,0.6946564885496184,-0.024093511450381633,44,44.0,0.0
Guanyuan,11,7,0.0701460839905611,0.0701460839905611,POST_HOC_DIAGNOSTIC_ONLY,0.13012549482283078,0.11003786206780215,-0.02008763275502863,0.020450246084693178,0.03204719318776618,0.011596947103073001,0.15418870278657207,0.29459269836994134,0.14040399558336927,0.6636862623464076,0.6879422651669708,0.02425600282056317,0.13012549482283078,0.11003786206780215,-0.02008763275502863,0.0,0.0,0.0,1.9545454545454546,2.425925925925926,0.47138047138047146,0.75,0.6946564885496184,-0.05534351145038163,42,42.0,0.0
Guanyuan,11,8,0.0701460839905611,0.0701460839905611,POST_HOC_DIAGNOSTIC_ONLY,0.12534815838708177,0.10897100496063206,-0.016377153426449714,0.01549103491680611,0.031456576186699586,0.015965541269893475,0.12095123648342176,0.2931162675387612,0.17216503105533942,0.6655460749239765,0.6881300001357489,0.022583925211772327,0.12534815838708177,0.10897100496063206,-0.016377153426449714,0.0,0.0,0.0,2.0476190476190474,2.4,0.35238095238095246,0.7421875,0.6946564885496184,-0.04753101145038163,43,43.0,0.0
Guanyuan,11,9,0.0701460839905611,0.0701460839905611,POST_HOC_DIAGNOSTIC_ONLY,0.13447018103711464,0.10850909968669953,-0.02596108135041511,0.009424683464759448,0.03182657172704324,0.022401888262283794,0.06859772381903119,0.29085379492787305,0.22225607110884188,0.659123584226891,0.6878645886402192,0.028741004413328164,0.13447018103711464,0.10850909968669953,-0.02596108135041511,0.0,0.0,0.0,2.0,2.425925925925926,0.42592592592592604,0.7716535433070866,0.6870229007633588,-0.08463064254372776,43,43.0,0.0
Guanyuan,11,10,0.0701460839905611,0.0701460839905611,POST_HOC_DIAGNOSTIC_ONLY,0.1382560390158088,0.10819465647479844,-0.03006138254101036,0.013756662018483641,0.03173545221890005,0.017978790200416407,0.09708538871050512,0.3003999301058353,0.2033145413953302,0.655836987536753,0.6847790895662312,0.028942102029478223,0.1382560390158088,0.10819465647479844,-0.03006138254101036,0.0,0.0,0.0,2.081967213114754,2.425925925925926,0.3439587128111721,0.7063492063492064,0.676923076923077,-0.029426129426129433,43,43.0,0.0
Guanyuan,12,0,0.0701460839905611,0.0701460839905611,POST_HOC_DIAGNOSTIC_ONLY,0.11827072231741377,0.10300728072376847,-0.015263441593645302,0.015749749966080178,0.031010589128311596,0.015260839162231418,0.13058003202612725,0.3007591579488779,0.17017912592275067,0.6803885277499064,0.6928488213365873,0.012460293586680882,0.11827072231741377,0.10300728072376847,-0.015263441593645302,0.0,0.0,0.0,2.0344827586206895,2.4,0.3655172413793104,0.7350427350427351,0.6833333333333333,-0.05170940170940175,44,44.0,0.0
Guanyuan,12,1,0.0701460839905611,0.0701460839905611,POST_HOC_DIAGNOSTIC_ONLY,0.12819164571780023,0.10373532040260894,-0.02445632531519129,0.01722213035044234,0.03068095858464177,0.01345882823419943,0.13151155114644944,0.298088660978164,0.16657710983171456,0.6684349298659324,0.6921064807813472,0.02367155091541473,0.12819164571780023,0.10373532040260894,-0.02445632531519129,0.0,0.0,0.0,2.185185185185185,2.42,0.2348148148148148,0.717948717948718,0.6833333333333333,-0.0346153846153846,43,43.0,0.0
Guanyuan,12,2,0.0701460839905611,0.0701460839905611,POST_HOC_DIAGNOSTIC_ONLY,0.14199524120687737,0.10273886858400742,-0.03925637262286995,0.012924070770510707,0.03016773362027711,0.017243662849766403,0.08872331928613013,0.2893621568954072,0.20063883760927703,0.6539577646533699,0.6931622563136208,0.03920449166025097,0.14199524120687737,0.10273886858400742,-0.03925637262286995,0.0,0.0,0.0,2.0,2.42,0.41999999999999993,0.6837606837606838,0.6916666666666667,0.007905982905982878,43,43.0,0.0
Guanyuan,12,3,0.0701460839905611,0.0701460839905611,POST_HOC_DIAGNOSTIC_ONLY,0.14115228298933474,0.10464455402899954,-0.0365077289603352,0.01790485432184279,0.03007211819484199,0.012167263872999202,0.1252399983550062,0.2845348826321021,0.15929488427709587,0.6566422815585294,0.6924173309560123,0.03577504939748288,0.14115228298933474,0.10464455402899954,-0.0365077289603352,0.0,0.0,0.0,2.016949152542373,2.4,0.3830508474576271,0.6694915254237288,0.6833333333333333,0.013841807909604542,44,44.0,0.0
Guanyuan,12,4,0.0701460839905611,0.0701460839905611,POST_HOC_DIAGNOSTIC_ONLY,0.1347091337976388,0.10385221036916689,-0.030856923428471905,0.022996640669919754,0.030302737394254455,0.007306096724334701,0.16864552948341366,0.2979955913937922,0.12935006191037857,0.6620102537058011,0.6933626360190244,0.03135238231322324,0.1347091337976388,0.10385221036916689,-0.030856923428471905,0.0,0.0,0.0,2.2264150943396226,2.42,0.19358490566037734,0.6923076923076923,0.6833333333333333,-0.008974358974358942,43,43.0,0.0
Guanyuan,12,5,0.0701460839905611,0.0701460839905611,POST_HOC_DIAGNOSTIC_ONLY,0.1344298264835278,0.10395323615252904,-0.030476590330998768,0.017899977836895117,0.03010713805682207,0.012207160219926953,0.13186435353166603,0.29497102229325556,0.16310666876158952,0.6622973540938277,0.692519744672259,0.030222390578431235,0.1344298264835278,0.10395323615252904,-0.030476590330998768,0.0,0.0,0.0,2.1454545454545455,2.42,0.2745454545454544,0.7094017094017094,0.6833333333333333,-0.026068376068376087,42,42.0,0.0
Guanyuan,12,6,0.0701460839905611,0.0701460839905611,POST_HOC_DIAGNOSTIC_ONLY,0.13357317782776112,0.10221426551917352,-0.0313589123085876,0.012845414790324252,0.02981962981305482,0.016974215022730568,0.093508014213218,0.2923149902211325,0.1988069760079145,0.6633918105323677,0.6943541249492874,0.030962314416919656,0.13357317782776112,0.10221426551917352,-0.0313589123085876,0.0,0.0,0.0,1.9830508474576272,2.4,0.41694915254237275,0.7155172413793104,0.6833333333333333,-0.03218390804597704,42,42.0,0.0
Guanyuan,12,7,0.0701460839905611,0.0701460839905611,POST_HOC_DIAGNOSTIC_ONLY,0.12882915154330127,0.10117177405674249,-0.027657377486558776,0.009300319107263123,0.03098914309007983,0.021688823982816706,0.06999494549662559,0.31013871444930496,0.24014376895267936,0.6665698202977145,0.6962575361523925,0.029687715854678,0.12882915154330127,0.10117177405674249,-0.027657377486558776,0.0,0.0,0.0,1.9830508474576272,2.42,0.43694915254237277,0.7413793103448276,0.6833333333333333,-0.058045977011494276,44,44.0,0.0
Guanyuan,12,8,0.0701460839905611,0.0701460839905611,POST_HOC_DIAGNOSTIC_ONLY,0.1189044425901111,0.10150926568315656,-0.017395176906954538,0.013681712501480422,0.031071847192395714,0.017390134690915292,0.11204068317983407,0.3080168236754445,0.1959761404956104,0.6758796063388245,0.6963361406578839,0.02045653431905936,0.1189044425901111,0.10150926568315656,-0.017395176906954538,0.0,0.0,0.0,1.8571428571428572,2.42,0.5628571428571427,0.75,0.6833333333333333,-0.06666666666666665,44,44.0,0.0
Guanyuan,12,9,0.0701460839905611,0.0701460839905611,POST_HOC_DIAGNOSTIC_ONLY,0.11691603762917889,0.10173922258602769,-0.015176815043151201,0.011769067072919123,0.030033479068981062,0.01826441199606194,0.09810140164047881,0.30472688146906723,0.20662547982858842,0.6789275820323704,0.6953602644871432,0.016432682454772807,0.11691603762917889,0.10173922258602769,-0.015176815043151201,0.0,0.0,0.0,2.0,2.4,0.3999999999999999,0.782608695652174,0.6833333333333333,-0.0992753623188406,43,43.0,0.0
Guanyuan,12,10,0.0701460839905611,0.0701460839905611,POST_HOC_DIAGNOSTIC_ONLY,0.12104524351085019,0.10222051929725125,-0.018824724213598945,0.009637478631664606,0.031148404453770533,0.021510925822105925,0.07769323153558876,0.3034663040798754,0.22577307254428663,0.6726239970853012,0.6901718537533277,0.017547856668026496,0.12104524351085019,0.10222051929725125,-0.018824724213598945,0.0,0.0,0.0,1.9333333333333333,2.4583333333333335,0.5250000000000001,0.808695652173913,0.6890756302521008,-0.1196200219218122,43,43.0,0.0
Guanyuan,12,11,0.0701460839905611,0.0701460839905611,POST_HOC_DIAGNOSTIC_ONLY,0.11667811761327117,0.10253139813373216,-0.014146719479539008,0.013535559107489182,0.031077275581898198,0.017541716474409018,0.11314741757501451,0.3044581804517367,0.19131076287672222,0.6769038767273974,0.6907007266596198,0.01379684993222241,0.11667811761327117,0.10253139813373216,-0.014146719479539008,0.0,0.0,0.0,2.0350877192982457,2.5,0.4649122807017543,0.782608695652174,0.6722689075630253,-0.11033978808914868,42,42.0,0.0
Guanyuan,13,0,0.0701460839905611,0.0701460839905611,POST_HOC_DIAGNOSTIC_ONLY,0.1343055885355636,0.09971376255048728,-0.03459182598507632,0.009760581362869997,0.02874496933103506,0.01898438796816506,0.0706912133762627,0.2853872739662658,0.21469606059000307,0.667621465517594,0.6983968362328081,0.03077537071521408,0.1343055885355636,0.09971376255048728,-0.03459182598507632,0.0,0.0,0.0,1.9285714285714286,2.4130434782608696,0.484472049689441,0.7289719626168224,0.6846846846846847,-0.044287277932137714,44,44.0,0.0
Guanyuan,13,1,0.0701460839905611,0.0701460839905611,POST_HOC_DIAGNOSTIC_ONLY,0.12359332242182382,0.0977644771845487,-0.02582884523727512,0.015297461320847463,0.02947083174867768,0.014173370427830215,0.12043997311597081,0.29162246722470475,0.17118249410873393,0.6751926340217429,0.699810568719843,0.02461793469810014,0.12359332242182382,0.0977644771845487,-0.02582884523727512,0.0,0.0,0.0,1.9285714285714286,2.4347826086956523,0.5062111801242237,0.7663551401869159,0.6756756756756757,-0.0906794645112402,43,43.0,0.0
Guanyuan,13,2,0.0701460839905611,0.0701460839905611,POST_HOC_DIAGNOSTIC_ONLY,0.1214165683157271,0.09768593896289203,-0.02373062935283507,0.012857153423339908,0.029110795396361192,0.016253641973021284,0.10267381445640918,0.30088258250853755,0.1982087680521284,0.6762872979937499,0.7005709326699358,0.024283634676185883,0.1214165683157271,0.09768593896289203,-0.02373062935283507,0.0,0.0,0.0,1.9636363636363636,2.4130434782608696,0.449407114624506,0.7757009345794392,0.6756756756756757,-0.10002525890376357,42,42.0,0.0
Guanyuan,13,3,0.0701460839905611,0.0701460839905611,POST_HOC_DIAGNOSTIC_ONLY,0.12237704379468485,0.09496558063342611,-0.02741146316125874,0.011849181971086744,0.02871191006890767,0.016862728097820925,0.0948049351654238,0.30111478136870173,0.2063098462032779,0.6740685080232959,0.702934418281864,0.028865910258568106,0.12237704379468485,0.09496558063342611,-0.02741146316125874,0.0,0.0,0.0,2.056603773584906,2.4347826086956523,0.37817883511074646,0.7222222222222222,0.6756756756756757,-0.04654654654654655,43,43.0,0.0
Guanyuan,13,4,0.0701460839905611,0.0701460839905611,POST_HOC_DIAGNOSTIC_ONLY,0.12435282640327211,0.09381658024562567,-0.03053624615764644,0.010943674000644513,0.029322436656346762,0.01837876265570225,0.08681073725029585,0.30880108450700133,0.22199034725670547,0.6703556093422909,0.7039855745273721,0.03362996518508121,0.12435282640327211,0.09381658024562567,-0.03053624615764644,0.0,0.0,0.0,2.056603773584906,2.466666666666667,0.4100628930817609,0.6851851851851852,0.6756756756756757,-0.009509509509509573,44,44.0,0.0
Guanyuan,13,5,0.0701460839905611,0.0701460839905611,POST_HOC_DIAGNOSTIC_ONLY,0.11480711935883453,0.09474229441622495,-0.020064824942609583,0.011131083843558126,0.028898306160558006,0.01776722231699988,0.09576076808714776,0.30311038618240155,0.2073496180952538,0.6811605134804649,0.7028820862317199,0.02172157275125497,0.11480711935883453,0.09474229441622495,-0.020064824942609583,0.0,0.0,0.0,1.894736842105263,2.4347826086956523,0.5400457665903893,0.7009345794392523,0.6756756756756757,-0.025258903763576646,44,44.0,0.0
Guanyuan,13,6,0.0701460839905611,0.0701460839905611,POST_HOC_DIAGNOSTIC_ONLY,0.11198125659939609,0.09630582959695243,-0.015675427002443662,0.01072715125853629,0.029801822599366565,0.019074671340830275,0.09433476260407542,0.3014035849628332,0.2070688223587578,0.6815633876255489,0.6970285666702711,0.015465179044722221,0.11198125659939609,0.09630582959695243,-0.015675427002443662,0.0,0.0,0.0,2.0377358490566038,2.4444444444444446,0.4067085953878409,0.719626168224299,0.6818181818181818,-0.03780798640611727,42,42.0,0.0
Guanyuan,13,7,0.0701460839905611,0.0701460839905611,POST_HOC_DIAGNOSTIC_ONLY,0.11126966554522065,0.09650224251362123,-0.01476742303159942,0.012187260580680736,0.029660225586871144,0.01747296500619041,0.10731733561575259,0.30028087453940766,0.1929635389236551,0.6824715796182608,0.6973291827926409,0.014857603174380118,0.11126966554522065,0.09650224251362123,-0.01476742303159942,0.0,0.0,0.0,2.076923076923077,2.4444444444444446,0.36752136752136755,0.7289719626168224,0.6818181818181818,-0.04715378079864063,43,43.0,0.0
Guanyuan,13,8,0.0701460839905611,0.0701460839905611,POST_HOC_DIAGNOSTIC_ONLY,0.11326534505979333,0.09684674993441852,-0.016418595125374802,0.01194009942378282,0.0291610756528167,0.01722097622903388,0.10288450857571467,0.29859573266072237,0.19571122408500768,0.679563923283159,0.6959725580960905,0.016408634812931533,0.11326534505979333,0.09684674993441852,-0.016418595125374802,0.0,0.0,0.0,2.0377358490566038,2.4444444444444446,0.4067085953878409,0.7663551401869159,0.6818181818181818,-0.0845369583687341,45,45.0,0.0
Guanyuan,13,9,0.0701460839905611,0.0701460839905611,POST_HOC_DIAGNOSTIC_ONLY,0.11214879304205255,0.0993397751528198,-0.012809017889232749,0.014160662485644683,0.03009234241024055,0.01593167992459587,0.12264814495619014,0.3048923785774872,0.18224423362129705,0.6815801431529805,0.6945886819346794,0.01300853878169883,0.11214879304205255,0.0993397751528198,-0.012809017889232749,0.0,0.0,0.0,2.018867924528302,2.4130434782608696,0.3941755537325675,0.7547169811320755,0.6818181818181818,-0.07289879931389376,43,43.0,0.0
Guanyuan,13,10,0.0701460839905611,0.0701460839905611,POST_HOC_DIAGNOSTIC_ONLY,0.11249687637942084,0.09760725610246848,-0.014889620276952356,0.018156984827162683,0.029410732287986446,0.011253747460823763,0.15678221256929484,0.3014658272744322,0.14468361470513738,0.6825798448152027,0.6954402988619482,0.012860454046745518,0.11249687637942084,0.09760725610246848,-0.014889620276952356,0.0,0.0,0.0,2.3777777777777778,2.4545454545454546,0.07676767676767682,0.7452830188679245,0.6818181818181818,-0.0634648370497427,44,44.0,0.0
Guanyuan,13,11,0.0701460839905611,0.0701460839905611,POST_HOC_DIAGNOSTIC_ONLY,0.11750629627383039,0.09866527824983053,-0.01884101802399986,0.020398223970649956,0.02944317908396268,0.009044955113312724,0.16901138182294262,0.29413518047050013,0.12512379864755752,0.6787683044559031,0.6943826512617542,0.015614346805851165,0.11750629627383039,0.09866527824983053,-0.01884101802399986,0.0,0.0,0.0,2.4545454545454546,2.466666666666667,0.0121212121212122,0.7102803738317757,0.6818181818181818,-0.0284621920135939,43,43.0,0.0
Guanyuan,13,12,0.0701460839905611,0.0701460839905611,POST_HOC_DIAGNOSTIC_ONLY,0.1367285318572681,0.10020567615021582,-0.036522855707052285,0.01410658331484613,0.02984049268403686,0.01573390936919073,0.09963453651906345,0.29918815057136733,0.19955361405230387,0.661070950533665,0.693544356923168,0.03247340638950291,0.1367285318572681,0.10020567615021582,-0.036522855707052285,0.0,0.0,0.0,2.2291666666666665,2.4444444444444446,0.21527777777777812,0.6415094339622641,0.6727272727272727,0.03121783876500861,44,44.0,0.0
Guanyuan,14,0,0.0701460839905611,0.0701460839905611,POST_HOC_DIAGNOSTIC_ONLY,0.11149943659975628,0.09439898665751077,-0.017100449942245508,0.009348382343774135,0.028318852376550335,0.0189704700327762,0.0818128734731828,0.29728894068226697,0.21547606720908416,0.6914476271908787,0.7029257466380175,0.011478119447138835,0.11149943659975628,0.09439898665751077,-0.017100449942245508,0.0,0.0,0.0,2.272727272727273,2.4186046511627906,0.14587737843551762,0.6767676767676768,0.6796116504854369,0.0028439737177601287,44,44.0,0.0
Guanyuan,14,1,0.0701460839905611,0.0701460839905611,POST_HOC_DIAGNOSTIC_ONLY,0.11314261960298311,0.09530080112056842,-0.017841818482414687,0.008091551540813357,0.02776199631679113,0.01967044477597777,0.06992320400951635,0.2976048653338046,0.22768166132428824,0.6867442584894791,0.7031416370919316,0.016397378602452495,0.11314261960298311,0.09530080112056842,-0.017841818482414687,0.0,0.0,0.0,2.0408163265306123,2.4186046511627906,0.37778832463217826,0.7171717171717171,0.6796116504854369,-0.0375600666862802,44,44.0,0.0
Guanyuan,14,2,0.0701460839905611,0.0701460839905611,POST_HOC_DIAGNOSTIC_ONLY,0.11385039704853317,0.09482170595029235,-0.01902869109824082,0.012470567985021812,0.027692069605196174,0.015221501620174362,0.10714805989820787,0.29624006001876196,0.1890920001205541,0.6836569073364428,0.7040787794913874,0.02042187215494462,0.11385039704853317,0.09482170595029235,-0.01902869109824082,0.0,0.0,0.0,1.9803921568627452,2.3636363636363638,0.3832442067736186,0.71,0.6796116504854369,-0.03038834951456304,43,43.0,0.0
Guanyuan,14,3,0.0701460839905611,0.0701460839905611,POST_HOC_DIAGNOSTIC_ONLY,0.10748966008343193,0.09408721843816062,-0.01340244164527131,0.015618988913573736,0.027232961031284777,0.01161397211771104,0.14191880073397498,0.2895577455335057,0.14763894479953074,0.6893740064860049,0.7046451385326633,0.01527113204665842,0.10748966008343193,0.09408721843816062,-0.01340244164527131,0.0,0.0,0.0,2.061224489795918,2.3636363636363638,0.30241187384044554,0.7,0.6796116504854369,-0.02038834951456303,43,43.0,0.0
Guanyuan,14,4,0.0701460839905611,0.0701460839905611,POST_HOC_DIAGNOSTIC_ONLY,0.10141914155609343,0.09173972651259277,-0.009679415043500658,0.021018459265703414,0.02762113401922622,0.006602674753522806,0.20093952446209784,0.30600613928118464,0.1050666148190868,0.693255720404696,0.7066508043559069,0.013395083951210918,0.10141914155609343,0.09173972651259277,-0.009679415043500658,0.0,0.0,0.0,2.3255813953488373,2.4285714285714284,0.10299003322259104,0.6666666666666666,0.6796116504854369,0.012944983818770295,43,43.0,0.0
Guanyuan,14,5,0.0701460839905611,0.0701460839905611,POST_HOC_DIAGNOSTIC_ONLY,0.09331587410377686,0.09088933865530291,-0.002426535448473946,0.026742293833733666,0.0278868160046553,0.001144522170921633,0.27784605244074123,0.3015534130057885,0.023707360565047242,0.7021858909686467,0.7064746039794223,0.004288713010775602,0.09331587410377686,0.09088933865530291,-0.002426535448473946,0.0,0.0,0.0,2.302325581395349,2.4523809523809526,0.15005537098560362,0.7244897959183674,0.6796116504854369,-0.04487814543293045,43,43.0,0.0
Guanyuan,14,6,0.0701460839905611,0.0701460839905611,POST_HOC_DIAGNOSTIC_ONLY,0.0959299254286577,0.09179304473465211,-0.0041368806940055985,0.024379005398807753,0.02942881701133372,0.005049811612525969,0.24809237744157522,0.3193682186654382,0.07127584122386296,0.6962071201659988,0.7008771916427263,0.004670071476727489,0.0959299254286577,0.09179304473465211,-0.0041368806940055985,0.0,0.0,0.0,2.0408163265306123,2.4634146341463414,0.42259830761572914,0.7272727272727273,0.6666666666666666,-0.06060606060606066,44,44.0,0.0
Guanyuan,14,7,0.0701460839905611,0.0701460839905611,POST_HOC_DIAGNOSTIC_ONLY,0.10542969443798945,0.09167017972972721,-0.013759514708262241,0.017433892996082195,0.028487353930071783,0.011053460933989588,0.16082824342110263,0.30865900977872845,0.14783076635762582,0.6857976113379279,0.7003314937869008,0.014533882448972912,0.10542969443798945,0.09167017972972721,-0.013759514708262241,0.0,0.0,0.0,2.3255813953488373,2.4878048780487805,0.16222348269994313,0.7373737373737373,0.6764705882352942,-0.06090314913844319,44,44.0,0.0
Guanyuan,14,8,0.0701460839905611,0.0701460839905611,POST_HOC_DIAGNOSTIC_ONLY,0.11497861678189886,0.09313012164472907,-0.021848495137169785,0.009798721812679993,0.028428196481258966,0.018629474668578973,0.08278323699776595,0.310104437909948,0.22732120091218205,0.6763018942710998,0.6996239896006903,0.02332209532959051,0.11497861678189886,0.09313012164472907,-0.021848495137169785,0.0,0.0,0.0,1.9607843137254901,2.4634146341463414,0.5026303204208513,0.7575757575757576,0.6764705882352942,-0.08110516934046341,44,44.0,0.0
Guanyuan,14,9,0.0701460839905611,0.0701460839905611,POST_HOC_DIAGNOSTIC_ONLY,0.12437594793311803,0.09282031348977562,-0.031555634443342404,0.006069514033643605,0.028124849951014247,0.02205533591737064,0.04739194572300577,0.30623102053341555,0.2588390748104098,0.6675001017866156,0.7002827250128929,0.03278262322627734,0.12437594793311803,0.09282031348977562,-0.031555634443342404,0.0,0.0,0.0,1.6129032258064515,2.5121951219512195,0.899291896144768,0.7777777777777778,0.6666666666666666,-0.11111111111111116,43,43.0,0.0
Guanyuan,14,10,0.0701460839905611,0.0701460839905611,POST_HOC_DIAGNOSTIC_ONLY,0.12595588219542844,0.0924256056761989,-0.033530276519229546,0.00501442164034606,0.028896429032135885,0.023882007391789827,0.03852222498465246,0.30880894179163876,0.2702867168069863,0.6696725568603074,0.6993143887818183,0.02964183192151093,0.12595588219542844,0.0924256056761989,-0.033530276519229546,0.0,0.0,0.0,1.7678571428571428,2.4878048780487805,0.7199477351916377,0.7755102040816326,0.6666666666666666,-0.108843537414966,44,44.0,0.0
Guanyuan,14,11,0.0701460839905611,0.0701460839905611,POST_HOC_DIAGNOSTIC_ONLY,0.12233632960838178,0.09289369519014044,-0.02944263441824134,0.003362541055431003,0.028586872681718986,0.025224331626287982,0.026677279840564623,0.30920162674765655,0.28252434690709194,0.6748036787363135,0.7007334371572983,0.025929758420984772,0.12233632960838178,0.09289369519014044,-0.02944263441824134,0.0,0.0,0.0,1.98,2.4523809523809526,0.47238095238095257,0.7551020408163265,0.6764705882352942,-0.07863145258103232,44,44.0,0.0
Guanyuan,14,12,0.0701460839905611,0.0701460839905611,POST_HOC_DIAGNOSTIC_ONLY,0.12450568808053432,0.09195905131697929,-0.03254663676355503,0.005101330979381938,0.02887766383533547,0.02377633285595353,0.03972611844904105,0.3112955541353166,0.27156943568627556,0.6748399191637765,0.7013487611155886,0.026508841951812134,0.12450568808053432,0.09195905131697929,-0.03254663676355503,0.0,0.0,0.0,2.152173913043478,2.4523809523809526,0.3002070393374745,0.7755102040816326,0.6764705882352942,-0.09903961584633847,44,44.0,0.0
Guanyuan,14,13,0.0701460839905611,0.0701460839905611,POST_HOC_DIAGNOSTIC_ONLY,0.12204733920245558,0.09465348627125086,-0.02739385293120472,0.004985729171508962,0.028265868857577398,0.023280139686068436,0.03984697863275352,0.304533428821478,0.2646864501887245,0.6758159569067376,0.6992521041947583,0.02343614728802068,0.12204733920245558,0.09465348627125086,-0.02739385293120472,0.0,0.0,0.0,2.2222222222222223,2.4285714285714284,0.20634920634920606,0.7070707070707071,0.6764705882352942,-0.030600118835412915,44,44.0,0.0
Gucheng,6,0,0.07514125580531887,0.07514125580531887,POST_HOC_DIAGNOSTIC_ONLY,0.26965819776711486,0.1875056345068043,-0.08215256326031056,0.01847062463417325,0.03939993749269505,0.020929312858521797,0.06794184630283902,0.2165785419807345,0.1486366956778955,0.6248876810513054,0.708685408981841,0.08379772793053553,0.26965819776711486,0.1875056345068043,-0.08215256326031056,0.00425531914893617,0.0,-0.00425531914893617,1.9344262295081966,2.276190476190476,0.34176424668227945,0.7787234042553192,0.6983471074380165,-0.08037629681730263,39,39.0,0.0
Gucheng,6,1,0.07514125580531887,0.07514125580531887,POST_HOC_DIAGNOSTIC_ONLY,0.26633984803237065,0.18675532502496792,-0.07958452300740274,0.03318451190439714,0.040322671100524704,0.007138159196127564,0.12441025200004106,0.21833241665001132,0.09392216464997026,0.6254468515666785,0.7082848144846647,0.08283796291798629,0.26633984803237065,0.18675532502496792,-0.07958452300740274,0.004219409282700422,0.0,-0.004219409282700422,1.816793893129771,2.276190476190476,0.4593965830607052,0.7890295358649789,0.6983471074380165,-0.09068242842696239,40,40.0,0.0
Gucheng,6,2,0.07514125580531887,0.07514125580531887,POST_HOC_DIAGNOSTIC_ONLY,0.27634564786079696,0.18709259723505162,-0.08925305062574534,0.03390806207220683,0.04055624179505282,0.0066481797228459955,0.12388798783489235,0.2172298473079288,0.09334185947303644,0.6188205368354361,0.7062704676925463,0.08744993085711017,0.27634564786079696,0.18709259723505162,-0.08925305062574534,0.00425531914893617,0.0,-0.00425531914893617,2.0344827586206895,2.2523364485981308,0.21785368997744126,0.7489361702127659,0.6942148760330579,-0.05472129417970806,40,40.0,0.0
Gucheng,6,3,0.07514125580531887,0.07514125580531887,POST_HOC_DIAGNOSTIC_ONLY,0.2991822370122156,0.18815288912688014,-0.11102934788533544,0.013270848199134738,0.040093930121630914,0.026823081922496175,0.04492006032627329,0.21040966197659738,0.1654896016503241,0.6044249347890135,0.7067748115428532,0.10234987675383966,0.2991822370122156,0.18815288912688014,-0.11102934788533544,0.00425531914893617,0.0,-0.00425531914893617,2.185185185185185,2.2547169811320753,0.06953179594689018,0.7489361702127659,0.6942148760330579,-0.05472129417970806,40,40.0,0.0
Gucheng,6,4,0.07514125580531887,0.07514125580531887,POST_HOC_DIAGNOSTIC_ONLY,0.28077656564229675,0.18705576631484208,-0.09372079932745467,0.01438628168925895,0.04000765945929248,0.02562137777003353,0.05161594750455371,0.21024259359008912,0.15862664608553542,0.6156609445804831,0.7061121568326469,0.09045121225216379,0.28077656564229675,0.18705576631484208,-0.09372079932745467,0.004273504273504274,0.0,-0.004273504273504274,2.0434782608695654,2.2666666666666666,0.2231884057971012,0.782051282051282,0.6970954356846473,-0.08495584636663478,39,39.0,0.0
Gucheng,6,5,0.07514125580531887,0.07514125580531887,POST_HOC_DIAGNOSTIC_ONLY,0.2732024631188429,0.18789084748170695,-0.08531161563713593,0.013798135075074153,0.03960454207699339,0.02580640700191924,0.05074620886730298,0.2101664197253195,0.1594202108580165,0.6218156937877173,0.7073308963019758,0.08551520251425848,0.2732024631188429,0.18789084748170695,-0.08531161563713593,0.004291845493562232,0.0,-0.004291845493562232,1.9338842975206612,2.2857142857142856,0.35182998819362443,0.776824034334764,0.6970954356846473,-0.07972859865011672,37,37.0,0.0
Gucheng,7,0,0.07514125580531887,0.07514125580531887,POST_HOC_DIAGNOSTIC_ONLY,0.23138148851848708,0.16625498425288981,-0.06512650426559727,0.0278971885951475,0.0390148658852247,0.011117677290077201,0.12020492394111468,0.23472318114656704,0.11451825720545236,0.6668549637828665,0.7274267575761523,0.06057179379328581,0.23138148851848708,0.16625498425288981,-0.06512650426559727,0.005,0.0,-0.005,1.9705882352941178,2.3258426966292136,0.35525446133509586,0.765,0.6859903381642513,-0.07900966183574876,41,41.0,0.0
Gucheng,7,1,0.07514125580531887,0.07514125580531887,POST_HOC_DIAGNOSTIC_ONLY,0.24674018452875057,0.16833463952018116,-0.07840554500856942,0.01825904607770682,0.03891501719495451,0.020655971117247686,0.07388721519066759,0.23136780206265015,0.15748058687198258,0.651893770015115,0.7253502996021771,0.07345652958706217,0.24674018452875057,0.16833463952018116,-0.07840554500856942,0.005,0.0,-0.005,1.9142857142857144,2.2857142857142856,0.3714285714285712,0.785,0.6908212560386473,-0.09417874396135273,41,41.0,0.0
Gucheng,7,2,0.07514125580531887,0.07514125580531887,POST_HOC_DIAGNOSTIC_ONLY,0.25544549974389646,0.16852415185623568,-0.08692134788766079,0.015114011836214608,0.03748791896785,0.02237390713163539,0.05930117429540336,0.22587002681560436,0.166568852520201,0.6380896144537699,0.7272495508212656,0.08915993636749575,0.25544549974389646,0.16852415185623568,-0.08692134788766079,0.0,0.0,0.0,2.150537634408602,2.2777777777777777,0.12724014336917566,0.7487437185929648,0.6908212560386473,-0.057922462554317544,39,39.0,0.0
Gucheng,7,3,0.07514125580531887,0.07514125580531887,POST_HOC_DIAGNOSTIC_ONLY,0.2605911867713585,0.16840487169296114,-0.09218631507839736,0.005222669878656716,0.037439732244668955,0.03221706236601224,0.020249520472658947,0.22670746019009838,0.20645793971743942,0.6313079886195815,0.7288245663609861,0.09751657774140465,0.2605911867713585,0.16840487169296114,-0.09218631507839736,0.005,0.0,-0.005,1.9142857142857144,2.303370786516854,0.38908507223113964,0.785,0.6859903381642513,-0.09900966183574877,40,40.0,0.0
Gucheng,7,4,0.07514125580531887,0.07514125580531887,POST_HOC_DIAGNOSTIC_ONLY,0.23642402056132655,0.1667673448003328,-0.06965667576099374,0.02409333718022704,0.03827010771962743,0.01417677053940039,0.10337204095988894,0.22925360724099192,0.12588156628110297,0.6607338995541118,0.7282059346182999,0.06747203506418809,0.23642402056132655,0.1667673448003328,-0.06965667576099374,0.004975124378109453,0.0,-0.004975124378109453,2.082474226804124,2.2777777777777777,0.19530355097365382,0.7412935323383084,0.6859903381642513,-0.05530319417405716,40,40.0,0.0
Gucheng,7,5,0.07514125580531887,0.07514125580531887,POST_HOC_DIAGNOSTIC_ONLY,0.22720588377002857,0.16542627019183687,-0.0617796135781917,0.030176014801185785,0.0394135821539434,0.009237567352757617,0.13316013684360947,0.23707907898526456,0.10391894214165509,0.6720283684628251,0.7300100684035353,0.05798169994071023,0.22720588377002857,0.16542627019183687,-0.0617796135781917,0.004975124378109453,0.0,-0.004975124378109453,2.061224489795918,2.3,0.2387755102040816,0.7213930348258707,0.6811594202898551,-0.040233614536015594,40,40.0,0.0
Gucheng,7,6,0.07514125580531887,0.07514125580531887,POST_HOC_DIAGNOSTIC_ONLY,0.23481573209369808,0.16657809980988986,-0.06823763228380822,0.023421686814703538,0.039157033744815654,0.015735346930112117,0.09846397924133576,0.2392144254011231,0.14075044615978732,0.6633817608514869,0.7266025100697114,0.06322074921822451,0.23481573209369808,0.16657809980988986,-0.06823763228380822,0.005050505050505051,0.0,-0.005050505050505051,1.8952380952380952,2.3068181818181817,0.4115800865800865,0.7676767676767676,0.6844660194174758,-0.08321074825929187,41,41.0,0.0
Gucheng,8,0,0.07514125580531887,0.07514125580531887,POST_HOC_DIAGNOSTIC_ONLY,0.2050903789770687,0.15007398982249426,-0.055016389154574435,0.029550806477944162,0.03800459501937759,0.00845378854143343,0.1453275734251666,0.251573588063645,0.10624601463847838,0.6935700331062782,0.7434971004602217,0.04992706735394348,0.2050903789770687,0.15007398982249426,-0.055016389154574435,0.0,0.0,0.0,1.9772727272727273,2.2948717948717947,0.3175990675990674,0.7630057803468208,0.6740331491712708,-0.08897263117554999,42,42.0,0.0
Gucheng,8,1,0.07514125580531887,0.07514125580531887,POST_HOC_DIAGNOSTIC_ONLY,0.21343445838712585,0.15032839136417694,-0.06310606702294891,0.019673205734878862,0.03831815821410935,0.01864495247923049,0.09170212220420808,0.256984012372426,0.16528189016821793,0.683760790993797,0.7442226344189126,0.06046184342511551,0.21343445838712585,0.15032839136417694,-0.06310606702294891,0.0,0.0,0.0,1.89247311827957,2.3026315789473686,0.4101584606677986,0.7657142857142857,0.6795580110497238,-0.08615627466456188,41,41.0,0.0
Gucheng,8,2,0.07514125580531887,0.07514125580531887,POST_HOC_DIAGNOSTIC_ONLY,0.21858936809511045,0.15187145024585813,-0.06671791784925232,0.025874699631330003,0.03778794743993381,0.011913247808603804,0.11831726831026357,0.24804824301314948,0.12973097470288592,0.6786561444116533,0.7441346515304069,0.06547850711875358,0.21858936809511045,0.15187145024585813,-0.06671791784925232,0.005714285714285714,0.0,-0.005714285714285714,2.0229885057471266,2.324675324675325,0.30168681892819826,0.7485714285714286,0.6795580110497238,-0.06901341752170476,39,39.0,0.0
Gucheng,8,3,0.07514125580531887,0.07514125580531887,POST_HOC_DIAGNOSTIC_ONLY,0.22443569684765066,0.15090796892665495,-0.07352772792099571,0.017289750419161795,0.03752219378471831,0.02023244336555652,0.0782199979709076,0.2483613115060105,0.17014131353510292,0.6708824550505824,0.7443698483954683,0.07348739334488585,0.22443569684765066,0.15090796892665495,-0.07352772792099571,0.005780346820809248,0.0,-0.005780346820809248,2.0963855421686746,2.3157894736842106,0.21940393151553605,0.7052023121387283,0.6795580110497238,-0.025644301089004506,42,42.0,0.0
Gucheng,8,4,0.07514125580531887,0.07514125580531887,POST_HOC_DIAGNOSTIC_ONLY,0.19978425628816227,0.15280917564412277,-0.04697508064403949,0.02030574544907203,0.036699315962348385,0.016393570513276355,0.10236886830049714,0.2520948650794475,0.14972599677895038,0.6889511398762576,0.7434550381388362,0.05450389826257862,0.19978425628816227,0.15280917564412277,-0.04697508064403949,0.005780346820809248,0.0,-0.005780346820809248,2.0963855421686746,2.3421052631578947,0.24571972098922013,0.7225433526011561,0.6740331491712708,-0.048510203429885324,42,42.0,0.0
Gucheng,8,5,0.07514125580531887,0.07514125580531887,POST_HOC_DIAGNOSTIC_ONLY,0.20494325077673986,0.1503233382281162,-0.05461991254862367,0.02119951259066421,0.03700638946004028,0.01580687686937607,0.10319604797367632,0.24711726222183508,0.14392121424815876,0.6847347671746232,0.7436472166796765,0.058912449505053255,0.20494325077673986,0.1503233382281162,-0.05461991254862367,0.005747126436781609,0.0,-0.005747126436781609,2.108433734939759,2.311688311688312,0.20325457674855274,0.7528735632183908,0.6795580110497238,-0.07331555216866703,40,40.0,0.0
Gucheng,8,6,0.07514125580531887,0.07514125580531887,POST_HOC_DIAGNOSTIC_ONLY,0.22236439587252543,0.1513702425511151,-0.07099415332141035,0.018139480065522413,0.037596516399867996,0.019457036334345583,0.0803400800188114,0.2507142374609143,0.1703741574421029,0.675247308819289,0.7413515893540584,0.06610428053476947,0.22236439587252543,0.1513702425511151,-0.07099415332141035,0.0,0.0,0.0,2.0,2.3157894736842106,0.3157894736842106,0.7803468208092486,0.6777777777777778,-0.10256904303147074,42,42.0,0.0
Gucheng,8,7,0.07514125580531887,0.07514125580531887,POST_HOC_DIAGNOSTIC_ONLY,0.21646003834792457,0.15159957353255618,-0.06486046481536839,0.026071551353553997,0.03745007825044238,0.011378526896888383,0.11907800000466484,0.2522069235645922,0.13312892355992734,0.6857767971837866,0.741820868770863,0.05604407158707636,0.21646003834792457,0.15159957353255618,-0.06486046481536839,0.0,0.0,0.0,2.230769230769231,2.324675324675325,0.09390609390609406,0.7861271676300579,0.6722222222222223,-0.11390494540783558,41,41.0,0.0
Gucheng,9,0,0.07514125580531887,0.07514125580531887,POST_HOC_DIAGNOSTIC_ONLY,0.1801349754102024,0.13860542330029468,-0.04152955210990772,0.023224670380370974,0.03506340404104685,0.01183873366067588,0.12927426750101376,0.25939690900532814,0.13012264150431438,0.7203451966002663,0.7558477973573271,0.0355026007570608,0.1801349754102024,0.13860542330029468,-0.04152955210990772,0.0,0.0,0.0,1.9743589743589745,2.2857142857142856,0.31135531135531114,0.7320261437908496,0.6708074534161491,-0.06121869037470051,40,40.0,0.0
Gucheng,9,1,0.07514125580531887,0.07514125580531887,POST_HOC_DIAGNOSTIC_ONLY,0.18056280200236227,0.13852451151418213,-0.04203829048818014,0.01718583630658611,0.036203716786809566,0.019017880480223456,0.09357473792703079,0.26070159025011314,0.16712685232308233,0.7101757875484404,0.7564402573743747,0.04626446982593435,0.18056280200236227,0.13852451151418213,-0.04203829048818014,0.0,0.0,0.0,1.8780487804878048,2.2941176470588234,0.4160688665710186,0.7647058823529411,0.6708074534161491,-0.09389842893679201,42,42.0,0.0
Gucheng,9,2,0.07514125580531887,0.07514125580531887,POST_HOC_DIAGNOSTIC_ONLY,0.17919316469674615,0.13752983830050283,-0.041663326396243316,0.01873867864900212,0.035892670386942674,0.017153991737940553,0.1031126669811135,0.25878232470444545,0.15566965772333197,0.7123026943002498,0.7584977241982519,0.04619502989800206,0.17919316469674615,0.13752983830050283,-0.041663326396243316,0.0,0.0,0.0,1.9493670886075949,2.373134328358209,0.42376723975061403,0.8104575163398693,0.6645962732919255,-0.1458612430479438,42,42.0,0.0
Gucheng,9,3,0.07514125580531887,0.07514125580531887,POST_HOC_DIAGNOSTIC_ONLY,0.1910484667838708,0.1374771532202646,-0.0535713135636062,0.02165195252670607,0.03674672921444935,0.015094776687743283,0.11300927814533064,0.27013364741926255,0.15712436927393192,0.699623503598648,0.7587845643458895,0.05916106074724148,0.1910484667838708,0.1374771532202646,-0.0535713135636062,0.0,0.0,0.0,2.1095890410958904,2.323529411764706,0.21394037066881566,0.7647058823529411,0.6645962732919255,-0.10010960906101563,41,41.0,0.0
Gucheng,9,4,0.07514125580531887,0.07514125580531887,POST_HOC_DIAGNOSTIC_ONLY,0.20019309283702838,0.13956253988627879,-0.060630552950749594,0.01716373613512638,0.03613312834882941,0.01896939221370303,0.08557822762411381,0.26594676930496136,0.18036854168084754,0.6953281012905274,0.7531951267954993,0.057867025504971914,0.20019309283702838,0.13956253988627879,-0.060630552950749594,0.0,0.0,0.0,2.051948051948052,2.323529411764706,0.2715813598166541,0.732484076433121,0.66875,-0.06373407643312101,44,44.0,0.0
Gucheng,9,5,0.07514125580531887,0.07514125580531887,POST_HOC_DIAGNOSTIC_ONLY,0.20562232225541077,0.13828454131341905,-0.06733778094199172,0.017724437826666023,0.036112389409261425,0.018387951582595402,0.08575145132151685,0.262006661578876,0.17625521025735913,0.6902343138906527,0.7547546094568663,0.06452029556621364,0.20562232225541077,0.13828454131341905,-0.06733778094199172,0.006535947712418301,0.0,-0.006535947712418301,2.0,2.343283582089552,0.3432835820895521,0.7124183006535948,0.6625,-0.049918300653594816,37,37.0,0.0
Gucheng,9,6,0.07514125580531887,0.07514125580531887,POST_HOC_DIAGNOSTIC_ONLY,0.203979128701351,0.13972462841693967,-0.06425450028441132,0.01766011275316605,0.03599268636227345,0.0183325736091074,0.0866465242942286,0.26338333896822913,0.17673681467400054,0.6929823119665574,0.7534426252965342,0.06046031332997681,0.203979128701351,0.13972462841693967,-0.06425450028441132,0.006493506493506494,0.0,-0.006493506493506494,1.8452380952380953,2.328358208955224,0.4831201137171286,0.7597402597402597,0.6625,-0.09724025974025974,45,45.0,0.0
Gucheng,9,7,0.07514125580531887,0.07514125580531887,POST_HOC_DIAGNOSTIC_ONLY,0.19315543268025057,0.13881268923776366,-0.05434274344248691,0.03073329449518455,0.03567487698755029,0.004941582492365742,0.16171690621888532,0.2585622817543855,0.09684537553550018,0.703515309392384,0.7538478545121227,0.050332545119738614,0.19315543268025057,0.13881268923776366,-0.05434274344248691,0.0,0.0,0.0,2.125,2.328358208955224,0.20335820895522394,0.7368421052631579,0.66875,-0.0680921052631579,40,40.0,0.0
Gucheng,9,8,0.07514125580531887,0.07514125580531887,POST_HOC_DIAGNOSTIC_ONLY,0.18261242221966373,0.1399568165238683,-0.042655605695795434,0.03512005962005218,0.03595653696642704,0.0008364773463748615,0.19481124499374816,0.26025205424932407,0.06544080925557591,0.710833067617997,0.753887657873343,0.04305459025534597,0.18261242221966373,0.1399568165238683,-0.042655605695795434,0.0,0.0,0.0,2.283582089552239,2.328358208955224,0.04477611940298498,0.743421052631579,0.66875,-0.07467105263157903,45,45.0,0.0
Gucheng,10,0,0.07514125580531887,0.07514125580531887,POST_HOC_DIAGNOSTIC_ONLY,0.19688961184699907,0.1285337520128093,-0.06835585983418976,0.004724905601419032,0.03370250155090763,0.028977595949488594,0.023847573073487626,0.268460220267112,0.2446126471936244,0.6993256305447311,0.7675761239192842,0.06825049337455313,0.19688961184699907,0.1285337520128093,-0.06835585983418976,0.0,0.0,0.0,2.0,2.4745762711864407,0.47457627118644075,0.7034482758620689,0.696551724137931,-0.006896551724137945,42,42.0,0.0
Gucheng,10,1,0.07514125580531887,0.07514125580531887,POST_HOC_DIAGNOSTIC_ONLY,0.18764618407979616,0.12923143900990838,-0.05841474506988778,0.008525416828430131,0.03517700318210986,0.02665158635367973,0.04502618612761856,0.2693549688230059,0.22432878269538736,0.7017343824012523,0.7678558085669762,0.06612142616572392,0.18764618407979616,0.12923143900990838,-0.05841474506988778,0.0,0.0,0.0,2.0714285714285716,2.4745762711864407,0.4031476997578691,0.7430555555555556,0.6896551724137931,-0.05340038314176243,40,40.0,0.0
Gucheng,10,2,0.07514125580531887,0.07514125580531887,POST_HOC_DIAGNOSTIC_ONLY,0.16883379463408377,0.1287593919205391,-0.04007440271354468,0.02271475163899549,0.034578194947004696,0.011863443308009206,0.13362368984736106,0.26376232689876133,0.13013863705140027,0.7242955811462819,0.7638174223333406,0.039521841187058704,0.16883379463408377,0.1287593919205391,-0.04007440271354468,0.0,0.0,0.0,1.92,2.5,0.5800000000000001,0.7342657342657343,0.6944444444444444,-0.03982128982128985,41,41.0,0.0
Gucheng,10,3,0.07514125580531887,0.07514125580531887,POST_HOC_DIAGNOSTIC_ONLY,0.17315106519259318,0.12861404331652618,-0.04453702187606701,0.018629841850739227,0.03436913132848558,0.015739289477746356,0.1067148268212736,0.2704232461484998,0.16370841932722618,0.7211637148770257,0.7651458165960606,0.04398210171903494,0.17315106519259318,0.12861404331652618,-0.04453702187606701,0.0,0.0,0.0,1.9726027397260273,2.4166666666666665,0.44406392694063923,0.7762237762237763,0.6944444444444444,-0.08177933177933183,44,44.0,0.0
Gucheng,10,4,0.07514125580531887,0.07514125580531887,POST_HOC_DIAGNOSTIC_ONLY,0.1643311979204311,0.1295762247790832,-0.0347549731413479,0.017819848494259338,0.03576680062958033,0.01794695213532099,0.1082036084557495,0.2782174366360398,0.17001382818029032,0.7297933764306231,0.7650668230551181,0.03527344662449494,0.1643311979204311,0.1295762247790832,-0.0347549731413479,0.0,0.0,0.0,2.0869565217391304,2.457627118644068,0.37067059690493753,0.7412587412587412,0.6875,-0.05375874125874125,43,43.0,0.0
Gucheng,10,5,0.07514125580531887,0.07514125580531887,POST_HOC_DIAGNOSTIC_ONLY,0.15757178871568212,0.1292118048048695,-0.028359983910812625,0.02080663047697464,0.03567594621500313,0.014869315738028493,0.1319362691312385,0.2700579480529494,0.13812167892171093,0.7377345730202398,0.7638918760038891,0.026157302983649267,0.15757178871568212,0.1292118048048695,-0.028359983910812625,0.0,0.0,0.0,1.9726027397260273,2.4655172413793105,0.4929145016532832,0.7622377622377622,0.6875,-0.07473776223776218,42,42.0,0.0
Gucheng,10,6,0.07514125580531887,0.07514125580531887,POST_HOC_DIAGNOSTIC_ONLY,0.16709661715995391,0.12972692703208136,-0.03736969012787256,0.022044760112422474,0.03534916616954663,0.013304406057124154,0.1316609696241242,0.27733795729424754,0.14567698767012333,0.7290039917753897,0.7627624203512139,0.03375842857582423,0.16709661715995391,0.12972692703208136,-0.03736969012787256,0.0,0.0,0.0,2.028169014084507,2.4827586206896552,0.45458960660514824,0.7062937062937062,0.6944444444444444,-0.011849261849261827,42,42.0,0.0
Gucheng,10,7,0.07514125580531887,0.07514125580531887,POST_HOC_DIAGNOSTIC_ONLY,0.16499842099406317,0.12838934089792245,-0.03660908009614072,0.020788804550753673,0.0365970369627955,0.01580823241204183,0.12563026858070836,0.2876092432557233,0.16197897467501493,0.730146439185336,0.7656292959039714,0.03548285671863549,0.16499842099406317,0.12838934089792245,-0.03660908009614072,0.0,0.0,0.0,2.057142857142857,2.5,0.44285714285714306,0.6993006993006993,0.6875,-0.011800699300699269,41,41.0,0.0
Gucheng,10,8,0.07514125580531887,0.07514125580531887,POST_HOC_DIAGNOSTIC_ONLY,0.17186853559643067,0.12753228383040174,-0.04433625176602893,0.015509002841294466,0.036676581580043374,0.02116757873874891,0.09017824402155918,0.29517040315188237,0.2049921591303232,0.7241997921878849,0.7676580606684976,0.04345826848061274,0.17186853559643067,0.12753228383040174,-0.04433625176602893,0.0,0.0,0.0,2.1176470588235294,2.543859649122807,0.4262125902992775,0.7272727272727273,0.6805555555555556,-0.04671717171717171,44,44.0,0.0
Gucheng,10,9,0.07514125580531887,0.07514125580531887,POST_HOC_DIAGNOSTIC_ONLY,0.18730710828263633,0.12871566745875357,-0.05859144082388276,0.005530257314507866,0.035763171283327004,0.030232913968819136,0.02943131798322446,0.2867957644144409,0.2573644464312164,0.7087459420439383,0.7667118455128427,0.0579659034689044,0.18730710828263633,0.12871566745875357,-0.05859144082388276,0.0,0.0,0.0,2.013888888888889,2.457627118644068,0.44373822975517907,0.7152777777777778,0.6875,-0.02777777777777779,44,44.0,0.0
Gucheng,11,0,0.07514125580531887,0.07514125580531887,POST_HOC_DIAGNOSTIC_ONLY,0.1822807581000434,0.11994295956485371,-0.0623377985351897,0.0018435519178026701,0.0333069516403418,0.03146339972253913,0.01004035476437593,0.2798644642334235,0.26982410946904756,0.7145531334289354,0.772475105344764,0.057921971915828596,0.1822807581000434,0.11994295956485371,-0.0623377985351897,0.0,0.0,0.0,1.8591549295774648,2.4444444444444446,0.5852895148669799,0.6946564885496184,0.6870229007633588,-0.007633587786259555,42,42.0,0.0
Gucheng,11,1,0.07514125580531887,0.07514125580531887,POST_HOC_DIAGNOSTIC_ONLY,0.17821398948944392,0.12210339314004552,-0.0561105963493984,0.0075309945900839765,0.03345352863057126,0.02592253404048728,0.04202739070117796,0.2758711637672747,0.23384377306609677,0.7170624812524485,0.7708458475998352,0.053783366347386674,0.17821398948944392,0.12210339314004552,-0.0561105963493984,0.0,0.0,0.0,1.9701492537313432,2.490566037735849,0.5204167840045058,0.7251908396946565,0.6870229007633588,-0.03816793893129766,43,43.0,0.0
Gucheng,11,2,0.07514125580531887,0.07514125580531887,POST_HOC_DIAGNOSTIC_ONLY,0.1673632010559706,0.12268744593207609,-0.04467575512389452,0.004917465016540731,0.03366668183961199,0.028749216823071258,0.029088098243303846,0.27802149757717415,0.2489333993338703,0.7236469414678508,0.7702613851562071,0.04661444368835632,0.1673632010559706,0.12268744593207609,-0.04467575512389452,0.0,0.0,0.0,1.8985507246376812,2.519230769230769,0.620680044593088,0.7615384615384615,0.6793893129770993,-0.08214914856136224,42,42.0,0.0
Gucheng,11,3,0.07514125580531887,0.07514125580531887,POST_HOC_DIAGNOSTIC_ONLY,0.1566505616288439,0.12316867248489508,-0.03348188914394881,0.007313727221291512,0.03390536476819127,0.026591637546899756,0.04635293376266553,0.273550114617793,0.22719718085512747,0.7383077391354256,0.7718223670289044,0.03351462789347881,0.1566505616288439,0.12316867248489508,-0.03348188914394881,0.0,0.0,0.0,2.0793650793650795,2.5384615384615383,0.4590964590964588,0.7538461538461538,0.6870229007633588,-0.06682325308279502,43,43.0,0.0
Gucheng,11,4,0.07514125580531887,0.07514125580531887,POST_HOC_DIAGNOSTIC_ONLY,0.15489178776215742,0.12253402787288775,-0.03235775988926967,0.01707134718004961,0.035023662363678494,0.017952315183628883,0.10953944013330351,0.2804221007280642,0.1708826605947607,0.7400495244778936,0.7721849471015333,0.032135422623639665,0.15489178776215742,0.12253402787288775,-0.03235775988926967,0.0,0.0,0.0,2.1475409836065573,2.4716981132075473,0.32415712960098997,0.7307692307692307,0.6870229007633588,-0.043746330005871914,43,43.0,0.0
Gucheng,11,5,0.07514125580531887,0.07514125580531887,POST_HOC_DIAGNOSTIC_ONLY,0.1584268471957918,0.12063164378831441,-0.0377952034074774,0.027407162724479572,0.03406374148994209,0.006656578765462516,0.17186676053708352,0.2826233369848782,0.11075657644779466,0.7367909922102497,0.7733002597138338,0.036509267503584075,0.1584268471957918,0.12063164378831441,-0.0377952034074774,0.0,0.0,0.0,2.1475409836065573,2.490566037735849,0.34302505412929163,0.7384615384615385,0.6870229007633588,-0.05143863769817969,42,42.0,0.0
Gucheng,11,6,0.07514125580531887,0.07514125580531887,POST_HOC_DIAGNOSTIC_ONLY,0.15127594961814073,0.11928619911049942,-0.0319897505076413,0.025279028476538887,0.03525885867401896,0.009979830197480076,0.16647671513480305,0.29966443071513044,0.13318771558032738,0.7447921556313629,0.7750971692826378,0.030305013651274915,0.15127594961814073,0.11928619911049942,-0.0319897505076413,0.0,0.0,0.0,2.2586206896551726,2.519230769230769,0.26061007957559656,0.7307692307692307,0.6870229007633588,-0.043746330005871914,44,44.0,0.0
Gucheng,11,7,0.07514125580531887,0.07514125580531887,POST_HOC_DIAGNOSTIC_ONLY,0.15078496157448407,0.12090262787477565,-0.029882333699708413,0.019278596096974555,0.03490770092844548,0.015629104831470925,0.12746731078497162,0.28612744498260123,0.15866013419762962,0.7431535962309413,0.7749193347370095,0.03176573850606812,0.15078496157448407,0.12090262787477565,-0.029882333699708413,0.0,0.0,0.0,2.046875,2.4716981132075473,0.4248231132075473,0.7461538461538462,0.6870229007633588,-0.059130945390487355,42,42.0,0.0
Gucheng,11,8,0.07514125580531887,0.07514125580531887,POST_HOC_DIAGNOSTIC_ONLY,0.14794668697743021,0.11833177985598103,-0.02961490712144918,0.013256276569883867,0.03414641936277706,0.020890142792893196,0.08923473654451934,0.2883914207888226,0.19915668424430322,0.7444058989241528,0.7763031912373696,0.03189729231321681,0.14794668697743021,0.11833177985598103,-0.02961490712144918,0.0,0.0,0.0,1.9848484848484849,2.4716981132075473,0.4868496283590624,0.7307692307692307,0.6870229007633588,-0.043746330005871914,43,43.0,0.0
Gucheng,11,9,0.07514125580531887,0.07514125580531887,POST_HOC_DIAGNOSTIC_ONLY,0.1556540235796603,0.11741299857579439,-0.038241025003865906,0.006961950364429163,0.03484616987887825,0.02788421951444909,0.04456149811137046,0.2973500161738499,0.25278851806247943,0.7387103192152825,0.7779580327773387,0.03924771356205614,0.1556540235796603,0.11741299857579439,-0.038241025003865906,0.0,0.0,0.0,2.3392857142857144,2.519230769230769,0.17994505494505475,0.6846153846153846,0.6946564885496184,0.010041103934233742,43,43.0,0.0
Gucheng,11,10,0.07514125580531887,0.07514125580531887,POST_HOC_DIAGNOSTIC_ONLY,0.16043939779093047,0.11866796371719675,-0.041771434073733724,0.010934082409841476,0.03474651092298165,0.023812428513140173,0.06805023066853831,0.3002219404882984,0.2321717098197601,0.7329129387817648,0.7733438331964626,0.04043089441469783,0.16043939779093047,0.11866796371719675,-0.041771434073733724,0.0,0.0,0.0,1.8571428571428572,2.519230769230769,0.662087912087912,0.7209302325581395,0.6846153846153846,-0.03631484794275486,43,43.0,0.0
Gucheng,12,0,0.07514125580531887,0.07514125580531887,POST_HOC_DIAGNOSTIC_ONLY,0.13605836267722404,0.11335094654089581,-0.022707416136328235,0.013166073219617776,0.032645080959642955,0.01947900774002518,0.09623984265322404,0.2837443383496663,0.18750449569644223,0.7600213882877883,0.7796813306298878,0.019659942342099446,0.13605836267722404,0.11335094654089581,-0.022707416136328235,0.0,0.0,0.0,2.0,2.5208333333333335,0.5208333333333335,0.7983193277310925,0.6833333333333333,-0.11498599439775914,44,44.0,0.0
Gucheng,12,1,0.07514125580531887,0.07514125580531887,POST_HOC_DIAGNOSTIC_ONLY,0.14973382836973442,0.11464549876943003,-0.03508832960030439,0.014103492820587555,0.03385368207314223,0.019750189252554676,0.0938473094438968,0.2948940062165381,0.2010466967726413,0.7453609413387744,0.7796287636244009,0.034267822285626526,0.14973382836973442,0.11464549876943003,-0.03508832960030439,0.0,0.0,0.0,2.0,2.5,0.5,0.7647058823529411,0.6833333333333333,-0.08137254901960778,43,43.0,0.0
Gucheng,12,2,0.07514125580531887,0.07514125580531887,POST_HOC_DIAGNOSTIC_ONLY,0.17171946096449,0.11452932487352224,-0.057190136090967764,0.008805232271482907,0.03330428887138446,0.02449905659990155,0.05138051150814857,0.29266675441898937,0.2412862429108408,0.7250949660613505,0.7797520712038423,0.05465710514249178,0.17171946096449,0.11452932487352224,-0.057190136090967764,0.0,0.0,0.0,2.1052631578947367,2.5,0.3947368421052633,0.7142857142857143,0.675,-0.03928571428571426,43,43.0,0.0
Gucheng,12,3,0.07514125580531887,0.07514125580531887,POST_HOC_DIAGNOSTIC_ONLY,0.16687638863593,0.1143818873115682,-0.052494501324361786,0.015343988781793192,0.03224286720557527,0.016898878423782075,0.09172687565914653,0.28254630555810967,0.19081942989896314,0.7296268674830052,0.7793196976476771,0.04969283016467185,0.16687638863593,0.1143818873115682,-0.052494501324361786,0.0,0.0,0.0,2.372549019607843,2.5208333333333335,0.14828431372549034,0.6833333333333333,0.675,-0.008333333333333304,44,44.0,0.0
Gucheng,12,4,0.07514125580531887,0.07514125580531887,POST_HOC_DIAGNOSTIC_ONLY,0.15564822316270577,0.11463478092636908,-0.041013442236336684,0.021549274595059748,0.03302508003487315,0.011475805439813403,0.13872443436702536,0.2886201934914952,0.14989575912446984,0.7394941460073197,0.778724558811107,0.03923041280378736,0.15564822316270577,0.11463478092636908,-0.041013442236336684,0.0,0.0,0.0,2.2830188679245285,2.5208333333333335,0.23781446540880502,0.6916666666666667,0.6833333333333333,-0.008333333333333304,43,43.0,0.0
Gucheng,12,5,0.07514125580531887,0.07514125580531887,POST_HOC_DIAGNOSTIC_ONLY,0.1522996670153916,0.11397254565965398,-0.038327121355737626,0.01384222301480229,0.032913047242098294,0.019070824227296,0.09070571876941401,0.29377808495818947,0.20307236618877544,0.7408739417933312,0.781096605620425,0.04022266382709383,0.1522996670153916,0.11397254565965398,-0.038327121355737626,0.0,0.0,0.0,1.9672131147540983,2.5208333333333335,0.5536202185792352,0.7394957983193278,0.6833333333333333,-0.05616246498599442,42,42.0,0.0
Gucheng,12,6,0.07514125580531887,0.07514125580531887,POST_HOC_DIAGNOSTIC_ONLY,0.15166359131094337,0.11383546810681387,-0.037828123204129496,0.007997116267356118,0.03324180367845208,0.02524468741109596,0.052145366762590115,0.3014701109240238,0.2493247441614337,0.7420970857907496,0.7813305036184915,0.03923341782774192,0.15166359131094337,0.11383546810681387,-0.037828123204129496,0.0,0.0,0.0,2.0338983050847457,2.5,0.4661016949152543,0.7647058823529411,0.6833333333333333,-0.08137254901960778,42,42.0,0.0
Gucheng,12,7,0.07514125580531887,0.07514125580531887,POST_HOC_DIAGNOSTIC_ONLY,0.1527376402574249,0.11225316236742801,-0.04048447788999689,0.0023399357740868268,0.03371127980073595,0.03137134402664912,0.015114315039517991,0.2991792562589868,0.2840649412194688,0.7402302149339275,0.7828141815670898,0.04258396663316233,0.1527376402574249,0.11225316236742801,-0.04048447788999689,0.0,0.0,0.0,2.0,2.5531914893617023,0.5531914893617023,0.7394957983193278,0.6833333333333333,-0.05616246498599442,44,44.0,0.0
Gucheng,12,8,0.07514125580531887,0.07514125580531887,POST_HOC_DIAGNOSTIC_ONLY,0.1385052803462078,0.11212855466284281,-0.02637672568336498,0.009552534363257648,0.03300429559168451,0.023451761228426862,0.0682007130146889,0.2917693673100062,0.2235686542953173,0.7540457729975226,0.7831488277155153,0.029103054717992682,0.1385052803462078,0.11212855466284281,-0.02637672568336498,0.0,0.0,0.0,1.935483870967742,2.5531914893617023,0.6177076183939603,0.7478991596638656,0.6833333333333333,-0.0645658263305322,44,44.0,0.0
Gucheng,12,9,0.07514125580531887,0.07514125580531887,POST_HOC_DIAGNOSTIC_ONLY,0.13600274985165653,0.11231069800732024,-0.023692051844336287,0.008034261576505212,0.032794283975532426,0.024760022399027214,0.05860853712698908,0.29407031653896215,0.23546177941197308,0.7572677102780948,0.7821794356710224,0.02491172539292763,0.13600274985165653,0.11231069800732024,-0.023692051844336287,0.0,0.0,0.0,1.935483870967742,2.5,0.564516129032258,0.7226890756302521,0.6833333333333333,-0.03935574229691874,43,43.0,0.0
Gucheng,12,10,0.07514125580531887,0.07514125580531887,POST_HOC_DIAGNOSTIC_ONLY,0.14201292368836588,0.11389909924684266,-0.028113824441523216,0.005005276098646253,0.03348678604603711,0.028481509947390855,0.034931224239617545,0.28997106473820455,0.255039840498587,0.7519629679738974,0.7765215123957235,0.024558544421826145,0.14201292368836588,0.11389909924684266,-0.028113824441523216,0.0,0.0,0.0,1.9833333333333334,2.5531914893617023,0.5698581560283689,0.7288135593220338,0.680672268907563,-0.048141290414470794,43,43.0,0.0
Gucheng,12,11,0.07514125580531887,0.07514125580531887,POST_HOC_DIAGNOSTIC_ONLY,0.1342010882896281,0.1143811450610542,-0.01981994322857389,0.01108710120823547,0.03344094307212772,0.02235384186389225,0.08191457312707626,0.2882238845369977,0.20630931140992145,0.7603841945093358,0.7765521958294375,0.016168001320101655,0.1342010882896281,0.1143811450610542,-0.01981994322857389,0.0,0.0,0.0,2.125,2.5531914893617023,0.42819148936170226,0.788135593220339,0.680672268907563,-0.10746332431277594,42,42.0,0.0
Gucheng,13,0,0.07514125580531887,0.07514125580531887,POST_HOC_DIAGNOSTIC_ONLY,0.14708838838359356,0.10828407109014908,-0.03880431729344448,0.004416770331251753,0.031424905802780644,0.02700813547152889,0.029637451603203507,0.2896572846037299,0.2600198330005264,0.7499485317631732,0.7865930531970994,0.03664452143392616,0.14708838838359356,0.10828407109014908,-0.03880431729344448,0.0,0.0,0.0,2.0555555555555554,2.488888888888889,0.43333333333333357,0.7454545454545455,0.6756756756756757,-0.06977886977886982,44,44.0,0.0
Gucheng,13,1,0.07514125580531887,0.07514125580531887,POST_HOC_DIAGNOSTIC_ONLY,0.1376164566335636,0.10755066315676794,-0.030065793476795652,0.008237358199580961,0.03253920673308706,0.024301848533506094,0.059169584960742566,0.3009063935966143,0.24173680863587174,0.7570597252686271,0.787794844605781,0.030735119337153893,0.1376164566335636,0.10755066315676794,-0.030065793476795652,0.0,0.0,0.0,1.88135593220339,2.522727272727273,0.641371340523883,0.7545454545454545,0.6756756756756757,-0.07886977886977886,43,43.0,0.0
Gucheng,13,2,0.07514125580531887,0.07514125580531887,POST_HOC_DIAGNOSTIC_ONLY,0.13932059918111206,0.10722268518006325,-0.032097914001048805,0.0056463313724908655,0.03218802551107754,0.026541694138586678,0.04008389269214167,0.29944632830988327,0.2593624356177416,0.7555660319182719,0.7878147241963173,0.03224869227804539,0.13932059918111206,0.10722268518006325,-0.032097914001048805,0.0,0.0,0.0,1.88135593220339,2.522727272727273,0.641371340523883,0.7545454545454545,0.6756756756756757,-0.07886977886977886,42,42.0,0.0
Gucheng,13,3,0.07514125580531887,0.07514125580531887,POST_HOC_DIAGNOSTIC_ONLY,0.14218004976817325,0.10687993287225195,-0.0353001168959213,0.007575050789075544,0.03202449371512442,0.024449442926048875,0.05300555121976653,0.29492708871101847,0.24192153749125195,0.7526917687525314,0.7882821540261771,0.035590385273645664,0.14218004976817325,0.10687993287225195,-0.0353001168959213,0.0,0.0,0.0,1.85,2.488888888888889,0.6388888888888888,0.7545454545454545,0.6846846846846847,-0.06986076986076983,43,43.0,0.0
Gucheng,13,4,0.07514125580531887,0.07514125580531887,POST_HOC_DIAGNOSTIC_ONLY,0.14469630954741325,0.10695094200866809,-0.03774536753874516,0.007459229658148852,0.03206132890070582,0.02460209924255697,0.051644442700864844,0.2991536917534079,0.24750924905254304,0.7493607258976608,0.7885794586193254,0.03921873272166465,0.14469630954741325,0.10695094200866809,-0.03774536753874516,0.0,0.0,0.0,1.9821428571428572,2.5454545454545454,0.5633116883116882,0.7454545454545455,0.6756756756756757,-0.06977886977886982,44,44.0,0.0
Gucheng,13,5,0.07514125580531887,0.07514125580531887,POST_HOC_DIAGNOSTIC_ONLY,0.1377316311774957,0.10717769900060682,-0.030553932176888884,0.008536275794406857,0.03162325379599411,0.023086978001587252,0.062432244523784854,0.28623763613028125,0.2238053916064964,0.7572275372157338,0.7886748359272108,0.031447298711477,0.1377316311774957,0.10717769900060682,-0.030553932176888884,0.0,0.0,0.0,1.85,2.522727272727273,0.6727272727272728,0.7636363636363637,0.6756756756756757,-0.08796068796068801,44,44.0,0.0
Gucheng,13,6,0.07514125580531887,0.07514125580531887,POST_HOC_DIAGNOSTIC_ONLY,0.13683666945015177,0.10657892982955937,-0.030257739620592403,0.008427043636089792,0.03287175544377309,0.024444711807683296,0.06196179489393893,0.30814982109946126,0.24618802620552233,0.7577129117981519,0.7854399480166335,0.027727036218481604,0.13683666945015177,0.10657892982955937,-0.030257739620592403,0.0,0.0,0.0,1.9642857142857142,2.522727272727273,0.5584415584415587,0.7706422018348624,0.6727272727272727,-0.0979149291075897,42,42.0,0.0
Gucheng,13,7,0.07514125580531887,0.07514125580531887,POST_HOC_DIAGNOSTIC_ONLY,0.1356338290001442,0.10683326383412446,-0.02880056516601974,0.006358210536629074,0.03257825652303246,0.026220045986403383,0.047116105930688296,0.3002252205432622,0.2531091146125739,0.7584714736813335,0.7842910822033383,0.025819608522004822,0.1356338290001442,0.10683326383412446,-0.02880056516601974,0.0,0.0,0.0,2.2,2.522727272727273,0.32272727272727275,0.7522935779816514,0.6818181818181818,-0.07047539616346965,43,43.0,0.0
Gucheng,13,8,0.07514125580531887,0.07514125580531887,POST_HOC_DIAGNOSTIC_ONLY,0.13763423149385925,0.10778988199208415,-0.0298443495017751,0.007079258131731757,0.032301360202715276,0.02522210207098352,0.0510321591623102,0.3085899536051042,0.25755779444279403,0.7552736397366447,0.7850785139012629,0.02980487416461819,0.13763423149385925,0.10778988199208415,-0.0298443495017751,0.0,0.0,0.0,2.1346153846153846,2.477272727272727,0.3426573426573425,0.7181818181818181,0.6818181818181818,-0.036363636363636376,45,45.0,0.0
Gucheng,13,9,0.07514125580531887,0.07514125580531887,POST_HOC_DIAGNOSTIC_ONLY,0.13198577501140485,0.10866027792745225,-0.023325497083952595,0.012516985963650614,0.03238291336578896,0.01986592740213835,0.09408874273373317,0.29769212325288946,0.20360338051915627,0.7624525945625666,0.7839855689815972,0.02153297441903057,0.13198577501140485,0.10866027792745225,-0.023325497083952595,0.0,0.0,0.0,2.466666666666667,2.522727272727273,0.056060606060606144,0.7181818181818181,0.6727272727272727,-0.045454545454545414,43,43.0,0.0
Gucheng,13,10,0.07514125580531887,0.07514125580531887,POST_HOC_DIAGNOSTIC_ONLY,0.12991176812908434,0.1081301338452115,-0.021781634283872836,0.016473270402380214,0.032207492649794625,0.01573422224741441,0.1252826150979753,0.30447201783456335,0.17918940273658804,0.7623956341717035,0.7837451762977405,0.021349542126037013,0.12991176812908434,0.1081301338452115,-0.021781634283872836,0.0,0.0,0.0,2.2916666666666665,2.558139534883721,0.2664728682170545,0.7431192660550459,0.6727272727272727,-0.07039199332777313,44,44.0,0.0
Gucheng,13,11,0.07514125580531887,0.07514125580531887,POST_HOC_DIAGNOSTIC_ONLY,0.13542864979416402,0.10956246896534681,-0.025866180828817212,0.01819220149655107,0.03254651961998531,0.01435431812343424,0.13249247953268165,0.300765371808343,0.16827289227566136,0.7601110626741694,0.7838479993303346,0.023736936656165164,0.13542864979416402,0.10956246896534681,-0.025866180828817212,0.0,0.0,0.0,2.4444444444444446,2.5,0.05555555555555536,0.6697247706422018,0.6818181818181818,0.012093411175979951,43,43.0,0.0
Gucheng,13,12,0.07514125580531887,0.07514125580531887,POST_HOC_DIAGNOSTIC_ONLY,0.1518072118802206,0.11055850807306011,-0.041248703807160475,0.011356867989603127,0.031614588028544596,0.020257720038941468,0.0737235472059289,0.2914618366548696,0.2177382894489407,0.7425433176484455,0.7831721820744985,0.04062886442605296,0.1518072118802206,0.11055850807306011,-0.041248703807160475,0.0,0.0,0.0,2.2916666666666665,2.522727272727273,0.2310606060606064,0.6880733944954128,0.6727272727272727,-0.015346121768140097,44,44.0,0.0
Gucheng,14,0,0.07514125580531887,0.07514125580531887,POST_HOC_DIAGNOSTIC_ONLY,0.129861449002619,0.10315599885461213,-0.026705450148006876,0.005635371112203546,0.0305091363944652,0.024873765282261654,0.043280189949557096,0.29837747259102143,0.25509728264146436,0.7696675044223712,0.7911134374708465,0.021445933048475307,0.129861449002619,0.10315599885461213,-0.026705450148006876,0.0,0.0,0.0,2.239130434782609,2.4186046511627906,0.17947421638018168,0.7156862745098039,0.6796116504854369,-0.03607462402436701,44,44.0,0.0
Gucheng,14,1,0.07514125580531887,0.07514125580531887,POST_HOC_DIAGNOSTIC_ONLY,0.13005872651010897,0.10322906459659098,-0.026829661913517988,0.005778430768880164,0.030633859549856028,0.024855428780975866,0.044143049503788674,0.2924260198893388,0.24828297038555014,0.7654097017810607,0.7912351869585484,0.025825485177487728,0.13005872651010897,0.10322906459659098,-0.026829661913517988,0.0,0.0,0.0,2.311111111111111,2.4761904761904763,0.16507936507936538,0.6893203883495146,0.6796116504854369,-0.009708737864077666,44,44.0,0.0
Gucheng,14,2,0.07514125580531887,0.07514125580531887,POST_HOC_DIAGNOSTIC_ONLY,0.13164692590065444,0.10222650332760633,-0.02942042257304811,0.011895137438284282,0.031131831407229624,0.01923669396894534,0.08919898313032834,0.3076710492221869,0.21847206609185857,0.7649859677414583,0.7932434065238461,0.028257438782387734,0.13164692590065444,0.10222650332760633,-0.02942042257304811,0.0,0.0,0.0,2.019607843137255,2.55,0.530392156862745,0.7352941176470589,0.6699029126213593,-0.06539120502569962,43,43.0,0.0
Gucheng,14,3,0.07514125580531887,0.07514125580531887,POST_HOC_DIAGNOSTIC_ONLY,0.12185666944291684,0.1011003562621938,-0.020756313180723046,0.012936577016477373,0.03158295676444967,0.0186463797479723,0.1053941947895397,0.3075186167847834,0.20212442199524372,0.7718595332644388,0.7940759960237549,0.022216462759316102,0.12185666944291684,0.1011003562621938,-0.020756313180723046,0.0,0.0,0.0,2.019607843137255,2.5365853658536586,0.5169775227164037,0.696078431372549,0.6796116504854369,-0.016466780887112065,43,43.0,0.0
Gucheng,14,4,0.07514125580531887,0.07514125580531887,POST_HOC_DIAGNOSTIC_ONLY,0.11843513630555867,0.10227214861441057,-0.0161629876911481,0.01500851940710757,0.03203282964915021,0.017024310242042644,0.12584595505918025,0.3226627244110885,0.19681676935190826,0.7765529895655358,0.7938103679263435,0.017257378360807762,0.11843513630555867,0.10227214861441057,-0.0161629876911481,0.0,0.0,0.0,2.395348837209302,2.58974358974359,0.19439475253428773,0.6568627450980392,0.6699029126213593,0.013040167523320045,43,43.0,0.0
Gucheng,14,5,0.07514125580531887,0.07514125580531887,POST_HOC_DIAGNOSTIC_ONLY,0.11083144085997715,0.10145029233864074,-0.00938114852133641,0.02050569262478082,0.03160385087941537,0.01109815825463455,0.18401745490193414,0.3182719471916932,0.13425449228975908,0.7855060299186084,0.794306356667448,0.008800326748839571,0.11083144085997715,0.10145029233864074,-0.00938114852133641,0.0,0.0,0.0,2.340909090909091,2.5365853658536586,0.19567627494456774,0.7156862745098039,0.6796116504854369,-0.03607462402436701,43,43.0,0.0
Gucheng,14,6,0.07514125580531887,0.07514125580531887,POST_HOC_DIAGNOSTIC_ONLY,0.11335070608852123,0.10214254247000419,-0.011208163618517036,0.019699528515606284,0.03206151533056589,0.012361986814959609,0.17196039436282431,0.3212263733150932,0.14926597895226887,0.7786915346971033,0.7887393474366923,0.01004781273958899,0.11335070608852123,0.10214254247000419,-0.011208163618517036,0.0,0.0,0.0,2.1702127659574466,2.575,0.40478723404255357,0.7524752475247525,0.6764705882352942,-0.07600465928945832,44,44.0,0.0
Gucheng,14,7,0.07514125580531887,0.07514125580531887,POST_HOC_DIAGNOSTIC_ONLY,0.12264286290990331,0.10211957263851168,-0.02052329027139163,0.01426788656648397,0.03129259802403505,0.01702471145755108,0.11500270683174216,0.3082832391364547,0.19328053230471257,0.7676134184825073,0.7890678658489225,0.02145444736641522,0.12264286290990331,0.10211957263851168,-0.02052329027139163,0.0,0.0,0.0,1.9245283018867925,2.58974358974359,0.6652152878567974,0.7623762376237624,0.6666666666666666,-0.09570957095709576,44,44.0,0.0
Gucheng,14,8,0.07514125580531887,0.07514125580531887,POST_HOC_DIAGNOSTIC_ONLY,0.13222533216462512,0.10346440830686719,-0.028760923857757928,0.007694248018028858,0.030619178773476797,0.02292493075544794,0.05757593663698887,0.2944661251657645,0.2368901885287756,0.7584298852120022,0.7871700811561111,0.028740195944108926,0.13222533216462512,0.10346440830686719,-0.028760923857757928,0.0,0.0,0.0,1.9615384615384615,2.525,0.5634615384615385,0.7920792079207921,0.6666666666666666,-0.1254125412541255,44,44.0,0.0
Gucheng,14,9,0.07514125580531887,0.07514125580531887,POST_HOC_DIAGNOSTIC_ONLY,0.14352894049091483,0.10338552160689919,-0.04014341888401564,0.0032116481958208744,0.0305784102117045,0.027366762015883627,0.022124218495562717,0.2947760886595436,0.27265187016398085,0.7474608452752165,0.7883492631022371,0.04088841782702057,0.14352894049091483,0.10338552160689919,-0.04014341888401564,0.0,0.0,0.0,1.8214285714285714,2.575,0.7535714285714288,0.7920792079207921,0.6568627450980392,-0.1352164628227529,43,43.0,0.0
Gucheng,14,10,0.07514125580531887,0.07514125580531887,POST_HOC_DIAGNOSTIC_ONLY,0.14461704453529883,0.10307230783328268,-0.04154473670201615,5.773091133559714e-05,0.03015509321478015,0.030097362303444553,0.00039499909401810167,0.29320220550246445,0.2928072064084464,0.7477895604710637,0.7886927048938838,0.04090314442282006,0.14461704453529883,0.10307230783328268,-0.04154473670201615,0.0,0.0,0.0,1.7586206896551724,2.55,0.7913793103448274,0.7623762376237624,0.6666666666666666,-0.09570957095709576,44,44.0,0.0
Gucheng,14,11,0.07514125580531887,0.07514125580531887,POST_HOC_DIAGNOSTIC_ONLY,0.14045711626673107,0.10192003909716836,-0.038537077169562714,-0.001579051885558634,0.031592860776091365,0.033171912661649997,-0.011196324300235126,0.3078437034874754,0.31904002778771057,0.7542468976161616,0.7905483232327025,0.03630142561654093,0.14045711626673107,0.10192003909716836,-0.038537077169562714,0.0,0.0,0.0,1.9615384615384615,2.525,0.5634615384615385,0.7623762376237624,0.6666666666666666,-0.09570957095709576,44,44.0,0.0
Gucheng,14,12,0.07514125580531887,0.07514125580531887,POST_HOC_DIAGNOSTIC_ONLY,0.14244590762148834,0.10250671599675898,-0.039939191624729364,-0.001317382189575191,0.031594762569601885,0.03291214475917707,-0.0091981170896142,0.30665393318944,0.3158520502790542,0.7546146955323496,0.7904069575260724,0.03579226199372276,0.14244590762148834,0.10250671599675898,-0.039939191624729364,0.0,0.0,0.0,1.9615384615384615,2.55,0.5884615384615384,0.801980198019802,0.6666666666666666,-0.1353135313531354,44,44.0,0.0
Gucheng,14,13,0.07514125580531887,0.07514125580531887,POST_HOC_DIAGNOSTIC_ONLY,0.1434595529084612,0.10365480399684059,-0.03980474891162063,-0.002261011677375614,0.031486067720965474,0.03374707939834109,-0.015684126961992572,0.30124550624199203,0.3169296332039846,0.7542367865720422,0.7887673634157766,0.034530576843734395,0.1434595529084612,0.10365480399684059,-0.03980474891162063,0.0,0.0,0.0,2.0,2.5121951219512195,0.5121951219512195,0.7920792079207921,0.6666666666666666,-0.1254125412541255,44,44.0,0.0
Huairou,6,0,0.07348701044475042,0.07348701044475042,POST_HOC_DIAGNOSTIC_ONLY,0.24703181730204515,0.17132255454778175,-0.0757092627542634,0.024285400272067808,0.03832457716390515,0.014039176891837344,0.10039049929906779,0.23033273335666707,0.12994223405759928,0.547214473740893,0.6196182094112027,0.07240373567030967,0.24703181730204515,0.17132255454778175,-0.0757092627542634,0.004310344827586207,0.0,-0.004310344827586207,1.9579831932773109,2.1743119266055047,0.2163287333281938,0.7370689655172413,0.6818181818181818,-0.05525078369905956,39,39.0,0.0
Huairou,6,1,0.07348701044475042,0.07348701044475042,POST_HOC_DIAGNOSTIC_ONLY,0.2516180934177251,0.17064315088589266,-0.08097494253183246,0.038484886936617904,0.039325734029844794,0.0008408470932268902,0.1561347381113563,0.22889995859873696,0.07276522048738066,0.5414151767144795,0.619083934733961,0.07766875801948148,0.2516180934177251,0.17064315088589266,-0.08097494253183246,0.0043859649122807015,0.0,-0.0043859649122807015,1.9572649572649572,2.1559633027522938,0.19869834548733656,0.7807017543859649,0.6818181818181818,-0.09888357256778313,40,40.0,0.0
Huairou,6,2,0.07348701044475042,0.07348701044475042,POST_HOC_DIAGNOSTIC_ONLY,0.254014240707286,0.1699920064495142,-0.0840222342577718,0.04340229578470604,0.03855338403183482,-0.004848911752871214,0.16975133439543894,0.2240765750225082,0.054325240627069254,0.5377673155383915,0.6208314520347283,0.08306413649633682,0.254014240707286,0.1699920064495142,-0.0840222342577718,0.004310344827586207,0.0,-0.004310344827586207,1.9416666666666667,2.1636363636363636,0.22196969696969693,0.7801724137931034,0.6859504132231405,-0.09422200056996288,40,40.0,0.0
Huairou,6,3,0.07348701044475042,0.07348701044475042,POST_HOC_DIAGNOSTIC_ONLY,0.2577958978234013,0.16924893850288653,-0.08854695932051476,-0.006098543405690266,0.03948429768259572,0.04558284108828598,-0.02384750229053241,0.23478639477660468,0.2586338970671371,0.5221215791911056,0.6209299406649044,0.09880836147379879,0.2577958978234013,0.16924893850288653,-0.08854695932051476,0.0,0.0,0.0,1.925,2.1636363636363636,0.23863636363636354,0.7565217391304347,0.6859504132231405,-0.0705713259072942,40,40.0,0.0
Huairou,6,4,0.07348701044475042,0.07348701044475042,POST_HOC_DIAGNOSTIC_ONLY,0.2551674856013431,0.16941959151165167,-0.08574789408969144,0.006310012761343327,0.04090329898278342,0.034593286221440096,0.024995622961668535,0.24123744972082195,0.2162418267591534,0.5285867767514286,0.618653442978432,0.09006666622700343,0.2551674856013431,0.16941959151165167,-0.08574789408969144,0.004366812227074236,0.0,-0.004366812227074236,2.149532710280374,2.1559633027522938,0.006430592471919905,0.74235807860262,0.6846473029045643,-0.057710775698055716,39,39.0,0.0
Huairou,6,5,0.07348701044475042,0.07348701044475042,POST_HOC_DIAGNOSTIC_ONLY,0.25006096206772177,0.1718809275700806,-0.07818003449764116,0.01769348759857009,0.03929090260444404,0.02159741500587395,0.07112948375835201,0.22163329228952028,0.15050380853116826,0.5404635686143083,0.6164402328101024,0.07597666419579407,0.25006096206772177,0.1718809275700806,-0.07818003449764116,0.004366812227074236,0.0,-0.004366812227074236,2.233009708737864,2.146788990825688,-0.08622071791217589,0.7379912663755459,0.6887966804979253,-0.0491945858776206,37,37.0,0.0
Huairou,7,0,0.07348701044475042,0.07348701044475042,POST_HOC_DIAGNOSTIC_ONLY,0.20159022786327846,0.15313595606355274,-0.04845427179972572,0.01674920521729906,0.037560564783778984,0.020811359566479923,0.08533629193618253,0.2392388990885984,0.15390260715241588,0.5823229618332098,0.6362288116527306,0.053905849819520846,0.20159022786327846,0.15313595606355274,-0.04845427179972572,0.0,0.0,0.0,2.0306122448979593,2.161290322580645,0.1306780776826857,0.7525252525252525,0.6714975845410628,-0.0810276679841897,41,41.0,0.0
Huairou,7,1,0.07348701044475042,0.07348701044475042,POST_HOC_DIAGNOSTIC_ONLY,0.22525534509942027,0.1520071287964327,-0.07324821630298758,0.01338883981303454,0.03747578273839083,0.024086942925356285,0.06005091064901848,0.24708001589068893,0.18702910524167043,0.5600141474368739,0.6373219472334217,0.07730779979654778,0.22525534509942027,0.1520071287964327,-0.07324821630298758,0.0,0.0,0.0,2.0631578947368423,2.1739130434782608,0.11075514874141845,0.7333333333333333,0.6714975845410628,-0.061835748792270495,41,41.0,0.0
Huairou,7,2,0.07348701044475042,0.07348701044475042,POST_HOC_DIAGNOSTIC_ONLY,0.23980160984539214,0.15151444705998107,-0.08828716278541107,0.017415912976189454,0.037543796848383985,0.02012788387219453,0.07327479816363681,0.24517562582258484,0.17190082765894804,0.5513757814686483,0.6376778001551724,0.0863020186865241,0.23980160984539214,0.15151444705998107,-0.08828716278541107,0.0,0.0,0.0,2.1555555555555554,2.1847826086956523,0.02922705314009688,0.7564766839378239,0.6763285024154589,-0.08014818152236491,39,39.0,0.0
Huairou,7,3,0.07348701044475042,0.07348701044475042,POST_HOC_DIAGNOSTIC_ONLY,0.24329209202871982,0.14969658389559656,-0.09359550813312326,0.015903693936050095,0.038007668702119676,0.02210397476606958,0.06618993235475515,0.24945917855224714,0.183269246197492,0.5492101030763001,0.6389126998488455,0.08970259677254533,0.24329209202871982,0.14969658389559656,-0.09359550813312326,0.005128205128205128,0.0,-0.005128205128205128,1.97979797979798,2.172043010752688,0.19224503095470813,0.7897435897435897,0.6763285024154589,-0.11341508732813077,40,40.0,0.0
Huairou,7,4,0.07348701044475042,0.07348701044475042,POST_HOC_DIAGNOSTIC_ONLY,0.21940838595255246,0.14977340154394522,-0.06963498440860724,0.025321058180876082,0.03753348895157527,0.012212430770699185,0.12050746712739098,0.2524556458735452,0.13194817874615422,0.5667379298215061,0.6412867026225485,0.07454877280104244,0.21940838595255246,0.14977340154394522,-0.06963498440860724,0.005128205128205128,0.0,-0.005128205128205128,2.0851063829787235,2.197802197802198,0.11269581482347446,0.7025641025641025,0.6714975845410628,-0.031066518023039724,40,40.0,0.0
Huairou,7,5,0.07348701044475042,0.07348701044475042,POST_HOC_DIAGNOSTIC_ONLY,0.20851845517513234,0.14943584796807566,-0.05908260720705669,0.02814361711686224,0.03708327335346443,0.00893965623660219,0.134841973844466,0.24784124374370714,0.11299926989924114,0.5869293464486514,0.6390383545642389,0.052109008115587496,0.20851845517513234,0.14943584796807566,-0.05908260720705669,0.005076142131979695,0.0,-0.005076142131979695,2.020408163265306,2.182795698924731,0.1623875356594251,0.7208121827411168,0.6763285024154589,-0.04448368032565786,40,40.0,0.0
Huairou,7,6,0.07348701044475042,0.07348701044475042,POST_HOC_DIAGNOSTIC_ONLY,0.1907424028443119,0.15300890803531775,-0.037733494808994156,0.024621454531137617,0.0371558771617517,0.012534422630614082,0.13366666544920325,0.23967450921607267,0.10600784376686942,0.5826108817944102,0.6351390552876948,0.052528173493284536,0.1907424028443119,0.15300890803531775,-0.037733494808994156,0.0,0.0,0.0,2.2045454545454546,2.150537634408602,-0.05400782013685257,0.7357512953367875,0.6699029126213593,-0.06584838271542826,41,41.0,0.0
Huairou,8,0,0.07348701044475042,0.07348701044475042,POST_HOC_DIAGNOSTIC_ONLY,0.1904733185256183,0.13794204274342883,-0.05253127578218947,0.026091065625156958,0.03678732148485468,0.010696255859697724,0.13922686934910863,0.2625465552860084,0.12331968593689976,0.597013852703529,0.6523145717157781,0.05530071901224909,0.1904733185256183,0.13794204274342883,-0.05253127578218947,0.0,0.0,0.0,1.9540229885057472,2.175,0.22097701149425264,0.7751479289940828,0.6629834254143646,-0.11216450357971819,42,42.0,0.0
Huairou,8,1,0.07348701044475042,0.07348701044475042,POST_HOC_DIAGNOSTIC_ONLY,0.19821594902145898,0.13876228937747254,-0.05945365964398644,0.026797511545476146,0.03524455751885965,0.008447045973383506,0.13646050171837548,0.25459001131559855,0.11812950959722307,0.5895243529125406,0.6516211003333512,0.062096747420810616,0.19821594902145898,0.13876228937747254,-0.05945365964398644,0.0,0.0,0.0,1.9425287356321839,2.1481481481481484,0.2056194125159645,0.7440476190476191,0.6685082872928176,-0.07553933175480143,41,41.0,0.0
Huairou,8,2,0.07348701044475042,0.07348701044475042,POST_HOC_DIAGNOSTIC_ONLY,0.19933916462230214,0.1376359374152573,-0.06170322720704485,0.03267204804356029,0.03637369577137373,0.003701647727813444,0.15738004919004409,0.26344895830283527,0.10606890911279118,0.5936316528270806,0.6519823401906605,0.058350687363579845,0.19933916462230214,0.1376359374152573,-0.06170322720704485,0.005847953216374269,0.0,-0.005847953216374269,1.9770114942528736,2.2025316455696204,0.22552015131674685,0.7251461988304093,0.6629834254143646,-0.0621627734160447,39,39.0,0.0
Huairou,8,3,0.07348701044475042,0.07348701044475042,POST_HOC_DIAGNOSTIC_ONLY,0.18861000087572344,0.13848536595808697,-0.05012463491763647,0.009813126603405975,0.03694603000264814,0.027132903399242167,0.05318932200267227,0.27046262190270143,0.21727329990002917,0.5909407270343373,0.6530426658928823,0.06210193885854498,0.18861000087572344,0.13848536595808697,-0.05012463491763647,0.0,0.0,0.0,2.073170731707317,2.2025316455696204,0.1293609138623033,0.7514792899408284,0.6574585635359116,-0.09402072640491677,42,42.0,0.0
Huairou,8,4,0.07348701044475042,0.07348701044475042,POST_HOC_DIAGNOSTIC_ONLY,0.1776841612313474,0.13831970307124394,-0.03936445816010345,0.014671374724293015,0.037764922774708345,0.02309354805041533,0.0867453500740676,0.2665137093993713,0.17976835932530372,0.6067001759569973,0.6524491675966458,0.04574899163964852,0.1776841612313474,0.13831970307124394,-0.03936445816010345,0.0,0.0,0.0,2.0853658536585367,2.2025316455696204,0.11716579191108378,0.711764705882353,0.6629834254143646,-0.04878128046798835,42,42.0,0.0
Huairou,8,5,0.07348701044475042,0.07348701044475042,POST_HOC_DIAGNOSTIC_ONLY,0.1842650595236906,0.13752047358221553,-0.04674458594147507,0.012639049150425189,0.03614889719840246,0.02350984804797727,0.07269991582510472,0.2655847487037549,0.19288483287865021,0.6023524007436234,0.6502368653628243,0.04788446461920093,0.1842650595236906,0.13752047358221553,-0.04674458594147507,0.0,0.0,0.0,1.988235294117647,2.175,0.18676470588235272,0.7202380952380952,0.6629834254143646,-0.05725466982373062,40,40.0,0.0
Huairou,8,6,0.07348701044475042,0.07348701044475042,POST_HOC_DIAGNOSTIC_ONLY,0.20239124456083055,0.13658060332895852,-0.06581064123187202,0.01192704995033386,0.036843061381351204,0.02491601143101734,0.0638364098682644,0.2717695635337527,0.2079331536654883,0.5819612817357981,0.6507743241449713,0.06881304240917319,0.20239124456083055,0.13658060332895852,-0.06581064123187202,0.0,0.0,0.0,2.125,2.1875,0.0625,0.7514792899408284,0.6611111111111111,-0.09036817882971726,42,42.0,0.0
Huairou,8,7,0.07348701044475042,0.07348701044475042,POST_HOC_DIAGNOSTIC_ONLY,0.20228613336927723,0.13799744870565459,-0.06428868466362264,0.017108324050183473,0.03637932787250183,0.019271003822318358,0.08731778430264348,0.26199013354264766,0.1746723492400042,0.5866890485003057,0.6494455298151162,0.06275648131481049,0.20228613336927723,0.13799744870565459,-0.06428868466362264,0.0,0.0,0.0,2.0609756097560976,2.175,0.11402439024390221,0.7619047619047619,0.6666666666666666,-0.09523809523809523,41,41.0,0.0
Huairou,9,0,0.07348701044475042,0.07348701044475042,POST_HOC_DIAGNOSTIC_ONLY,0.1804426916880865,0.1258176832893052,-0.05462500839878129,0.017334088725755085,0.03497880149530292,0.017644712769547835,0.10130858810339888,0.2766515612413887,0.1753429731379898,0.6152804606041361,0.6645593108152422,0.04927885021110612,0.1804426916880865,0.1258176832893052,-0.05462500839878129,0.0,0.0,0.0,1.948051948051948,2.2142857142857144,0.2662337662337664,0.7449664429530202,0.6459627329192547,-0.09900371003376551,40,40.0,0.0
Huairou,9,1,0.07348701044475042,0.07348701044475042,POST_HOC_DIAGNOSTIC_ONLY,0.18259476385131318,0.1272030458667328,-0.05539171798458037,0.01893991985748715,0.03509241345096803,0.01615249359348088,0.10990274088948479,0.2770834050368656,0.16718066414738084,0.6018396067407996,0.6644319597866828,0.06259235304588318,0.18259476385131318,0.1272030458667328,-0.05539171798458037,0.0,0.0,0.0,1.8860759493670887,2.1690140845070425,0.2829381351399538,0.7635135135135135,0.6521739130434783,-0.11133960047003522,42,42.0,0.0
Huairou,9,2,0.07348701044475042,0.07348701044475042,POST_HOC_DIAGNOSTIC_ONLY,0.18010101439186493,0.126648287173111,-0.05345272721875394,0.014957733451126316,0.034640480994962905,0.019682747543836587,0.08275696197225108,0.2739945225626725,0.1912375605904214,0.6052856837816707,0.6643747175334354,0.059089033751764664,0.18010101439186493,0.126648287173111,-0.05345272721875394,0.006622516556291391,0.0,-0.006622516556291391,1.9487179487179487,2.217391304347826,0.2686733556298775,0.7350993377483444,0.6521739130434783,-0.08292542470486608,42,42.0,0.0
Huairou,9,3,0.07348701044475042,0.07348701044475042,POST_HOC_DIAGNOSTIC_ONLY,0.16342927510827365,0.12609764206526208,-0.03733163304301157,0.013218317482494522,0.0343676450814864,0.02114932759899188,0.0835080241497475,0.2738394207851367,0.19033139663538917,0.612354564366542,0.6636762021141301,0.051321637747588134,0.16342927510827365,0.12609764206526208,-0.03733163304301157,0.0,0.0,0.0,1.9230769230769231,2.1857142857142855,0.26263736263736237,0.7516778523489933,0.6521739130434783,-0.09950393930551504,41,41.0,0.0
Huairou,9,4,0.07348701044475042,0.07348701044475042,POST_HOC_DIAGNOSTIC_ONLY,0.17104705962595135,0.12864750828626964,-0.04239955133968171,0.014551419199943351,0.03453735134023094,0.019985932140287592,0.0877434715915892,0.27091111986672217,0.183167648275133,0.6172655227127193,0.6595892728154392,0.04232375010271994,0.17104705962595135,0.12864750828626964,-0.04239955133968171,0.0,0.0,0.0,2.142857142857143,2.217391304347826,0.07453416149068337,0.6912751677852349,0.65,-0.04127516778523488,44,44.0,0.0
Huairou,9,5,0.07348701044475042,0.07348701044475042,POST_HOC_DIAGNOSTIC_ONLY,0.17285164117758006,0.1280709293644999,-0.04478071181308016,0.017188712991420087,0.033858688923365035,0.01666997593194495,0.09974496131345119,0.2678507930263476,0.16810583171289645,0.6183192861215909,0.6599351299642943,0.04161584384270334,0.17285164117758006,0.1280709293644999,-0.04478071181308016,0.0,0.0,0.0,2.1739130434782608,2.1857142857142855,0.011801242236024745,0.7315436241610739,0.65625,-0.07529362416107388,37,37.0,0.0
Huairou,9,6,0.07348701044475042,0.07348701044475042,POST_HOC_DIAGNOSTIC_ONLY,0.1705094652115143,0.12636970210378662,-0.044139763107727686,0.007138597933867447,0.03543993958391304,0.028301341650045594,0.04296509008075684,0.2806847429084655,0.23771965282770868,0.6129795900377878,0.6602134604746233,0.04723387043683547,0.1705094652115143,0.12636970210378662,-0.044139763107727686,0.0,0.0,0.0,1.9113924050632911,2.2028985507246377,0.2915061456613466,0.7466666666666667,0.64375,-0.10291666666666666,45,45.0,0.0
Huairou,9,7,0.07348701044475042,0.07348701044475042,POST_HOC_DIAGNOSTIC_ONLY,0.17334474162261684,0.12626656225395638,-0.04707817936866046,0.01971367526974295,0.035867047010538076,0.016153371740795126,0.11661723488843236,0.28368153313085787,0.16706429824242552,0.6140921613002642,0.6622068399481517,0.04811467864788743,0.17334474162261684,0.12626656225395638,-0.04707817936866046,0.0,0.0,0.0,2.0136986301369864,2.2142857142857144,0.20058708414872806,0.7465753424657534,0.65,-0.09657534246575339,40,40.0,0.0
Huairou,9,8,0.07348701044475042,0.07348701044475042,POST_HOC_DIAGNOSTIC_ONLY,0.16966894488777887,0.12586478580142718,-0.043804159086351685,0.030256823738097374,0.03619056819778669,0.005933744459689316,0.1883242201769969,0.2883882639647322,0.10006404378773531,0.6167859625913554,0.6625714593922594,0.045785496800903935,0.16966894488777887,0.12586478580142718,-0.043804159086351685,0.0,0.0,0.0,2.176470588235294,2.2,0.023529411764706243,0.7006802721088435,0.65,-0.050680272108843516,45,45.0,0.0
Huairou,10,0,0.07348701044475042,0.07348701044475042,POST_HOC_DIAGNOSTIC_ONLY,0.17341957719498718,0.11559323363594129,-0.057826343559045895,0.01550684916310115,0.0355925716662331,0.02008572250313195,0.08849247246133661,0.3108212288371159,0.22232875637577926,0.6196696028156994,0.6763052606048776,0.05663565778917823,0.17341957719498718,0.11559323363594129,-0.057826343559045895,0.0,0.0,0.0,2.0428571428571427,2.306451612903226,0.2635944700460833,0.7676056338028169,0.6896551724137931,-0.07795046138902373,42,42.0,0.0
Huairou,10,1,0.07348701044475042,0.07348701044475042,POST_HOC_DIAGNOSTIC_ONLY,0.17656027219384843,0.11581136285709835,-0.060748909336750076,0.017442058897997055,0.035308507818275076,0.01786644892027802,0.09780469804370127,0.30575979225252714,0.20795509420882585,0.6109651326618545,0.6754519508075539,0.06448681814569945,0.17656027219384843,0.11581136285709835,-0.060748909336750076,0.0,0.0,0.0,2.0428571428571427,2.2698412698412698,0.22698412698412707,0.704225352112676,0.6827586206896552,-0.0214667314230208,40,40.0,0.0
Huairou,10,2,0.07348701044475042,0.07348701044475042,POST_HOC_DIAGNOSTIC_ONLY,0.16940200520625595,0.1177096350248707,-0.051692370181385255,0.024309818245839065,0.03506892574195415,0.010759107496115087,0.14235732880198973,0.30396550263018157,0.16160817382819184,0.6186563620659593,0.6727995525849965,0.054143190519037154,0.16940200520625595,0.1177096350248707,-0.051692370181385255,0.0,0.0,0.0,2.1194029850746268,2.2903225806451615,0.1709195955705347,0.75177304964539,0.6805555555555556,-0.07121749408983447,41,41.0,0.0
Huairou,10,3,0.07348701044475042,0.07348701044475042,POST_HOC_DIAGNOSTIC_ONLY,0.1637859015802197,0.11953195932837996,-0.044253942251839734,0.026135639233829038,0.03585183394599308,0.009716194712164044,0.1575783598986265,0.3028683921964464,0.1452900322978199,0.625869824289888,0.6702952557777758,0.0444254314878878,0.1637859015802197,0.11953195932837996,-0.044253942251839734,0.0070921985815602835,0.0,-0.0070921985815602835,2.1515151515151514,2.274193548387097,0.1226783968719456,0.7092198581560284,0.6875,-0.021719858156028393,44,44.0,0.0
Huairou,10,4,0.07348701044475042,0.07348701044475042,POST_HOC_DIAGNOSTIC_ONLY,0.15212378917839958,0.1199601982655892,-0.03216359091281039,0.025594227107881014,0.03574247215580283,0.01014824504792182,0.1666405797214043,0.29642303709176876,0.12978245737036445,0.6363296903654954,0.6698370523932801,0.033507362027784704,0.15212378917839958,0.1199601982655892,-0.03216359091281039,0.007042253521126761,0.0,-0.007042253521126761,2.072463768115942,2.2580645161290325,0.18560074801309057,0.7323943661971831,0.6875,-0.04489436619718312,43,43.0,0.0
Huairou,10,5,0.07348701044475042,0.07348701044475042,POST_HOC_DIAGNOSTIC_ONLY,0.15125988929630044,0.12174316853690811,-0.029516720759392323,0.021128554220226844,0.03567189580243066,0.014543341582203814,0.1383189220889479,0.29339062585317494,0.15507170376422705,0.6375262408152894,0.667941116493375,0.03041487567808554,0.15125988929630044,0.12174316853690811,-0.029516720759392323,0.007042253521126761,0.0,-0.007042253521126761,1.9589041095890412,2.234375,0.27547089041095885,0.7464788732394366,0.6875,-0.058978873239436624,42,42.0,0.0
Huairou,10,6,0.07348701044475042,0.07348701044475042,POST_HOC_DIAGNOSTIC_ONLY,0.15503099599966616,0.12040791456962469,-0.034623081430041475,0.023310035617168563,0.035402874064335996,0.012092838447167433,0.14812462476227797,0.2933301997839294,0.1452055750216514,0.6367694664319675,0.6678273151484672,0.031057848716499636,0.15503099599966616,0.12040791456962469,-0.034623081430041475,0.007042253521126761,0.0,-0.007042253521126761,2.0140845070422535,2.2698412698412698,0.25575676279901627,0.7394366197183099,0.6875,-0.05193661971830987,42,42.0,0.0
Huairou,10,7,0.07348701044475042,0.07348701044475042,POST_HOC_DIAGNOSTIC_ONLY,0.1574160382720669,0.12105144597326196,-0.03636459229880494,0.024801942043495676,0.03478072821611502,0.009978786172619342,0.1551860592213566,0.2969440846937867,0.1417580254724301,0.6352677461741916,0.6685068190924807,0.03323907291828909,0.1574160382720669,0.12105144597326196,-0.03636459229880494,0.0,0.0,0.0,2.1343283582089554,2.2903225806451615,0.1559942224362061,0.7253521126760564,0.6875,-0.03785211267605637,41,41.0,0.0
Huairou,10,8,0.07348701044475042,0.07348701044475042,POST_HOC_DIAGNOSTIC_ONLY,0.15991322997752566,0.11916398117966899,-0.04074924879785667,0.024257461786362188,0.03554980809293051,0.011292346306568325,0.1499849223077735,0.2984503066337461,0.14846538432597262,0.6297586848639363,0.6697457052297466,0.039987020365810366,0.15991322997752566,0.11916398117966899,-0.04074924879785667,0.0,0.0,0.0,2.3442622950819674,2.2903225806451615,-0.0539397144368059,0.704225352112676,0.6805555555555556,-0.023669796557120426,44,44.0,0.0
Huairou,10,9,0.07348701044475042,0.07348701044475042,POST_HOC_DIAGNOSTIC_ONLY,0.16448615919516052,0.11748045440262948,-0.047005704792531036,0.016212134588785693,0.0359586991407358,0.01974656455195011,0.09738006415265409,0.30488252012989214,0.20750245597723804,0.6242611337802009,0.6710924820558042,0.04683134827560331,0.16448615919516052,0.11748045440262948,-0.047005704792531036,0.0,0.0,0.0,1.9589041095890412,2.2698412698412698,0.3109371602522286,0.7464788732394366,0.6805555555555556,-0.06592331768388104,44,44.0,0.0
Huairou,11,0,0.07348701044475042,0.07348701044475042,POST_HOC_DIAGNOSTIC_ONLY,0.16320324176714443,0.110486978250754,-0.05271626351639043,0.015818995202187592,0.03552242373129811,0.019703428529110518,0.09576735334987535,0.32164311850013333,0.22587576515025798,0.6327159064408638,0.6797265187472773,0.04701061230641346,0.16320324176714443,0.110486978250754,-0.05271626351639043,0.0,0.0,0.0,2.03125,2.3035714285714284,0.2723214285714284,0.7286821705426356,0.6717557251908397,-0.05692644535179592,42,42.0,0.0
Huairou,11,1,0.07348701044475042,0.07348701044475042,POST_HOC_DIAGNOSTIC_ONLY,0.1663532670968341,0.1118991339011301,-0.054454133195703996,0.015837737193222037,0.03470925167059029,0.01887151447736825,0.0938546464255155,0.3131859223084648,0.21933127588294932,0.6242493322753947,0.6780898937875421,0.053840561512147445,0.1663532670968341,0.1118991339011301,-0.054454133195703996,0.007751937984496124,0.0,-0.007751937984496124,1.9696969696969697,2.3214285714285716,0.3517316017316019,0.7131782945736435,0.6717557251908397,-0.04142256938280375,43,43.0,0.0
Huairou,11,2,0.07348701044475042,0.07348701044475042,POST_HOC_DIAGNOSTIC_ONLY,0.15809861479704723,0.11224177440513505,-0.04585684039191218,0.01851737810336501,0.03474270282997712,0.016225324726612114,0.11544178931627364,0.30579635994288074,0.1903545706266071,0.6333388259143367,0.6775012766133695,0.044162450699032796,0.15809861479704723,0.11224177440513505,-0.04585684039191218,0.007751937984496124,0.0,-0.007751937984496124,1.911764705882353,2.263157894736842,0.351393188854489,0.751937984496124,0.6717557251908397,-0.08018225930528433,42,42.0,0.0
Huairou,11,3,0.07348701044475042,0.07348701044475042,POST_HOC_DIAGNOSTIC_ONLY,0.1467983839211307,0.11234934058295663,-0.03444904333817407,0.021287862477229927,0.03458408935576565,0.013296226878535725,0.14334876599661564,0.3038186596988936,0.16046989370227796,0.6456378336174929,0.676993318200662,0.03135548458316906,0.1467983839211307,0.11234934058295663,-0.03444904333817407,0.007751937984496124,0.0,-0.007751937984496124,2.03125,2.3035714285714284,0.2723214285714284,0.7596899224806202,0.6793893129770993,-0.08030060950352091,43,43.0,0.0
Huairou,11,4,0.07348701044475042,0.07348701044475042,POST_HOC_DIAGNOSTIC_ONLY,0.14065324438247562,0.11166087307949979,-0.028992371302975828,0.02675434167711595,0.033364523862166394,0.006610182185050443,0.18712118926665638,0.2977041263538358,0.11058293708717942,0.651405734237596,0.6781647407808826,0.026759006543286668,0.14065324438247562,0.11166087307949979,-0.028992371302975828,0.0078125,0.0,-0.0078125,2.263157894736842,2.3035714285714284,0.040413533834586346,0.6796875,0.6793893129770993,-0.00029818702290074217,43,43.0,0.0
Huairou,11,5,0.07348701044475042,0.07348701044475042,POST_HOC_DIAGNOSTIC_ONLY,0.1444978859043366,0.11162182039534711,-0.032876065508989485,0.032036354893275484,0.03282346293864975,0.0007871080453742685,0.21746096444221702,0.294131541693771,0.07667057725155396,0.6457477671479964,0.6784159699422888,0.03266820279429239,0.1444978859043366,0.11162182039534711,-0.032876065508989485,0.0,0.0,0.0,2.3454545454545452,2.2857142857142856,-0.05974025974025965,0.7421875,0.6870229007633588,-0.05516459923664119,42,42.0,0.0
Huairou,11,6,0.07348701044475042,0.07348701044475042,POST_HOC_DIAGNOSTIC_ONLY,0.14493396189747848,0.11231778678920741,-0.03261617510827107,0.026693003860464436,0.03410891688208373,0.007415913021619293,0.18042425436595225,0.2982329873082051,0.11780873294225283,0.6424447151214427,0.677657174996706,0.035212459875263225,0.14493396189747848,0.11231778678920741,-0.03261617510827107,0.0,0.0,0.0,1.9846153846153847,2.3035714285714284,0.3189560439560437,0.78125,0.6793893129770993,-0.10186068702290074,44,44.0,0.0
Huairou,11,7,0.07348701044475042,0.07348701044475042,POST_HOC_DIAGNOSTIC_ONLY,0.14464636948926446,0.11222071947921444,-0.03242565001005002,0.017413568544117568,0.03446485783972315,0.01705128929560558,0.11880070847173713,0.31491910835419995,0.19611839988246282,0.6425884324345157,0.6774711499438968,0.0348827175093811,0.14464636948926446,0.11222071947921444,-0.03242565001005002,0.0,0.0,0.0,2.15,2.263157894736842,0.11315789473684212,0.78125,0.6793893129770993,-0.10186068702290074,42,42.0,0.0
Huairou,11,8,0.07348701044475042,0.07348701044475042,POST_HOC_DIAGNOSTIC_ONLY,0.14131061442456075,0.11071999608083502,-0.03059061834372573,0.013596264414517509,0.03410090784839751,0.020504643433880004,0.09510779390194503,0.3082349290353939,0.2131271351334489,0.6453227623670948,0.678868762430846,0.03354600006375119,0.14131061442456075,0.11071999608083502,-0.03059061834372573,0.0,0.0,0.0,2.0634920634920637,2.280701754385965,0.21720969089390119,0.7209302325581395,0.6793893129770993,-0.041540919581040225,43,43.0,0.0
Huairou,11,9,0.07348701044475042,0.07348701044475042,POST_HOC_DIAGNOSTIC_ONLY,0.15083158727122561,0.10933390751753615,-0.04149767975368947,0.008421114596410243,0.03343040413879332,0.02500928954238308,0.055147624334615335,0.31274806404563904,0.2576004397110237,0.6346835291023323,0.679268613141797,0.044585084039464706,0.15083158727122561,0.10933390751753615,-0.04149767975368947,0.0,0.0,0.0,2.0634920634920637,2.2857142857142856,0.22222222222222188,0.7131782945736435,0.6793893129770993,-0.0337889815965442,43,43.0,0.0
Huairou,11,10,0.07348701044475042,0.07348701044475042,POST_HOC_DIAGNOSTIC_ONLY,0.15179060013380333,0.10929200945659223,-0.042498590677211096,0.016011042516410237,0.035029264080487565,0.01901822156407733,0.10417220950849547,0.3164188796192415,0.212246670110746,0.6355006088867633,0.6776959939267263,0.04219538503996301,0.15179060013380333,0.10929200945659223,-0.042498590677211096,0.0,0.0,0.0,2.263157894736842,2.2857142857142856,0.022556390977443552,0.65625,0.676923076923077,0.02067307692307696,43,43.0,0.0
Huairou,12,0,0.07348701044475042,0.07348701044475042,POST_HOC_DIAGNOSTIC_ONLY,0.1313891586841656,0.10454116183751094,-0.026847996846654648,0.012275459275774248,0.03443191277220908,0.022156453496434837,0.09151280278603832,0.3291141721472858,0.23760136936124746,0.6606147085485682,0.6856825857535218,0.025067877204953626,0.1313891586841656,0.10454116183751094,-0.026847996846654648,0.0,0.0,0.0,2.107142857142857,2.34,0.23285714285714265,0.7264957264957265,0.6666666666666666,-0.05982905982905984,44,44.0,0.0
Huairou,12,1,0.07348701044475042,0.07348701044475042,POST_HOC_DIAGNOSTIC_ONLY,0.14009156267714265,0.10481213992228328,-0.035279422754859374,0.013726183001422382,0.03342849584479703,0.01970231284337465,0.0959368010847149,0.3242179688371329,0.22828116775241797,0.6460492523073359,0.685725618893776,0.03967636658644014,0.14009156267714265,0.10481213992228328,-0.035279422754859374,0.0,0.0,0.0,1.903225806451613,2.3333333333333335,0.4301075268817205,0.7435897435897436,0.6666666666666666,-0.07692307692307698,43,43.0,0.0
Huairou,12,2,0.07348701044475042,0.07348701044475042,POST_HOC_DIAGNOSTIC_ONLY,0.1514873023708711,0.10538714509199337,-0.04610015727887773,0.016102670547197516,0.03276357310218196,0.016660902554984446,0.10490705348471666,0.3114859760117685,0.20657892252705182,0.6382916174942957,0.684656905390351,0.04636528789605521,0.1514873023708711,0.10538714509199337,-0.04610015727887773,0.0,0.0,0.0,1.9833333333333334,2.3137254901960786,0.33039215686274526,0.7203389830508474,0.675,-0.04533898305084738,43,43.0,0.0
Huairou,12,3,0.07348701044475042,0.07348701044475042,POST_HOC_DIAGNOSTIC_ONLY,0.15258370979013658,0.1069251767854391,-0.04565853300469748,0.021825566812765405,0.033917421510720906,0.012091854697955502,0.14169075241446172,0.31717002971558567,0.17547927730112395,0.6412915087174436,0.6835952597684325,0.042303751050988936,0.15258370979013658,0.1069251767854391,-0.04565853300469748,0.0,0.0,0.0,2.38,2.3137254901960786,-0.06627450980392124,0.6779661016949152,0.675,-0.0029661016949151797,44,44.0,0.0
Huairou,12,4,0.07348701044475042,0.07348701044475042,POST_HOC_DIAGNOSTIC_ONLY,0.14288809818653372,0.10623367100851913,-0.03665442717801459,0.02927533559111328,0.03310639112913724,0.003831055538023962,0.20256709911575366,0.30618985266569865,0.10362275354994499,0.6480328948654267,0.6834273979884272,0.03539450312300052,0.14288809818653372,0.10623367100851913,-0.03665442717801459,0.0,0.0,0.0,2.4285714285714284,2.2941176470588234,-0.134453781512605,0.6779661016949152,0.675,-0.0029661016949151797,43,43.0,0.0
Huairou,12,5,0.07348701044475042,0.07348701044475042,POST_HOC_DIAGNOSTIC_ONLY,0.14141049201762976,0.10845832086524496,-0.0329521711523848,0.025326996540747704,0.03365558762128222,0.008328591080534516,0.17706282312781582,0.3084300081673718,0.131367185039556,0.6492942401159172,0.6818494575608121,0.03255521744489487,0.14141049201762976,0.10845832086524496,-0.0329521711523848,0.00847457627118644,0.0,-0.00847457627118644,2.1636363636363636,2.2641509433962264,0.10051457975986278,0.7457627118644068,0.675,-0.07076271186440675,42,42.0,0.0
Huairou,12,6,0.07348701044475042,0.07348701044475042,POST_HOC_DIAGNOSTIC_ONLY,0.14322328315570426,0.10613653019269491,-0.03708675296300935,0.020001491295768194,0.03302736440357551,0.013025873107807315,0.13735049408148403,0.3109670810997186,0.17361658701823457,0.6466337691031161,0.68297404587535,0.03634027677223395,0.14322328315570426,0.10613653019269491,-0.03708675296300935,0.00847457627118644,0.0,-0.00847457627118644,1.9508196721311475,2.269230769230769,0.3184110970996217,0.7627118644067796,0.675,-0.08771186440677958,42,42.0,0.0
Huairou,12,7,0.07348701044475042,0.07348701044475042,POST_HOC_DIAGNOSTIC_ONLY,0.14446645520939777,0.10536676856376703,-0.03909968664563074,0.013580410047645734,0.032478808146489985,0.01889839809884425,0.09215015319976573,0.30983685009138384,0.21768669689161813,0.6441818350330513,0.6847951665113717,0.04061333147832047,0.14446645520939777,0.10536676856376703,-0.03909968664563074,0.00847457627118644,0.0,-0.00847457627118644,1.9508196721311475,2.2941176470588234,0.3432979749276759,0.7542372881355932,0.675,-0.07923728813559316,44,44.0,0.0
Huairou,12,8,0.07348701044475042,0.07348701044475042,POST_HOC_DIAGNOSTIC_ONLY,0.13927178775898433,0.10348947598100011,-0.035782311777984216,0.016480217527488083,0.03247236394504323,0.015992146417555145,0.11614705864938005,0.31679414931313005,0.20064709066375,0.6502216784118336,0.6858945353579013,0.0356728569460677,0.13927178775898433,0.10348947598100011,-0.035782311777984216,0.0,0.0,0.0,2.087719298245614,2.269230769230769,0.1815114709851553,0.7203389830508474,0.675,-0.04533898305084738,44,44.0,0.0
Huairou,12,9,0.07348701044475042,0.07348701044475042,POST_HOC_DIAGNOSTIC_ONLY,0.1284564944998822,0.10410929804738427,-0.02434719645249793,0.01622329611197569,0.03188823082666146,0.015664934714685767,0.12389396576745562,0.30688818879844126,0.18299422303098564,0.660657359581023,0.6851589522790728,0.024501592698049746,0.1284564944998822,0.10410929804738427,-0.02434719645249793,0.0,0.0,0.0,2.087719298245614,2.3137254901960786,0.22600619195046479,0.7203389830508474,0.675,-0.04533898305084738,43,43.0,0.0
Huairou,12,10,0.07348701044475042,0.07348701044475042,POST_HOC_DIAGNOSTIC_ONLY,0.13376596304915112,0.10452594049305934,-0.029240022556091774,0.011587174971569638,0.03329145395913759,0.02170427898756795,0.0847052831038825,0.3197102993997165,0.235005016295834,0.6553431122117915,0.6825640733009719,0.027220961089180373,0.13376596304915112,0.10452594049305934,-0.029240022556091774,0.0,0.0,0.0,2.0526315789473686,2.32,0.26736842105263126,0.7413793103448276,0.6638655462184874,-0.07751376412634026,43,43.0,0.0
Huairou,12,11,0.07348701044475042,0.07348701044475042,POST_HOC_DIAGNOSTIC_ONLY,0.132214676942914,0.10432224673381602,-0.027892430209097985,0.012568085206115161,0.03406064039771136,0.0214925551915962,0.09291027286704616,0.32645915426554406,0.2335488813984979,0.6581321434306829,0.6823156393019265,0.024183495871243577,0.132214676942914,0.10432224673381602,-0.027892430209097985,0.0,0.0,0.0,2.207547169811321,2.34,0.13245283018867893,0.7586206896551724,0.6722689075630253,-0.08635178209214711,42,42.0,0.0
Huairou,13,0,0.07348701044475042,0.07348701044475042,POST_HOC_DIAGNOSTIC_ONLY,0.14256782860273856,0.10113400804160297,-0.04143382056113559,0.010162182547087305,0.03200901135257777,0.021846828805490465,0.0700409282665393,0.3144338175480326,0.24439288928149333,0.6521608028801066,0.6901882050869662,0.03802740220685963,0.14256782860273856,0.10113400804160297,-0.04143382056113559,0.0,0.0,0.0,2.1153846153846154,2.3191489361702127,0.20376432078559725,0.7339449541284404,0.6666666666666666,-0.06727828746177378,44,44.0,0.0
Huairou,13,1,0.07348701044475042,0.07348701044475042,POST_HOC_DIAGNOSTIC_ONLY,0.1311557026812877,0.10150188510809277,-0.029653817573194935,0.013759822863624389,0.03230078635888992,0.018540963495265534,0.10262881312732003,0.31539291507489065,0.21276410194757062,0.6574733025395759,0.689812348491943,0.03233904595236703,0.1311557026812877,0.10150188510809277,-0.029653817573194935,0.0,0.0,0.0,1.8333333333333333,2.3191489361702127,0.4858156028368794,0.7247706422018348,0.6576576576576577,-0.06711298454417713,43,43.0,0.0
Huairou,13,2,0.07348701044475042,0.07348701044475042,POST_HOC_DIAGNOSTIC_ONLY,0.1288600291758295,0.10025009299548583,-0.028609936180343673,0.014178195751090535,0.03174674330311421,0.017568547552023674,0.10746078230343728,0.32171629514241223,0.21425551283897495,0.6609006647417832,0.691222255404676,0.03032159066289275,0.1288600291758295,0.10025009299548583,-0.028609936180343673,0.0,0.0,0.0,2.037037037037037,2.3191489361702127,0.28211189913317547,0.7339449541284404,0.6666666666666666,-0.06727828746177378,42,42.0,0.0
Huairou,13,3,0.07348701044475042,0.07348701044475042,POST_HOC_DIAGNOSTIC_ONLY,0.13528284207866348,0.09898072879739692,-0.03630211328126656,0.015444159133677285,0.031013851412117585,0.0155696922784403,0.11252180428172553,0.315123464938357,0.2026016606566315,0.6576483208542664,0.6918351328965453,0.03418681204227891,0.13528284207866348,0.09898072879739692,-0.03630211328126656,0.009174311926605505,0.0,-0.009174311926605505,1.8644067796610169,2.3191489361702127,0.4547421565091958,0.7431192660550459,0.6576576576576577,-0.08546160839738814,43,43.0,0.0
Huairou,13,4,0.07348701044475042,0.07348701044475042,POST_HOC_DIAGNOSTIC_ONLY,0.13639201162893833,0.09891422065776281,-0.03747779097117551,0.01628872740973787,0.03052192563722109,0.014233198227483219,0.11783483214229427,0.30965710870487256,0.19182227656257828,0.6547909098513287,0.6926798741048772,0.037888964253548485,0.13639201162893833,0.09891422065776281,-0.03747779097117551,0.009174311926605505,0.0,-0.009174311926605505,2.0,2.297872340425532,0.2978723404255321,0.7614678899082569,0.6666666666666666,-0.09480122324159024,44,44.0,0.0
Huairou,13,5,0.07348701044475042,0.07348701044475042,POST_HOC_DIAGNOSTIC_ONLY,0.12136808960397637,0.09857593470755058,-0.02279215489642579,0.017259831434229666,0.03196173103392202,0.014701899599692352,0.13949536458330358,0.3239759872722201,0.18448062268891652,0.6694688170136615,0.6917533813114769,0.022284564297815446,0.12136808960397637,0.09857593470755058,-0.02279215489642579,0.0,0.0,0.0,2.18,2.297872340425532,0.11787234042553196,0.7129629629629629,0.6666666666666666,-0.04629629629629628,44,44.0,0.0
Huairou,13,6,0.07348701044475042,0.07348701044475042,POST_HOC_DIAGNOSTIC_ONLY,0.12122415757173258,0.0990277413513738,-0.022196416220358783,0.01655843824204867,0.03331195210764672,0.016753513865598046,0.13398250136527232,0.328112193889766,0.19412969252449366,0.6703410498822232,0.6896255264784479,0.019284476596224676,0.12122415757173258,0.0990277413513738,-0.022196416220358783,0.0,0.0,0.0,2.0,2.347826086956522,0.34782608695652195,0.7383177570093458,0.6636363636363637,-0.07468139337298207,42,42.0,0.0
Huairou,13,7,0.07348701044475042,0.07348701044475042,POST_HOC_DIAGNOSTIC_ONLY,0.12393253072361102,0.10001713337621368,-0.023915397347397338,0.013982061427354702,0.0325620844517513,0.018580023024396597,0.1111629514297016,0.3262759544382007,0.21511300300849906,0.6686418066004974,0.6891257950830642,0.020483988482566717,0.12393253072361102,0.10001713337621368,-0.023915397347397338,0.0,0.0,0.0,1.9636363636363636,2.3555555555555556,0.391919191919192,0.7476635514018691,0.6636363636363637,-0.08402718776550544,43,43.0,0.0
Huairou,13,8,0.07348701044475042,0.07348701044475042,POST_HOC_DIAGNOSTIC_ONLY,0.13055001066138167,0.10108541261400501,-0.029464598047376653,0.013205752479052695,0.03240365985105066,0.019197907371997967,0.09961189901841071,0.31114773800600176,0.21153583898759104,0.6599782976496145,0.6870489152991237,0.027070617649509243,0.13055001066138167,0.10108541261400501,-0.029464598047376653,0.0,0.0,0.0,1.9636363636363636,2.3191489361702127,0.35551257253384905,0.7289719626168224,0.6636363636363637,-0.06533559898045871,45,45.0,0.0
Huairou,13,9,0.07348701044475042,0.07348701044475042,POST_HOC_DIAGNOSTIC_ONLY,0.12603556967132573,0.10074084279543932,-0.02529472687588641,0.020204128671612816,0.03199976028143327,0.011795631609820452,0.15718062608733727,0.30947860736887595,0.15229798128153868,0.6601300667048172,0.6859631090274433,0.025833042322626065,0.12603556967132573,0.10074084279543932,-0.02529472687588641,0.0,0.0,0.0,2.2708333333333335,2.297872340425532,0.02703900709219864,0.7222222222222222,0.6636363636363637,-0.05858585858585852,43,43.0,0.0
Huairou,13,10,0.07348701044475042,0.07348701044475042,POST_HOC_DIAGNOSTIC_ONLY,0.127449652881334,0.10059552445299047,-0.026854128428343532,0.02263296014486764,0.033136596818376336,0.010503636673508697,0.1733490607418572,0.33182252971293136,0.15847346897107414,0.6570500502200126,0.6865272335102338,0.0294771832902212,0.127449652881334,0.10059552445299047,-0.026854128428343532,0.0,0.0,0.0,2.3191489361702127,2.3260869565217392,0.006938020351526575,0.7037037037037037,0.6545454545454545,-0.04915824915824918,44,44.0,0.0
Huairou,13,11,0.07348701044475042,0.07348701044475042,POST_HOC_DIAGNOSTIC_ONLY,0.134288812346806,0.10155002120859842,-0.03273879113820759,0.018037318991665524,0.032882969584186954,0.01484565059252143,0.13148661730833772,0.3220286420500761,0.19054202474173837,0.6527565635399434,0.6868207450386008,0.03406418149865742,0.134288812346806,0.10155002120859842,-0.03273879113820759,0.0,0.0,0.0,2.477272727272727,2.3333333333333335,-0.1439393939393936,0.7222222222222222,0.6636363636363637,-0.05858585858585852,43,43.0,0.0
Huairou,13,12,0.07348701044475042,0.07348701044475042,POST_HOC_DIAGNOSTIC_ONLY,0.15092682713986186,0.10171258567097631,-0.04921424146888555,0.01329886340866935,0.03297158957261541,0.01967272616394606,0.08730492128926898,0.3224802091502341,0.23517528786096514,0.6427197162882552,0.686285516921173,0.04356580063291782,0.15092682713986186,0.10171258567097631,-0.04921424146888555,0.0,0.0,0.0,1.9285714285714286,2.3260869565217392,0.39751552795031064,0.7663551401869159,0.6636363636363637,-0.10271877655055217,44,44.0,0.0
Huairou,14,0,0.07348701044475042,0.07348701044475042,POST_HOC_DIAGNOSTIC_ONLY,0.1283244116375035,0.09859352175616969,-0.029730889881333808,0.010008545818773796,0.03117152886848656,0.021162983049712765,0.07692783986801553,0.31348327185370223,0.23655543198568668,0.6702627673214706,0.6938723553535318,0.023609588032061146,0.1283244116375035,0.09859352175616969,-0.029730889881333808,0.0,0.0,0.0,2.2954545454545454,2.2954545454545454,0.0,0.7,0.6504854368932039,-0.04951456310679603,44,44.0,0.0
Huairou,14,1,0.07348701044475042,0.07348701044475042,POST_HOC_DIAGNOSTIC_ONLY,0.1315917759809245,0.0998411726065526,-0.0317506033743719,0.007862406456537636,0.030887984824717767,0.02302557836818013,0.05876035192753573,0.30824584576391845,0.24948549383638272,0.662042587599488,0.6936402629216964,0.031597675322208474,0.1315917759809245,0.0998411726065526,-0.0317506033743719,0.0,0.0,0.0,2.02,2.302325581395349,0.2823255813953489,0.68,0.6601941747572816,-0.019805825242718456,44,44.0,0.0
Huairou,14,2,0.07348701044475042,0.07348701044475042,POST_HOC_DIAGNOSTIC_ONLY,0.13085067735799016,0.09703200257640011,-0.03381867478159005,0.0122850551099952,0.03006200890800484,0.01777695379800964,0.09212592620906959,0.3138569220275906,0.221730995818521,0.6619490879293768,0.6940630992748583,0.03211401134548153,0.13085067735799016,0.09703200257640011,-0.03381867478159005,0.0,0.0,0.0,1.9803921568627452,2.272727272727273,0.29233511586452776,0.74,0.6601941747572816,-0.0798058252427184,43,43.0,0.0
Huairou,14,3,0.07348701044475042,0.07348701044475042,POST_HOC_DIAGNOSTIC_ONLY,0.12339586138037309,0.0963096681627024,-0.027086193217670695,0.014958254376559597,0.030594651476423443,0.015636397099863846,0.11870204300330614,0.32214511520161276,0.20344307219830662,0.6676404826797973,0.6956800717183387,0.028039589038541424,0.12339586138037309,0.0963096681627024,-0.027086193217670695,0.0,0.0,0.0,1.9056603773584906,2.2954545454545454,0.3897941680960548,0.74,0.6504854368932039,-0.08951456310679606,43,43.0,0.0
Huairou,14,4,0.07348701044475042,0.07348701044475042,POST_HOC_DIAGNOSTIC_ONLY,0.11688879389319262,0.09482407015981802,-0.022064723733374605,0.018903578621941107,0.03145657074583867,0.012552992123897565,0.15807898689154112,0.3352533517908908,0.17717436489934965,0.6710619559374842,0.6961860347112288,0.025124078773744563,0.11688879389319262,0.09482407015981802,-0.022064723733374605,0.0,0.0,0.0,2.1702127659574466,2.3488372093023258,0.17862444334487915,0.7425742574257426,0.6504854368932039,-0.09208882053253864,43,43.0,0.0
Huairou,14,5,0.07348701044475042,0.07348701044475042,POST_HOC_DIAGNOSTIC_ONLY,0.10327594970928408,0.09431575066814872,-0.008960199041135361,0.023067334888294933,0.031282427581972014,0.008215092693677081,0.21826160467912947,0.331265574726121,0.11300397004699153,0.6822032093871974,0.6967437970475087,0.0145405876603113,0.10327594970928408,0.09431575066814872,-0.008960199041135361,0.0,0.0,0.0,2.125,2.272727272727273,0.14772727272727293,0.7524752475247525,0.6601941747572816,-0.09228107276747088,43,43.0,0.0
Huairou,14,6,0.07348701044475042,0.07348701044475042,POST_HOC_DIAGNOSTIC_ONLY,0.10492905259042407,0.09393676283596299,-0.01099228975446108,0.022588886978927494,0.03113493261355141,0.008546045634623918,0.20957785896150027,0.32469861005740125,0.11512075109590097,0.6805401095737807,0.6928348958978741,0.01229478632409331,0.10492905259042407,0.09393676283596299,-0.01099228975446108,0.0,0.0,0.0,2.1041666666666665,2.3095238095238093,0.2053571428571428,0.7,0.6568627450980392,-0.04313725490196074,44,44.0,0.0
Huairou,14,7,0.07348701044475042,0.07348701044475042,POST_HOC_DIAGNOSTIC_ONLY,0.11282531731003298,0.0943088431074741,-0.018516474202558877,0.01974242448614914,0.03135585783952538,0.01161343335337624,0.17016681552751928,0.3295830611322763,0.15941624560475703,0.6729669036463872,0.6918744760682667,0.01890757242187946,0.11282531731003298,0.0943088431074741,-0.018516474202558877,0.0,0.0,0.0,2.1041666666666665,2.3255813953488373,0.22141472868217082,0.71,0.6568627450980392,-0.05313725490196075,44,44.0,0.0
Huairou,14,8,0.07348701044475042,0.07348701044475042,POST_HOC_DIAGNOSTIC_ONLY,0.12167967707974811,0.09373610751674379,-0.027943569563004325,0.014277550059116286,0.031037676330700387,0.016760126271584103,0.11417728639673683,0.327801824342496,0.21362453794575917,0.6630930486939626,0.693337929651362,0.03024488095739941,0.12167967707974811,0.09373610751674379,-0.027943569563004325,0.0,0.0,0.0,2.2444444444444445,2.357142857142857,0.11269841269841274,0.74,0.6568627450980392,-0.08313725490196078,44,44.0,0.0
Huairou,14,9,0.07348701044475042,0.07348701044475042,POST_HOC_DIAGNOSTIC_ONLY,0.13029879703495428,0.09397181653646781,-0.03632698049848647,0.010918212015947679,0.03070294247345112,0.01978473045750344,0.08153178990114326,0.3252542127641983,0.24372242286305504,0.6538171715263018,0.6936466204464868,0.03982944892018503,0.13029879703495428,0.09397181653646781,-0.03632698049848647,0.0,0.0,0.0,1.9056603773584906,2.302325581395349,0.39666520403685834,0.76,0.6568627450980392,-0.1031372549019608,43,43.0,0.0
Huairou,14,10,0.07348701044475042,0.07348701044475042,POST_HOC_DIAGNOSTIC_ONLY,0.133209295461078,0.0925814155555838,-0.040627879905494185,0.011604667506770517,0.03151999866389151,0.019915331157120995,0.0855632095077319,0.32970571922682346,0.24414250971909157,0.6573883612181852,0.6932264667423664,0.03583810552418121,0.133209295461078,0.0925814155555838,-0.040627879905494185,0.0,0.0,0.0,1.7719298245614035,2.3255813953488373,0.5536515707874339,0.77,0.6470588235294118,-0.12294117647058822,44,44.0,0.0
Huairou,14,11,0.07348701044475042,0.07348701044475042,POST_HOC_DIAGNOSTIC_ONLY,0.13279136363089547,0.09456549251865755,-0.03822587111223792,0.006018001708451412,0.03124329047387648,0.02522528876542507,0.044555710411034836,0.3277467204011958,0.28319100999016095,0.6607867105251267,0.6930371620475309,0.03225045152240413,0.13279136363089547,0.09456549251865755,-0.03822587111223792,0.0,0.0,0.0,2.0408163265306123,2.302325581395349,0.26150925486473664,0.6767676767676768,0.6568627450980392,-0.019904931669637582,44,44.0,0.0
Huairou,14,12,0.07348701044475042,0.07348701044475042,POST_HOC_DIAGNOSTIC_ONLY,0.13197175739668365,0.09531762269108066,-0.036654134705603,0.010776984688689376,0.031245665366645664,0.020468680677956288,0.08090978986756386,0.32890595022532276,0.2479961603577589,0.6642419060199323,0.6934375697890234,0.029195663769091107,0.13197175739668365,0.09531762269108066,-0.036654134705603,0.0,0.0,0.0,2.127659574468085,2.302325581395349,0.17466600692726386,0.696969696969697,0.6568627450980392,-0.0401069518716578,44,44.0,0.0
Huairou,14,13,0.07348701044475042,0.07348701044475042,POST_HOC_DIAGNOSTIC_ONLY,0.13395030005738434,0.09668135220867935,-0.03726894784870499,0.011013584054067832,0.03193928727874183,0.020925703224674,0.08043537403697884,0.32775805397204205,0.2473226799350632,0.6600201530952279,0.6914920753298959,0.03147192223466799,0.13395030005738434,0.09668135220867935,-0.03726894784870499,0.0,0.0,0.0,2.148936170212766,2.2954545454545454,0.14651837524177935,0.74,0.6568627450980392,-0.08313725490196078,44,44.0,0.0
Nongzhanguan,6,0,0.07479395730332487,0.07479395730332487,POST_HOC_DIAGNOSTIC_ONLY,0.2626871767169034,0.18332170675712015,-0.07936546995978325,0.015318936830044823,0.040437379767836505,0.025118442937791682,0.05756190939749703,0.22255543899376057,0.16499352959626354,0.6031340525614456,0.6837891450369831,0.08065509247553748,0.2626871767169034,0.18332170675712015,-0.07936546995978325,0.00425531914893617,0.0,-0.00425531914893617,1.9831932773109244,2.2710280373831777,0.2878347600722533,0.7574468085106383,0.7107438016528925,-0.046703006857745755,39,39.0,0.0
Nongzhanguan,6,1,0.07479395730332487,0.07479395730332487,POST_HOC_DIAGNOSTIC_ONLY,0.24809245340349592,0.1813678074204214,-0.06672464598307451,0.034970802790985724,0.0409192490131998,0.005948446222214077,0.1380992437050629,0.22498001538426862,0.08688077167920571,0.621077875149986,0.687973260182381,0.066895385032395,0.24809245340349592,0.1813678074204214,-0.06672464598307451,0.00425531914893617,0.0,-0.00425531914893617,2.0,2.295238095238095,0.2952380952380951,0.7702127659574468,0.7066115702479339,-0.06360119570951295,40,40.0,0.0
Nongzhanguan,6,2,0.07479395730332487,0.07479395730332487,POST_HOC_DIAGNOSTIC_ONLY,0.25098606751565034,0.18045220364070977,-0.07053386387494057,0.0322683005788924,0.040301683406420194,0.008033382827527795,0.12803917602190676,0.22003752806088703,0.09199835203898027,0.61582231657067,0.6875227168505841,0.07170040027991409,0.25098606751565034,0.18045220364070977,-0.07053386387494057,0.00423728813559322,0.0,-0.00423728813559322,1.8515625,2.2710280373831777,0.4194655373831777,0.7627118644067796,0.7066115702479339,-0.056100294158845765,40,40.0,0.0
Nongzhanguan,6,3,0.07479395730332487,0.07479395730332487,POST_HOC_DIAGNOSTIC_ONLY,0.2617163586331764,0.18260345772048703,-0.07911290091268935,0.01974511689260301,0.041741712428926915,0.021996595536323906,0.07618891717956122,0.22533115521610525,0.14914223803654403,0.5986942969740768,0.6859812652353513,0.08728696826127447,0.2617163586331764,0.18260345772048703,-0.07911290091268935,0.004219409282700422,0.0,-0.004219409282700422,2.087719298245614,2.2641509433962264,0.1764316451506125,0.7426160337552743,0.7024793388429752,-0.0401366949122991,40,40.0,0.0
Nongzhanguan,6,4,0.07479395730332487,0.07479395730332487,POST_HOC_DIAGNOSTIC_ONLY,0.26200346610864994,0.18438891141938388,-0.07761455468926606,0.01950459574403457,0.03951558166042609,0.02001098591639152,0.07492677780116512,0.21566198322079566,0.14073520541963053,0.6034338618989404,0.6819271407648083,0.07849327886586788,0.26200346610864994,0.18438891141938388,-0.07761455468926606,0.00851063829787234,0.0,-0.00851063829787234,1.9831932773109244,2.2641509433962264,0.2809576660853019,0.7617021276595745,0.7095435684647303,-0.052158559194844134,39,39.0,0.0
Nongzhanguan,6,5,0.07479395730332487,0.07479395730332487,POST_HOC_DIAGNOSTIC_ONLY,0.25777647671968035,0.18404850659368593,-0.07372797012599441,0.019345381667746252,0.04079770591857864,0.021452324250832388,0.07465496438780246,0.22274281004970942,0.14808784566190697,0.6051775101238372,0.6812205572984916,0.07604304717465438,0.25777647671968035,0.18404850659368593,-0.07372797012599441,0.00851063829787234,0.0,-0.00851063829787234,1.9344262295081966,2.2547169811320753,0.32029075162387866,0.7574468085106383,0.7053941908713693,-0.05205261763926894,37,37.0,0.0
Nongzhanguan,7,0,0.07479395730332487,0.07479395730332487,POST_HOC_DIAGNOSTIC_ONLY,0.21826303298675462,0.1649437867349089,-0.053319246251845726,0.02608561218099091,0.03916326799599923,0.013077655815008318,0.11941506288653891,0.24831429919313527,0.12889923630659636,0.6531122575195512,0.7019334516600509,0.04882119414049979,0.21826303298675462,0.1649437867349089,-0.053319246251845726,0.0049261083743842365,0.0,-0.0049261083743842365,1.9065420560747663,2.2888888888888888,0.3823468328141224,0.7684729064039408,0.6956521739130435,-0.07282073249089738,41,41.0,0.0
Nongzhanguan,7,1,0.07479395730332487,0.07479395730332487,POST_HOC_DIAGNOSTIC_ONLY,0.23502276769208466,0.16593272438118287,-0.0690900433109018,0.022448618770084777,0.03892233040939119,0.016473711639306415,0.09395301702274311,0.23618192157848664,0.14222890455574352,0.6357245158704447,0.7024240502771358,0.06669953440669119,0.23502276769208466,0.16593272438118287,-0.0690900433109018,0.005,0.0,-0.005,1.99009900990099,2.3,0.30990099009900973,0.77,0.6956521739130435,-0.07434782608695656,41,41.0,0.0
Nongzhanguan,7,2,0.07479395730332487,0.07479395730332487,POST_HOC_DIAGNOSTIC_ONLY,0.2455785600735855,0.16287533821571346,-0.08270322185787204,0.012432533870914338,0.038278120365637845,0.02584558649472351,0.04995200144597187,0.2379848485839618,0.18803284713798993,0.618262569429694,0.7051922676611639,0.0869296982314699,0.2455785600735855,0.16287533821571346,-0.08270322185787204,0.0,0.0,0.0,2.01,2.2888888888888888,0.27888888888888896,0.77,0.6956521739130435,-0.07434782608695656,39,39.0,0.0
Nongzhanguan,7,3,0.07479395730332487,0.07479395730332487,POST_HOC_DIAGNOSTIC_ONLY,0.24490071343284248,0.16215440341851162,-0.08274631001433086,0.008040468333085775,0.03786790893246286,0.029827440599377086,0.03244717870796136,0.23846317954142854,0.20601600083346716,0.6231608187877615,0.7064081340363734,0.08324731524861184,0.24490071343284248,0.16215440341851162,-0.08274631001433086,0.005,0.0,-0.005,1.8962264150943395,2.2777777777777777,0.38155136268343814,0.785,0.7053140096618358,-0.07968599033816426,40,40.0,0.0
Nongzhanguan,7,4,0.07479395730332487,0.07479395730332487,POST_HOC_DIAGNOSTIC_ONLY,0.21411669969949512,0.1603959740733186,-0.053720725626176524,0.02820213660391444,0.038116499522618405,0.009914362918703967,0.13224595220484042,0.23215996353805524,0.09991401133321481,0.6511885708911822,0.7074292723169985,0.056240701425816275,0.21411669969949512,0.1603959740733186,-0.053720725626176524,0.0049504950495049506,0.0,-0.0049504950495049506,1.9150943396226414,2.3,0.3849056603773584,0.7574257425742574,0.6956521739130435,-0.06177356866121397,40,40.0,0.0
Nongzhanguan,7,5,0.07479395730332487,0.07479395730332487,POST_HOC_DIAGNOSTIC_ONLY,0.19862294476402814,0.16185812380638961,-0.03676482095763853,0.03854188648145409,0.038360595640739,-0.00018129084071508844,0.19682512430822308,0.24093301398332598,0.0441078896751029,0.6676562896224668,0.7060009510738211,0.03834466145135429,0.19862294476402814,0.16185812380638961,-0.03676482095763853,0.005,0.0,-0.005,1.8962264150943395,2.2777777777777777,0.38155136268343814,0.725,0.7004830917874396,-0.024516908212560362,40,40.0,0.0
Nongzhanguan,7,6,0.07479395730332487,0.07479395730332487,POST_HOC_DIAGNOSTIC_ONLY,0.20860944407272286,0.16196187287544797,-0.04664757119727489,0.03471213302358575,0.0389868785710217,0.004274745547435947,0.16479626084085125,0.2439508577298307,0.07915459688897944,0.6599677365412769,0.7038098412650461,0.04384210472376915,0.20860944407272286,0.16196187287544797,-0.04664757119727489,0.005025125628140704,0.0,-0.005025125628140704,2.150537634408602,2.2777777777777777,0.12724014336917566,0.7386934673366834,0.6990291262135923,-0.03966434112309114,41,41.0,0.0
Nongzhanguan,8,0,0.07479395730332487,0.07479395730332487,POST_HOC_DIAGNOSTIC_ONLY,0.1952546563737186,0.1463134727718821,-0.048941183601836497,0.024223494048562316,0.03743358525325414,0.013210091204691823,0.12410116029778709,0.25029486654552224,0.12619370624773515,0.677284936709308,0.7203273958414763,0.04304245913216831,0.1952546563737186,0.1463134727718821,-0.048941183601836497,0.0,0.0,0.0,1.9662921348314606,2.3076923076923075,0.3414001728608469,0.7586206896551724,0.6906077348066298,-0.06801295484854253,42,42.0,0.0
Nongzhanguan,8,1,0.07479395730332487,0.07479395730332487,POST_HOC_DIAGNOSTIC_ONLY,0.19396247994071666,0.14599379075915425,-0.04796868918156241,0.026293275384394563,0.03686685786584387,0.010573582481449309,0.13522821999926912,0.25486926375033103,0.11964104375106191,0.6741556413348717,0.7213874288371507,0.047231787502278966,0.19396247994071666,0.14599379075915425,-0.04796868918156241,0.0,0.0,0.0,2.0113636363636362,2.324675324675325,0.31331168831168865,0.7613636363636364,0.6961325966850829,-0.06523103967855348,41,41.0,0.0
Nongzhanguan,8,2,0.07479395730332487,0.07479395730332487,POST_HOC_DIAGNOSTIC_ONLY,0.1946064904735284,0.14643597785702386,-0.04817051261650454,0.03331276387542649,0.037060889148010145,0.003748125272583655,0.17082407512102082,0.25628430550208725,0.08546023038106643,0.6740321322417328,0.7211714594122441,0.04713932717051139,0.1946064904735284,0.14643597785702386,-0.04817051261650454,0.005714285714285714,0.0,-0.005714285714285714,2.046511627906977,2.2948717948717947,0.24836016696481789,0.7142857142857143,0.6906077348066298,-0.023677979479084454,39,39.0,0.0
Nongzhanguan,8,3,0.07479395730332487,0.07479395730332487,POST_HOC_DIAGNOSTIC_ONLY,0.19898507702961452,0.14540115120716107,-0.05358392582245344,0.029115938587958027,0.037237508989039055,0.008121570401081028,0.14413474678798607,0.24979227940641177,0.1056575326184257,0.6754189679823638,0.7232647878821009,0.04784581989973713,0.19898507702961452,0.14540115120716107,-0.05358392582245344,0.005747126436781609,0.0,-0.005747126436781609,1.8617021276595744,2.2911392405063293,0.4294371128467549,0.7816091954022989,0.6906077348066298,-0.09100146059566905,42,42.0,0.0
Nongzhanguan,8,4,0.07479395730332487,0.07479395730332487,POST_HOC_DIAGNOSTIC_ONLY,0.19195767476111314,0.14836700383367776,-0.043590670927435377,0.02659123677260331,0.037696658274944075,0.011105421502340767,0.1373043388000689,0.25854364290662546,0.12123930410655656,0.6811429244969106,0.7204463163969338,0.03930339190002319,0.19195767476111314,0.14836700383367776,-0.043590670927435377,0.005747126436781609,0.0,-0.005747126436781609,2.1875,2.3205128205128207,0.1330128205128207,0.7126436781609196,0.6850828729281768,-0.027560805232742736,42,42.0,0.0
Nongzhanguan,8,5,0.07479395730332487,0.07479395730332487,POST_HOC_DIAGNOSTIC_ONLY,0.19838405274454662,0.14846802476718626,-0.04991602797736036,0.021485073004381433,0.037625982265154595,0.016140909260773162,0.10650836605684241,0.2551713633462808,0.1486629972894384,0.6713844188297927,0.7197279437292511,0.04834352489945837,0.19838405274454662,0.14846802476718626,-0.04991602797736036,0.005747126436781609,0.0,-0.005747126436781609,1.9886363636363635,2.278481012658228,0.28984464902186446,0.735632183908046,0.6850828729281768,-0.050549310979869144,40,40.0,0.0
Nongzhanguan,8,6,0.07479395730332487,0.07479395730332487,POST_HOC_DIAGNOSTIC_ONLY,0.21244746085813748,0.14788794697698726,-0.06455951388115022,0.014575113514760978,0.0379381284884398,0.02336301497367882,0.06794923491183075,0.25528314756162557,0.18733391264979482,0.6539529820157071,0.7170958182629961,0.063142836247289,0.21244746085813748,0.14788794697698726,-0.06455951388115022,0.0,0.0,0.0,1.9662921348314606,2.3289473684210527,0.36265523358959206,0.7931034482758621,0.6888888888888889,-0.10421455938697322,42,42.0,0.0
Nongzhanguan,8,7,0.07479395730332487,0.07479395730332487,POST_HOC_DIAGNOSTIC_ONLY,0.19990633360467816,0.1462070131154374,-0.053699320489240754,0.026757790200504852,0.03821292121497403,0.011455131014469176,0.13501767946854226,0.2610800208472758,0.1260623413787335,0.662522040137566,0.7186278822465624,0.056105842108996384,0.19990633360467816,0.1462070131154374,-0.053699320489240754,0.0,0.0,0.0,2.2151898734177213,2.3205128205128207,0.10532294709509937,0.7298850574712644,0.6888888888888889,-0.040996168582375536,41,41.0,0.0
Nongzhanguan,9,0,0.07479395730332487,0.07479395730332487,POST_HOC_DIAGNOSTIC_ONLY,0.1665990683547709,0.1354337122075131,-0.031165356147257794,0.023684124557105314,0.03707252407158132,0.013388399514476006,0.14323081793730233,0.2706532817910581,0.12742246385375575,0.7005574498690095,0.7315950501042218,0.031037600235212293,0.1665990683547709,0.1354337122075131,-0.031165356147257794,0.0,0.0,0.0,1.9620253164556962,2.338235294117647,0.37620997766195097,0.7532467532467533,0.6770186335403726,-0.07622811970638066,40,40.0,0.0
Nongzhanguan,9,1,0.07479395730332487,0.07479395730332487,POST_HOC_DIAGNOSTIC_ONLY,0.17329425585795416,0.13521238524915855,-0.038081870608795615,0.022422494797663985,0.036344250882606566,0.013921756084942581,0.130189839293324,0.27186375650567696,0.14167391721235295,0.6949473105788557,0.7321874846174882,0.037240174038632445,0.17329425585795416,0.13521238524915855,-0.038081870608795615,0.0,0.0,0.0,1.9375,2.323529411764706,0.38602941176470607,0.7727272727272727,0.6770186335403726,-0.09570863918690009,42,42.0,0.0
Nongzhanguan,9,2,0.07479395730332487,0.07479395730332487,POST_HOC_DIAGNOSTIC_ONLY,0.17608504356062274,0.13542053261516238,-0.040664510945460364,0.024804957367231952,0.03704468290405686,0.012239725536824907,0.14158408108489168,0.2719471682875364,0.13036308720264472,0.6945356915120935,0.7335476103853775,0.039011918873284035,0.17608504356062274,0.13542053261516238,-0.040664510945460364,0.0,0.0,0.0,2.039473684210526,2.323529411764706,0.28405572755417996,0.7272727272727273,0.6770186335403726,-0.05025409373235468,42,42.0,0.0
Nongzhanguan,9,3,0.07479395730332487,0.07479395730332487,POST_HOC_DIAGNOSTIC_ONLY,0.18260562080277418,0.13396972411076188,-0.04863589669201229,0.02463169398062531,0.03683607879988911,0.012204384819263798,0.13579662083454133,0.2721598508801007,0.13636323004555936,0.6899802939213643,0.7355083542771447,0.045528060355780386,0.18260562080277418,0.13396972411076188,-0.04863589669201229,0.0,0.0,0.0,2.108108108108108,2.323529411764706,0.21542130365659817,0.7161290322580646,0.6894409937888198,-0.026688038469244724,41,41.0,0.0
Nongzhanguan,9,4,0.07479395730332487,0.07479395730332487,POST_HOC_DIAGNOSTIC_ONLY,0.19052826756700864,0.13518856123337183,-0.0553397063336368,0.02280709117225614,0.036940118202295036,0.014133027030038894,0.11985913611502483,0.2706991190075,0.15083998289247516,0.6836785273857681,0.7303791746220929,0.04670064723632483,0.19052826756700864,0.13518856123337183,-0.0553397063336368,0.006493506493506494,0.0,-0.006493506493506494,2.066666666666667,2.338235294117647,0.2715686274509803,0.7272727272727273,0.6875,-0.03977272727272729,44,44.0,0.0
Nongzhanguan,9,5,0.07479395730332487,0.07479395730332487,POST_HOC_DIAGNOSTIC_ONLY,0.19535811918583879,0.13652835568189864,-0.05882976350394015,0.015015596106641703,0.03525777406850268,0.02024217796186098,0.0760306836097909,0.2546236028187623,0.17859291920897138,0.6798937471288644,0.7296280383710763,0.04973429124221185,0.19535811918583879,0.13652835568189864,-0.05882976350394015,0.006535947712418301,0.0,-0.006535947712418301,1.9493670886075949,2.338235294117647,0.3888682055100523,0.738562091503268,0.68125,-0.05731209150326799,37,37.0,0.0
Nongzhanguan,9,6,0.07479395730332487,0.07479395730332487,POST_HOC_DIAGNOSTIC_ONLY,0.1871151117940087,0.1365696357494344,-0.050545476044574295,0.017555644928032785,0.03582866013939449,0.018273015211361703,0.09235637565268409,0.27238291387778557,0.18002653822510148,0.6842523705709175,0.7299707384593271,0.04571836788840966,0.1871151117940087,0.1365696357494344,-0.050545476044574295,0.006493506493506494,0.0,-0.006493506493506494,1.9135802469135803,2.318840579710145,0.4052603327965647,0.7532467532467533,0.68125,-0.07199675324675325,45,45.0,0.0
Nongzhanguan,9,7,0.07479395730332487,0.07479395730332487,POST_HOC_DIAGNOSTIC_ONLY,0.17296729913266537,0.1348156214538447,-0.03815167767882066,0.03196195391884368,0.03587235141051885,0.003910397491675169,0.1802571369410662,0.2621745944380093,0.08191745749694307,0.6957492552205959,0.7314432538157372,0.03569399859514122,0.17296729913266537,0.1348156214538447,-0.03815167767882066,0.0,0.0,0.0,2.1690140845070425,2.3043478260869565,0.13533374157991407,0.7124183006535948,0.6875,-0.024918300653594794,40,40.0,0.0
Nongzhanguan,9,8,0.07479395730332487,0.07479395730332487,POST_HOC_DIAGNOSTIC_ONLY,0.16443814793691486,0.1351241023771241,-0.029314045559790752,0.03244810462963896,0.03609881130237145,0.0036507066727324913,0.19833695866276557,0.2708431027986734,0.07250614413590784,0.7002019113362294,0.7321669265854029,0.0319650152491735,0.16443814793691486,0.1351241023771241,-0.029314045559790752,0.0,0.0,0.0,1.9024390243902438,2.343283582089552,0.4408445576993083,0.7741935483870968,0.68125,-0.09294354838709673,45,45.0,0.0
Nongzhanguan,10,0,0.07479395730332487,0.07479395730332487,POST_HOC_DIAGNOSTIC_ONLY,0.1761724505111005,0.1266318150909132,-0.0495406354201873,0.007171595263077317,0.03433490808328131,0.027163312820203993,0.04078388681369541,0.27628176015294137,0.23549787333924596,0.6942011337127083,0.7428575952074004,0.04865646149469205,0.1761724505111005,0.1266318150909132,-0.0495406354201873,0.0,0.0,0.0,1.7777777777777777,2.433333333333333,0.6555555555555554,0.7622377622377622,0.7034482758620689,-0.058789486375693256,42,42.0,0.0
Nongzhanguan,10,1,0.07479395730332487,0.07479395730332487,POST_HOC_DIAGNOSTIC_ONLY,0.16873855356110884,0.12423101741799282,-0.04450753614311602,0.015527827840436116,0.03584977214330167,0.020321944302865554,0.09225924482866826,0.2829091818700219,0.19064993704135363,0.6990940257188093,0.745358315231033,0.04626428951222372,0.16873855356110884,0.12423101741799282,-0.04450753614311602,0.0,0.0,0.0,1.8,2.433333333333333,0.6333333333333331,0.7622377622377622,0.696551724137931,-0.0656860380998312,40,40.0,0.0
Nongzhanguan,10,2,0.07479395730332487,0.07479395730332487,POST_HOC_DIAGNOSTIC_ONLY,0.15715577925590937,0.1228366449547825,-0.034319134301126875,0.026471960910776395,0.03740109172445604,0.010929130813679647,0.17032901112800156,0.29842295652016304,0.12809394539216148,0.708914009819802,0.7406277921094317,0.03171378228962973,0.15715577925590937,0.1228366449547825,-0.034319134301126875,0.0,0.0,0.0,2.028169014084507,2.4166666666666665,0.3884976525821595,0.7342657342657343,0.6944444444444444,-0.03982128982128985,41,41.0,0.0
Nongzhanguan,10,3,0.07479395730332487,0.07479395730332487,POST_HOC_DIAGNOSTIC_ONLY,0.1623217670997082,0.12495089955841718,-0.037370867541291014,0.025486210267883284,0.03690795639717565,0.011421746129292368,0.15830337359989596,0.29303429158244143,0.13473091798254547,0.7056035769351457,0.7407924523130404,0.03518887537789461,0.1623217670997082,0.12495089955841718,-0.037370867541291014,0.0,0.0,0.0,2.2857142857142856,2.457627118644068,0.17191283292978232,0.7202797202797203,0.7013888888888888,-0.018890831390831475,44,44.0,0.0
Nongzhanguan,10,4,0.07479395730332487,0.07479395730332487,POST_HOC_DIAGNOSTIC_ONLY,0.16361678956881578,0.12578347507063722,-0.03783331449817856,0.02491114615929305,0.035846125086456716,0.010934978927163667,0.15430311351036047,0.2832631513727385,0.12896003786237803,0.7039660264541511,0.7402283714728369,0.03626234501868586,0.16361678956881578,0.12578347507063722,-0.03783331449817856,0.0,0.0,0.0,1.9589041095890412,2.377049180327869,0.4181450707388279,0.7464788732394366,0.7083333333333334,-0.038145539906103254,43,43.0,0.0
Nongzhanguan,10,5,0.07479395730332487,0.07479395730332487,POST_HOC_DIAGNOSTIC_ONLY,0.15627236623447832,0.12884687714001614,-0.027425489094462185,0.027104269895620443,0.03629604077234837,0.009191770876727925,0.1728586458766676,0.27934280327726196,0.10648415740059436,0.7118777210794738,0.7374896428518639,0.025611921772390134,0.15627236623447832,0.12884687714001614,-0.027425489094462185,0.0,0.0,0.0,1.9726027397260273,2.4166666666666665,0.44406392694063923,0.7762237762237763,0.7013888888888888,-0.07483488733488741,42,42.0,0.0
Nongzhanguan,10,6,0.07479395730332487,0.07479395730332487,POST_HOC_DIAGNOSTIC_ONLY,0.15767436916479383,0.12712643122517484,-0.03054793793961899,0.030564784634528334,0.03589665879653014,0.005331874162001805,0.1930012265350366,0.2785299551454664,0.08552872861042982,0.7129082286265246,0.7384530765480896,0.025544847921564973,0.15767436916479383,0.12712643122517484,-0.03054793793961899,0.006993006993006993,0.0,-0.006993006993006993,1.9726027397260273,2.4166666666666665,0.44406392694063923,0.7202797202797203,0.6944444444444444,-0.025835275835275895,42,42.0,0.0
Nongzhanguan,10,7,0.07479395730332487,0.07479395730332487,POST_HOC_DIAGNOSTIC_ONLY,0.1544191657597737,0.1270499517392895,-0.0273692140204842,0.029125977322973562,0.03446856208899963,0.005342584766026066,0.1877067906220445,0.26921220064754053,0.08150541002549602,0.7159528574342219,0.7401164948409036,0.024163637406681704,0.1544191657597737,0.1270499517392895,-0.0273692140204842,0.006993006993006993,0.0,-0.006993006993006993,2.0869565217391304,2.457627118644068,0.37067059690493753,0.7482517482517482,0.6944444444444444,-0.05380730380730381,41,41.0,0.0
Nongzhanguan,10,8,0.07479395730332487,0.07479395730332487,POST_HOC_DIAGNOSTIC_ONLY,0.1552078607001615,0.12564025966695092,-0.029567601033210572,0.02350735653921882,0.03538397955948215,0.011876623020263332,0.1504744236548378,0.28182571948807716,0.13135129583323937,0.7136633379929422,0.7413036162279335,0.027640278234991267,0.1552078607001615,0.12564025966695092,-0.029567601033210572,0.0,0.0,0.0,2.057142857142857,2.457627118644068,0.40048426150121097,0.7622377622377622,0.7013888888888888,-0.060848873348873345,44,44.0,0.0
Nongzhanguan,10,9,0.07479395730332487,0.07479395730332487,POST_HOC_DIAGNOSTIC_ONLY,0.16660788108126667,0.12603743444660795,-0.040570446634658724,0.013222817672133326,0.03538587870111617,0.02216306102898284,0.07847991543605541,0.27950229645364,0.20102238101758457,0.70064864875433,0.7432033205720079,0.042554671817677914,0.16660788108126667,0.12603743444660795,-0.040570446634658724,0.0,0.0,0.0,2.0869565217391304,2.440677966101695,0.3537214443625647,0.7482517482517482,0.7013888888888888,-0.04686285936285939,44,44.0,0.0
Nongzhanguan,11,0,0.07479395730332487,0.07479395730332487,POST_HOC_DIAGNOSTIC_ONLY,0.1743799619469087,0.11803322967859829,-0.0563467322683104,0.0071082404612807,0.034621506806468326,0.027513266345187627,0.04105844855672605,0.30146480010702575,0.2604063515502997,0.697159821985534,0.7468921822891997,0.04973236030366579,0.1743799619469087,0.11803322967859829,-0.0563467322683104,0.0,0.0,0.0,1.911764705882353,2.4444444444444446,0.5326797385620916,0.751937984496124,0.6946564885496184,-0.05728149594650567,42,42.0,0.0
Nongzhanguan,11,1,0.07479395730332487,0.07479395730332487,POST_HOC_DIAGNOSTIC_ONLY,0.16936700164768473,0.1189499280679098,-0.05041707357977493,0.009003228596783201,0.03496620034220698,0.02596297174542378,0.052730914464481804,0.29384167990762716,0.24111076544314536,0.6991898996488125,0.7476379093786831,0.04844800972987062,0.16936700164768473,0.1189499280679098,-0.05041707357977493,0.0,0.0,0.0,1.6582278481012658,2.425925925925926,0.7676980778246603,0.7307692307692307,0.6946564885496184,-0.03611274221961236,43,43.0,0.0
Nongzhanguan,11,2,0.07479395730332487,0.07479395730332487,POST_HOC_DIAGNOSTIC_ONLY,0.15537153731987086,0.11841659243089526,-0.03695494488897559,0.0169307843666562,0.0351743691043808,0.0182435847377246,0.10823401415070202,0.2964057484423247,0.18817173429162268,0.7132926688345971,0.7474316574317449,0.03413898859714781,0.15537153731987086,0.11841659243089526,-0.03695494488897559,0.0,0.0,0.0,1.7945205479452055,2.4444444444444446,0.6499238964992391,0.7769230769230769,0.6946564885496184,-0.08226658837345857,42,42.0,0.0
Nongzhanguan,11,3,0.07479395730332487,0.07479395730332487,POST_HOC_DIAGNOSTIC_ONLY,0.14982944968181097,0.11939857339358845,-0.030430876288222525,0.017281962835285734,0.03438339193886034,0.01710142910357461,0.11506149126451955,0.29139840593897454,0.176336914674455,0.7192198804699915,0.7469405221426171,0.027720641672625557,0.14982944968181097,0.11939857339358845,-0.030430876288222525,0.0,0.0,0.0,1.8450704225352113,2.4444444444444446,0.5993740219092334,0.7692307692307693,0.7022900763358778,-0.06694069289489146,43,43.0,0.0
Nongzhanguan,11,4,0.07479395730332487,0.07479395730332487,POST_HOC_DIAGNOSTIC_ONLY,0.14356231037651485,0.11901938235315543,-0.024542928023359417,0.03000519480687862,0.033940695104467386,0.003935500297588768,0.2085758046626339,0.2829920038240715,0.07441619916143763,0.7245436486140998,0.7480406570864724,0.02349700847237257,0.14356231037651485,0.11901938235315543,-0.024542928023359417,0.0,0.0,0.0,2.2982456140350878,2.490566037735849,0.1923204237007612,0.6692307692307692,0.7022900763358778,0.033059307105108626,43,43.0,0.0
Nongzhanguan,11,5,0.07479395730332487,0.07479395730332487,POST_HOC_DIAGNOSTIC_ONLY,0.1482413363122692,0.11792507114709055,-0.030316265165178657,0.03575516797012066,0.034294461216156424,-0.0014607067539642374,0.2410867859243551,0.28985155241257976,0.04876476648822467,0.7204254060426731,0.7495410496492222,0.029115643606549058,0.1482413363122692,0.11792507114709055,-0.030316265165178657,0.007692307692307693,0.0,-0.007692307692307693,2.2982456140350878,2.425925925925926,0.12768031189083828,0.6923076923076923,0.6946564885496184,0.0023487962419260766,42,42.0,0.0
Nongzhanguan,11,6,0.07479395730332487,0.07479395730332487,POST_HOC_DIAGNOSTIC_ONLY,0.1441971768330101,0.11829410277923322,-0.02590307405377687,0.027882027388927904,0.033154630063093875,0.005272602674165971,0.19760503119064504,0.2855807800621919,0.08797574887154685,0.7218434856310196,0.7495175087142646,0.02767402308324496,0.1441971768330101,0.11829410277923322,-0.02590307405377687,0.0,0.0,0.0,2.1129032258064515,2.4444444444444446,0.33154121863799313,0.7153846153846154,0.7022900763358778,-0.013094539048737586,44,44.0,0.0
Nongzhanguan,11,7,0.07479395730332487,0.07479395730332487,POST_HOC_DIAGNOSTIC_ONLY,0.13815691151973028,0.1187610589090004,-0.019395852610729875,0.024186919766352226,0.0327479832022306,0.008561063435878376,0.17846974122518688,0.28196833033471325,0.10349858910952636,0.7288483217139483,0.7491551737409101,0.020306852026961808,0.13815691151973028,0.1187610589090004,-0.019395852610729875,0.0,0.0,0.0,2.1129032258064515,2.4,0.2870967741935484,0.7615384615384615,0.7022900763358778,-0.05924838520258369,42,42.0,0.0
Nongzhanguan,11,8,0.07479395730332487,0.07479395730332487,POST_HOC_DIAGNOSTIC_ONLY,0.1359364320134353,0.1174125309726797,-0.018523901040755603,0.01970258682410885,0.03385625409039183,0.014153667266282977,0.14585019752195771,0.2872541026107114,0.14140390508875367,0.731868069335448,0.7512832561933628,0.019415186857914768,0.1359364320134353,0.1174125309726797,-0.018523901040755603,0.0,0.0,0.0,2.0634920634920637,2.4444444444444446,0.38095238095238093,0.7054263565891473,0.7022900763358778,-0.0031362802532695078,43,43.0,0.0
Nongzhanguan,11,9,0.07479395730332487,0.07479395730332487,POST_HOC_DIAGNOSTIC_ONLY,0.14237841633616843,0.1167624880036487,-0.02561592833251973,0.013493303382596012,0.03503403253661907,0.021540729154023056,0.09467530102372668,0.29872127940858834,0.20404597838486166,0.725645597206368,0.7526552344138497,0.02700963720748173,0.14237841633616843,0.1167624880036487,-0.02561592833251973,0.0,0.0,0.0,1.9402985074626866,2.425925925925926,0.4856274184632394,0.751937984496124,0.6946564885496184,-0.05728149594650567,43,43.0,0.0
Nongzhanguan,11,10,0.07479395730332487,0.07479395730332487,POST_HOC_DIAGNOSTIC_ONLY,0.14718234911135358,0.11721424748756192,-0.029968101623791668,0.01562942252078082,0.03467560018213947,0.01904617766135865,0.1060515288003563,0.3040035639500495,0.19795203514969323,0.7208454167454594,0.7474871288421648,0.026641712096705406,0.14718234911135358,0.11721424748756192,-0.029968101623791668,0.0,0.0,0.0,1.9846153846153847,2.4074074074074074,0.42279202279202277,0.7421875,0.6923076923076923,-0.04987980769230771,43,43.0,0.0
Nongzhanguan,12,0,0.07479395730332487,0.07479395730332487,POST_HOC_DIAGNOSTIC_ONLY,0.13090041465470295,0.11085865390110215,-0.0200417607536008,0.02129350688566187,0.03139572841943348,0.010102221533771608,0.16557810254838043,0.2969292159775986,0.13135111342921815,0.7409443467965172,0.7545769119415339,0.01363256514501665,0.13090041465470295,0.11085865390110215,-0.0200417607536008,0.0,0.0,0.0,2.125,2.4489795918367347,0.32397959183673475,0.7457627118644068,0.6916666666666667,-0.05409604519774014,44,44.0,0.0
Nongzhanguan,12,1,0.07479395730332487,0.07479395730332487,POST_HOC_DIAGNOSTIC_ONLY,0.14046739471691985,0.11153281331286242,-0.028934581404057427,0.021358998358002965,0.03207416122004278,0.010715162862039815,0.15134183478259525,0.2881250747417929,0.13678323995919764,0.7299346655420995,0.7539867706444148,0.024052105102315258,0.14046739471691985,0.11153281331286242,-0.028934581404057427,0.0,0.0,0.0,2.0689655172413794,2.4693877551020407,0.4004222378606612,0.7142857142857143,0.6916666666666667,-0.02261904761904765,43,43.0,0.0
Nongzhanguan,12,2,0.07479395730332487,0.07479395730332487,POST_HOC_DIAGNOSTIC_ONLY,0.15538439840295143,0.11130109245837916,-0.04408330594457227,0.017002640465473073,0.034126583986026346,0.017123943520553273,0.10913741785107416,0.29602844335634804,0.18689102550527387,0.7158625221499274,0.755107422633851,0.039244900483923595,0.15538439840295143,0.11130109245837916,-0.04408330594457227,0.0,0.0,0.0,2.1818181818181817,2.4489795918367347,0.2671614100185531,0.6638655462184874,0.6916666666666667,0.027801120448179284,43,43.0,0.0
Nongzhanguan,12,3,0.07479395730332487,0.07479395730332487,POST_HOC_DIAGNOSTIC_ONLY,0.1545064103842716,0.11079796332566409,-0.043708447058607505,0.018832016596441455,0.03435005393812254,0.015518037341681088,0.12223279696002055,0.30329098660810105,0.18105818964808051,0.7153271371161425,0.7553661818252555,0.040039044709113014,0.1545064103842716,0.11079796332566409,-0.043708447058607505,0.0,0.0,0.0,2.0338983050847457,2.4693877551020407,0.435489450017295,0.6974789915966386,0.6916666666666667,-0.005812324929971968,44,44.0,0.0
Nongzhanguan,12,4,0.07479395730332487,0.07479395730332487,POST_HOC_DIAGNOSTIC_ONLY,0.14476692851399514,0.11295571947938866,-0.03181120903460648,0.024497102376658936,0.033359976189567396,0.00886287381290846,0.169736217229775,0.28973802716212765,0.12000180993235265,0.7209161314195099,0.7543570095203753,0.03344087810086538,0.14476692851399514,0.11295571947938866,-0.03181120903460648,0.0,0.0,0.0,1.9836065573770492,2.4489795918367347,0.4653730344596856,0.6916666666666667,0.6833333333333333,-0.008333333333333304,43,43.0,0.0
Nongzhanguan,12,5,0.07479395730332487,0.07479395730332487,POST_HOC_DIAGNOSTIC_ONLY,0.14563915054072643,0.11323640237387698,-0.032402748166849446,0.019206778231187653,0.03257951901351169,0.01337274078232404,0.1319208957861309,0.29084919783967406,0.15892830205354316,0.7186826122891,0.7539771462622563,0.035294533973156295,0.14563915054072643,0.11323640237387698,-0.032402748166849446,0.0,0.0,0.0,2.1228070175438596,2.4693877551020407,0.3465807375581811,0.7166666666666667,0.6916666666666667,-0.025000000000000022,42,42.0,0.0
Nongzhanguan,12,6,0.07479395730332487,0.07479395730332487,POST_HOC_DIAGNOSTIC_ONLY,0.14429926069392915,0.11209826216688053,-0.03220099852704862,0.011801694369245594,0.03318391210409867,0.021382217734853076,0.08305598262814129,0.29411416757536907,0.21105818494722778,0.7199586353732875,0.7559943985487197,0.03603576317543222,0.14429926069392915,0.11209826216688053,-0.03220099852704862,0.0,0.0,0.0,1.8888888888888888,2.4489795918367347,0.5600907029478459,0.7457627118644068,0.7,-0.045762711864406835,42,42.0,0.0
Nongzhanguan,12,7,0.07479395730332487,0.07479395730332487,POST_HOC_DIAGNOSTIC_ONLY,0.14088689635718443,0.10984506662268993,-0.0310418297344945,0.012104435398369813,0.03379890075580195,0.021694465357432136,0.08695766804805048,0.30250545153109426,0.21554778348304376,0.7254226246710846,0.7579147886392688,0.03249216396818411,0.14088689635718443,0.10984506662268993,-0.0310418297344945,0.0,0.0,0.0,1.859375,2.4693877551020407,0.6100127551020407,0.7542372881355932,0.6833333333333333,-0.07090395480225986,44,44.0,0.0
Nongzhanguan,12,8,0.07479395730332487,0.07479395730332487,POST_HOC_DIAGNOSTIC_ONLY,0.13137399904647032,0.10870422838550922,-0.022669770660961097,0.017797174080913466,0.03370529761124416,0.015908123530330696,0.13772577034545233,0.3072428959567278,0.1695171256112755,0.7351427986978719,0.7593701249970279,0.024227326299156027,0.13137399904647032,0.10870422838550922,-0.022669770660961097,0.0,0.0,0.0,1.9508196721311475,2.4693877551020407,0.5185680829708932,0.7372881355932204,0.6833333333333333,-0.053954802259887025,44,44.0,0.0
Nongzhanguan,12,9,0.07479395730332487,0.07479395730332487,POST_HOC_DIAGNOSTIC_ONLY,0.12795186727708407,0.11006587911379213,-0.01788598816329194,0.015184117982362095,0.03310908878857298,0.017924970806210885,0.12029727394225127,0.29802509418388506,0.1777278202416338,0.7399362813483962,0.7589174602364228,0.01898117888802664,0.12795186727708407,0.11006587911379213,-0.01788598816329194,0.0,0.0,0.0,1.803030303030303,2.5208333333333335,0.7178030303030305,0.8050847457627118,0.6916666666666667,-0.11341807909604518,43,43.0,0.0
Nongzhanguan,12,10,0.07479395730332487,0.07479395730332487,POST_HOC_DIAGNOSTIC_ONLY,0.13326498966490383,0.10994768106817802,-0.023317308596725803,0.013746355701717842,0.033760945845635985,0.020014590143918144,0.1036733303896489,0.30395926621133634,0.20028593582168744,0.7351140415816587,0.7529689720340189,0.017854930452360196,0.13326498966490383,0.10994768106817802,-0.023317308596725803,0.0,0.0,0.0,1.903225806451613,2.4489795918367347,0.5457537853851218,0.8034188034188035,0.6974789915966386,-0.10593981182216483,43,43.0,0.0
Nongzhanguan,12,11,0.07479395730332487,0.07479395730332487,POST_HOC_DIAGNOSTIC_ONLY,0.12803325554819125,0.11155258506402302,-0.016480670484168236,0.018639996941612745,0.03325270625429316,0.014612709312680418,0.14615539808804778,0.30293532387015,0.1567799257821022,0.7407814039545052,0.752386791793369,0.011605387838863779,0.12803325554819125,0.11155258506402302,-0.016480670484168236,0.0,0.0,0.0,2.107142857142857,2.4285714285714284,0.3214285714285712,0.7692307692307693,0.6974789915966386,-0.07175177763413065,42,42.0,0.0
Nongzhanguan,13,0,0.07479395730332487,0.07479395730332487,POST_HOC_DIAGNOSTIC_ONLY,0.14291841956489768,0.10587463060869605,-0.037043788956201626,0.013803275665594411,0.031145463537353753,0.01734218787175934,0.098355731562084,0.2982124992554069,0.1998567676933229,0.7304720442170941,0.7611882889800652,0.03071624476297108,0.14291841956489768,0.10587463060869605,-0.037043788956201626,0.0,0.0,0.0,1.9642857142857142,2.4347826086956523,0.47049689440993814,0.7522935779816514,0.6936936936936937,-0.058599884287957704,44,44.0,0.0
Nongzhanguan,13,1,0.07479395730332487,0.07479395730332487,POST_HOC_DIAGNOSTIC_ONLY,0.13338056120765235,0.10633590719865282,-0.027044654008999525,0.01794245044778548,0.031219506701096283,0.013277056253310802,0.13763928105585102,0.29187683183435315,0.15423755077850212,0.734583290077475,0.7622419791033864,0.027658689025911398,0.13338056120765235,0.10633590719865282,-0.027044654008999525,0.0,0.0,0.0,2.1153846153846154,2.4347826086956523,0.3193979933110369,0.7339449541284404,0.6846846846846847,-0.04926026944375572,43,43.0,0.0
Nongzhanguan,13,2,0.07479395730332487,0.07479395730332487,POST_HOC_DIAGNOSTIC_ONLY,0.13155874994716735,0.10573169780101467,-0.025827052146152676,0.01441896109720196,0.031504588279984605,0.017085627182782646,0.10937600121177876,0.29968287718213893,0.19030687597036017,0.7357471323610663,0.7623623500616967,0.026615217700630467,0.13155874994716735,0.10573169780101467,-0.025827052146152676,0.0,0.0,0.0,2.018181818181818,2.466666666666667,0.4484848484848487,0.7363636363636363,0.6846846846846847,-0.051678951678951646,42,42.0,0.0
Nongzhanguan,13,3,0.07479395730332487,0.07479395730332487,POST_HOC_DIAGNOSTIC_ONLY,0.1315081858891492,0.10399122523832156,-0.027516960650827635,0.016310750703049593,0.03089080893909496,0.014580058236045367,0.12320464462331701,0.29605339887772586,0.17284875425440885,0.735226171607274,0.7641484792632641,0.02892230765599013,0.1315081858891492,0.10399122523832156,-0.027516960650827635,0.0,0.0,0.0,1.9649122807017543,2.466666666666667,0.5017543859649125,0.7027027027027027,0.6846846846846847,-0.018018018018018056,43,43.0,0.0
Nongzhanguan,13,4,0.07479395730332487,0.07479395730332487,POST_HOC_DIAGNOSTIC_ONLY,0.13480265199173075,0.1044569236293001,-0.030345728362430643,0.016571948724242527,0.03111525797914424,0.014543309254901715,0.1226814702059333,0.29738509062761914,0.17470362042168586,0.7310723192287016,0.7651112680657607,0.034038948837059047,0.13480265199173075,0.1044569236293001,-0.030345728362430643,0.0,0.0,0.0,1.8064516129032258,2.488888888888889,0.6824372759856632,0.7297297297297297,0.6846846846846847,-0.04504504504504503,44,44.0,0.0
Nongzhanguan,13,5,0.07479395730332487,0.07479395730332487,POST_HOC_DIAGNOSTIC_ONLY,0.1275246885436286,0.10453291399403004,-0.022991774549598568,0.01640362916794299,0.031439403141813954,0.015035773973870965,0.12723923136957394,0.297105095478415,0.16986586410884108,0.7403204677574667,0.7648179383442703,0.024497470586803516,0.1275246885436286,0.10453291399403004,-0.022991774549598568,0.0,0.0,0.0,1.85,2.488888888888889,0.6388888888888888,0.7181818181818181,0.6846846846846847,-0.03349713349713346,44,44.0,0.0
Nongzhanguan,13,6,0.07479395730332487,0.07479395730332487,POST_HOC_DIAGNOSTIC_ONLY,0.12594348465473926,0.10453990353359267,-0.021403581121146584,0.015316091546847323,0.03270555860267261,0.017389467055825288,0.11973433652314619,0.309905524505827,0.1901711879826808,0.7411148908616386,0.7581868957062493,0.01707200484461069,0.12594348465473926,0.10453990353359267,-0.021403581121146584,0.0,0.0,0.0,2.0754716981132075,2.5,0.42452830188679247,0.7431192660550459,0.6818181818181818,-0.06130108423686409,42,42.0,0.0
Nongzhanguan,13,7,0.07479395730332487,0.07479395730332487,POST_HOC_DIAGNOSTIC_ONLY,0.1261954167643895,0.10508983377074806,-0.021105582993641445,0.007336623471288106,0.03176481341167074,0.024428189940382636,0.06030791984743194,0.29874890081726474,0.2384409809698328,0.7392876021109323,0.7590624532618357,0.019774851150903494,0.1261954167643895,0.10508983377074806,-0.021105582993641445,0.0,0.0,0.0,2.0185185185185186,2.466666666666667,0.4481481481481482,0.75,0.6909090909090909,-0.05909090909090908,43,43.0,0.0
Nongzhanguan,13,8,0.07479395730332487,0.07479395730332487,POST_HOC_DIAGNOSTIC_ONLY,0.12452312466543194,0.105426096561006,-0.019097028104425942,0.011319935356022996,0.03241002474201525,0.021090089385992255,0.09286115834970594,0.3116205364029316,0.21875937805322565,0.741773411020511,0.7586308991727588,0.016857488152247857,0.12452312466543194,0.105426096561006,-0.019097028104425942,0.0,0.0,0.0,1.847457627118644,2.522727272727273,0.6752696456086289,0.7407407407407407,0.6909090909090909,-0.04983164983164978,45,45.0,0.0
Nongzhanguan,13,9,0.07479395730332487,0.07479395730332487,POST_HOC_DIAGNOSTIC_ONLY,0.12385394100745666,0.1069708098400657,-0.016883131167390958,0.013827062460767318,0.03212041685916892,0.018293354398401605,0.11410479549097265,0.3048019173350187,0.19069712184404608,0.74409921466289,0.7578625588932173,0.013763344230327323,0.12385394100745666,0.1069708098400657,-0.016883131167390958,0.0,0.0,0.0,2.056603773584906,2.558139534883721,0.5015357612988152,0.7407407407407407,0.6909090909090909,-0.04983164983164978,43,43.0,0.0
Nongzhanguan,13,10,0.07479395730332487,0.07479395730332487,POST_HOC_DIAGNOSTIC_ONLY,0.12546955285059697,0.10632933603018703,-0.019140216820409936,0.01887595210794508,0.03200507760783379,0.013129125499888709,0.1534689638326984,0.2961254651851802,0.14265650135248178,0.7418893795729704,0.7588578534923026,0.016968473919332205,0.12546955285059697,0.10632933603018703,-0.019140216820409936,0.0,0.0,0.0,2.1372549019607843,2.466666666666667,0.3294117647058825,0.7777777777777778,0.6909090909090909,-0.08686868686868687,44,44.0,0.0
Nongzhanguan,13,11,0.07479395730332487,0.07479395730332487,POST_HOC_DIAGNOSTIC_ONLY,0.13130946869757237,0.10616830592526408,-0.025141162772308295,0.022101002708925788,0.033050361238059704,0.010949358529133917,0.1722703019154131,0.30789237398590735,0.13562207207049426,0.7372545624556595,0.7594938023799721,0.022239239924312648,0.13130946869757237,0.10616830592526408,-0.025141162772308295,0.0,0.0,0.0,2.477272727272727,2.4130434782608696,-0.06422924901185745,0.7037037037037037,0.6909090909090909,-0.012794612794612803,43,43.0,0.0
Nongzhanguan,13,12,0.07479395730332487,0.07479395730332487,POST_HOC_DIAGNOSTIC_ONLY,0.14761252484692128,0.10722887682817824,-0.04038364801874304,0.018561315859047682,0.03291408925947209,0.014352773400424408,0.1283501943154091,0.3118559152450625,0.18350572092965342,0.7215923683891733,0.7589897856100605,0.037397417220887186,0.14761252484692128,0.10722887682817824,-0.04038364801874304,0.0,0.0,0.0,2.2708333333333335,2.522727272727273,0.25189393939393945,0.7037037037037037,0.6909090909090909,-0.012794612794612803,44,44.0,0.0
Nongzhanguan,14,0,0.07479395730332487,0.07479395730332487,POST_HOC_DIAGNOSTIC_ONLY,0.12151916484837515,0.1035797200556656,-0.01793944479270955,0.01247237853281934,0.030354252689715113,0.017881874156895773,0.10506524595771766,0.29068655123878284,0.18562130528106519,0.750187267995333,0.7634474230905364,0.013260155095203396,0.12151916484837515,0.1035797200556656,-0.01793944479270955,0.0,0.0,0.0,2.239130434782609,2.4523809523809526,0.21325051759834368,0.6862745098039216,0.6893203883495146,0.003045878545593017,44,44.0,0.0
Nongzhanguan,14,1,0.07479395730332487,0.07479395730332487,POST_HOC_DIAGNOSTIC_ONLY,0.1245072356736601,0.10484932013114705,-0.019657915542513046,0.009354908431713424,0.031053078362581397,0.021698169930867973,0.07472364832304858,0.2955566047021531,0.22083295637910455,0.7433131511717496,0.7636217466812012,0.020308595509451632,0.1245072356736601,0.10484932013114705,-0.019657915542513046,0.0,0.0,0.0,2.0392156862745097,2.4761904761904763,0.4369747899159666,0.7475728155339806,0.6893203883495146,-0.058252427184465994,44,44.0,0.0
Nongzhanguan,14,2,0.07479395730332487,0.07479395730332487,POST_HOC_DIAGNOSTIC_ONLY,0.12540274495072046,0.10277679339298731,-0.022625951557733143,0.01484462348456085,0.03012930508339886,0.01528468159883801,0.11692948644422704,0.3005257750349967,0.18359628859076968,0.7433641138635275,0.7654268417130523,0.022062727849524788,0.12540274495072046,0.10277679339298731,-0.022625951557733143,0.0,0.0,0.0,2.1020408163265305,2.4186046511627906,0.31656383483626005,0.6764705882352942,0.6893203883495146,0.012849800114220433,43,43.0,0.0
Nongzhanguan,14,3,0.07479395730332487,0.07479395730332487,POST_HOC_DIAGNOSTIC_ONLY,0.11867983234563996,0.09986549247754348,-0.018814339868096483,0.018342235904058014,0.030565457496030103,0.012223221591972089,0.1527598414088695,0.3063454909158303,0.1535856495069608,0.7502226906853996,0.7683916919428739,0.018169001257474338,0.11867983234563996,0.09986549247754348,-0.018814339868096483,0.0,0.0,0.0,1.9433962264150944,2.4761904761904763,0.5327942497753819,0.7450980392156863,0.6893203883495146,-0.0557776508661717,43,43.0,0.0
Nongzhanguan,14,4,0.07479395730332487,0.07479395730332487,POST_HOC_DIAGNOSTIC_ONLY,0.11216646120588125,0.09881546762238491,-0.01335099358349634,0.023057441669919805,0.029997689129037,0.006940247459117196,0.20321135500824003,0.30541866616269503,0.102207311154455,0.7543618291643881,0.7697567109204244,0.015394881756036316,0.11216646120588125,0.09881546762238491,-0.01335099358349634,0.0,0.0,0.0,2.1914893617021276,2.5121951219512195,0.3207057602490919,0.7450980392156863,0.6893203883495146,-0.0557776508661717,43,43.0,0.0
Nongzhanguan,14,5,0.07479395730332487,0.07479395730332487,POST_HOC_DIAGNOSTIC_ONLY,0.10223111116432891,0.09887106056266733,-0.003360050601661585,0.028898659295906147,0.03049452563036388,0.0015958663344577337,0.2783491339124912,0.3109553971178004,0.03260626320530918,0.7632087368432624,0.7696344961386441,0.0064257592953816944,0.10223111116432891,0.09887106056266733,-0.003360050601661585,0.0,0.0,0.0,2.340909090909091,2.4878048780487805,0.14689578713968965,0.7156862745098039,0.6893203883495146,-0.026365886160289342,43,43.0,0.0
Nongzhanguan,14,6,0.07479395730332487,0.07479395730332487,POST_HOC_DIAGNOSTIC_ONLY,0.10781167999097331,0.09907898407592357,-0.008732695915049743,0.02159825276827943,0.03207640798032032,0.010478155212040888,0.20912555450110265,0.32978756946697063,0.12066201496586798,0.7551197487242894,0.7639856253200401,0.008865876595750666,0.10781167999097331,0.09907898407592357,-0.008732695915049743,0.0,0.0,0.0,1.9056603773584906,2.575,0.6693396226415096,0.75,0.6764705882352942,-0.07352941176470584,44,44.0,0.0
Nongzhanguan,14,7,0.07479395730332487,0.07479395730332487,POST_HOC_DIAGNOSTIC_ONLY,0.11948112244327773,0.09870485046647154,-0.02077627197680619,0.01431572733747451,0.031903447157974475,0.017587719820499965,0.12498036093229103,0.31263891633836155,0.18765855540607052,0.7450775583141218,0.7644592017000995,0.019381643385977698,0.11948112244327773,0.09870485046647154,-0.02077627197680619,0.0,0.0,0.0,2.148936170212766,2.575,0.4260638297872341,0.75,0.6764705882352942,-0.07352941176470584,44,44.0,0.0
Nongzhanguan,14,8,0.07479395730332487,0.07479395730332487,POST_HOC_DIAGNOSTIC_ONLY,0.12630780048358356,0.0989820242786761,-0.027325776204907462,0.008354186488649624,0.03131998830339738,0.022965801814747753,0.06853381544828473,0.30860547488963014,0.2400716594413454,0.7382237570287835,0.764492535369833,0.02626877834104946,0.12630780048358356,0.0989820242786761,-0.027325776204907462,0.0,0.0,0.0,1.9056603773584906,2.5121951219512195,0.6065347445927289,0.78,0.6862745098039216,-0.09372549019607845,44,44.0,0.0
Nongzhanguan,14,9,0.07479395730332487,0.07479395730332487,POST_HOC_DIAGNOSTIC_ONLY,0.1362145548700445,0.09840739921344609,-0.03780715565659841,0.0068272012689137435,0.03128038865524987,0.024453187386336124,0.05179388425437823,0.31311553134647896,0.2613216470921007,0.72805217093545,0.7649155250753176,0.03686335413986752,0.1362145548700445,0.09840739921344609,-0.03780715565659841,0.0,0.0,0.0,1.9056603773584906,2.5121951219512195,0.6065347445927289,0.71,0.6862745098039216,-0.02372549019607839,43,43.0,0.0
Nongzhanguan,14,10,0.07479395730332487,0.07479395730332487,POST_HOC_DIAGNOSTIC_ONLY,0.13731788377344492,0.09949325146135446,-0.03782463231209046,0.007933480303845308,0.031099775007986007,0.0231662947041407,0.05958170340152541,0.31065149401327524,0.25106979061174983,0.7295122599689745,0.7659373465549011,0.03642508658592658,0.13731788377344492,0.09949325146135446,-0.03782463231209046,0.0,0.0,0.0,1.8035714285714286,2.575,0.7714285714285716,0.78,0.6764705882352942,-0.10352941176470587,44,44.0,0.0
Nongzhanguan,14,11,0.07479395730332487,0.07479395730332487,POST_HOC_DIAGNOSTIC_ONLY,0.1348162147490382,0.09964898492974157,-0.03516722981929664,0.00638959757155621,0.030639348245315164,0.024249750673758955,0.04863361396390955,0.302443488351454,0.2538098743875445,0.7341685760289556,0.7648277162377047,0.030659140208749158,0.1348162147490382,0.09964898492974157,-0.03516722981929664,0.0,0.0,0.0,1.8703703703703705,2.5121951219512195,0.6418247515808491,0.77,0.6862745098039216,-0.08372549019607844,44,44.0,0.0
Nongzhanguan,14,12,0.07479395730332487,0.07479395730332487,POST_HOC_DIAGNOSTIC_ONLY,0.13401705887096343,0.10195939201864164,-0.032057666852321795,0.009308485338113005,0.03070739243428292,0.021398907096169914,0.070609813017218,0.2933335187495525,0.2227237057323345,0.7376708288814341,0.7635820225043739,0.02591119362293981,0.13401705887096343,0.10195939201864164,-0.032057666852321795,0.0,0.0,0.0,1.9056603773584906,2.4878048780487805,0.5821445006902899,0.77,0.696078431372549,-0.07392156862745103,44,44.0,0.0
Nongzhanguan,14,13,0.07479395730332487,0.07479395730332487,POST_HOC_DIAGNOSTIC_ONLY,0.13154225815762324,0.1028934390446288,-0.02864881911299444,0.00832472416228651,0.03103405575864667,0.022709331596360162,0.06386864345511993,0.2987380594002379,0.23486941594511795,0.7397112500033303,0.7625948540556241,0.022883604052293838,0.13154225815762324,0.1028934390446288,-0.02864881911299444,0.0,0.0,0.0,2.061224489795918,2.4285714285714284,0.36734693877551017,0.72,0.696078431372549,-0.023921568627450984,44,44.0,0.0
Shunyi,6,0,0.0767824519302243,0.0767824519302243,POST_HOC_DIAGNOSTIC_ONLY,0.24561283650192373,0.17805500459025325,-0.06755783191167047,0.02783203122738058,0.04220135752299671,0.01436932629561613,0.11449300468406301,0.23695679772000094,0.12246379303593793,0.5739820016661221,0.6387653149693882,0.06478331330326603,0.24561283650192373,0.17805500459025325,-0.06755783191167047,0.004273504273504274,0.0,-0.004273504273504274,2.079646017699115,2.29126213592233,0.21161611822321502,0.7393162393162394,0.6735537190082644,-0.06576252030797491,39,39.0,0.0
Shunyi,6,1,0.0767824519302243,0.0767824519302243,POST_HOC_DIAGNOSTIC_ONLY,0.248037138199753,0.17752910363103003,-0.07050803456872298,0.03661958993440511,0.042633056920682685,0.0060134669862775755,0.14849563237706934,0.236458179855325,0.08796254747825566,0.5700775791900119,0.640003284678908,0.0699257054888961,0.248037138199753,0.17752910363103003,-0.07050803456872298,0.004273504273504274,0.0,-0.004273504273504274,2.0085470085470085,2.2718446601941746,0.2632976516471661,0.7777777777777778,0.6735537190082644,-0.10422405876951335,40,40.0,0.0
Shunyi,6,2,0.0767824519302243,0.0767824519302243,POST_HOC_DIAGNOSTIC_ONLY,0.25453850049910165,0.17656822000650085,-0.0779702804926008,0.03992287642717086,0.04304754681750043,0.0031246703903295703,0.15416538983771558,0.24966341264921862,0.09549802281150305,0.565119612103084,0.6406233334119917,0.0755037213089077,0.25453850049910165,0.17656822000650085,-0.0779702804926008,0.00851063829787234,0.0,-0.00851063829787234,2.107142857142857,2.29126213592233,0.18411927877947276,0.7276595744680852,0.6652892561983471,-0.062370318269738045,40,40.0,0.0
Shunyi,6,3,0.0767824519302243,0.0767824519302243,POST_HOC_DIAGNOSTIC_ONLY,0.2523421371774442,0.17611749118424358,-0.07622464599320061,0.002854965043390723,0.04334249434215446,0.04048752929876374,0.011383467650542017,0.24355804264039854,0.23217457498985652,0.5487650433046652,0.6425040433076263,0.09373900000296109,0.2523421371774442,0.17611749118424358,-0.07622464599320061,0.004273504273504274,0.0,-0.004273504273504274,2.0982142857142856,2.2815533980582523,0.18333911234396671,0.7435897435897436,0.6694214876033058,-0.07416825598643784,40,40.0,0.0
Shunyi,6,4,0.0767824519302243,0.0767824519302243,POST_HOC_DIAGNOSTIC_ONLY,0.2532281525055707,0.17878843355367607,-0.0744397189518946,0.0065725023742312675,0.04233127344394622,0.03575877106971496,0.026110164808963346,0.2392345332577201,0.21312436844875676,0.5560247330219787,0.6360599888724098,0.08003525585043103,0.2532281525055707,0.17878843355367607,-0.0744397189518946,0.0,0.0,0.0,2.0172413793103448,2.2941176470588234,0.2768762677484786,0.759656652360515,0.6721991701244814,-0.08745748223603367,39,39.0,0.0
Shunyi,6,5,0.0767824519302243,0.0767824519302243,POST_HOC_DIAGNOSTIC_ONLY,0.24445655385337406,0.17973301436084202,-0.06472353949253204,0.015897490169332836,0.043547081600116756,0.02764959143078392,0.06608725004393888,0.24071877064691707,0.1746315206029782,0.5714039667922626,0.6378785742056943,0.0664746074134317,0.24445655385337406,0.17973301436084202,-0.06472353949253204,0.004366812227074236,0.0,-0.004366812227074236,1.8548387096774193,2.29126213592233,0.4364234262449107,0.7729257641921398,0.6721991701244814,-0.10072659406765838,37,37.0,0.0
Shunyi,7,0,0.0767824519302243,0.0767824519302243,POST_HOC_DIAGNOSTIC_ONLY,0.20126020721127838,0.15847255248571965,-0.04278765472555873,0.0157359271152074,0.04072599116107067,0.024990064045863267,0.07999376617622049,0.2582069464971161,0.17821318032089561,0.614306876855453,0.6568144569407076,0.04250758008525457,0.20126020721127838,0.15847255248571965,-0.04278765472555873,0.0,0.0,0.0,1.9223300970873787,2.3294117647058825,0.40708166761850384,0.7969543147208121,0.6570048309178744,-0.1399494838029377,41,41.0,0.0
Shunyi,7,1,0.0767824519302243,0.0767824519302243,POST_HOC_DIAGNOSTIC_ONLY,0.22429213323129177,0.15867534141379816,-0.06561679181749361,0.01579629674294544,0.04203277710694484,0.026236480363999403,0.07062161862887473,0.26811576469274684,0.1974941460638721,0.5881227175310703,0.6583439632818386,0.07022124575076838,0.22429213323129177,0.15867534141379816,-0.06561679181749361,0.0,0.0,0.0,1.9509803921568627,2.313953488372093,0.36297309621523044,0.7525252525252525,0.6570048309178744,-0.09552042160737806,41,41.0,0.0
Shunyi,7,2,0.0767824519302243,0.0767824519302243,POST_HOC_DIAGNOSTIC_ONLY,0.23581155121567132,0.1597609958014962,-0.07605055541417513,0.016037332646476075,0.04073637847749372,0.024699045831017646,0.0683896773964548,0.2591814144527593,0.19079173705630448,0.5767905284169589,0.656742782366933,0.07995225394997407,0.23581155121567132,0.1597609958014962,-0.07605055541417513,0.0,0.0,0.0,2.0408163265306123,2.2954545454545454,0.2546382189239331,0.7587939698492462,0.6570048309178744,-0.10178913893137176,39,39.0,0.0
Shunyi,7,3,0.0767824519302243,0.0767824519302243,POST_HOC_DIAGNOSTIC_ONLY,0.2358414127977925,0.15842202014067347,-0.07741939265711903,0.0174841568298713,0.04185794083952077,0.024373784009649468,0.07450300046370247,0.260543748723117,0.18604074825941452,0.5809383042979163,0.6588807360592976,0.07794243176138138,0.2358414127977925,0.15842202014067347,-0.07741939265711903,0.005025125628140704,0.0,-0.005025125628140704,2.0,2.32183908045977,0.32183908045977017,0.7788944723618091,0.6570048309178744,-0.12188964144393466,40,40.0,0.0
Shunyi,7,4,0.0767824519302243,0.0767824519302243,POST_HOC_DIAGNOSTIC_ONLY,0.21535369583938663,0.15737723982988278,-0.05797645600950385,0.033043267269295816,0.04171365069467012,0.008670383425374302,0.15567212661121077,0.2619328940252221,0.1062607674140113,0.5995573359287985,0.6603837520179636,0.06082641608916517,0.21535369583938663,0.15737723982988278,-0.05797645600950385,0.005025125628140704,0.0,-0.005025125628140704,2.1739130434782608,2.3255813953488373,0.1516683518705766,0.7487437185929648,0.6570048309178744,-0.09173888767509042,40,40.0,0.0
Shunyi,7,5,0.0767824519302243,0.0767824519302243,POST_HOC_DIAGNOSTIC_ONLY,0.20079082317539199,0.15807884683759574,-0.04271197633779625,0.0374292782264563,0.0403404267549838,0.002911148528527502,0.1843378001910822,0.25255423447423103,0.06821643428314883,0.6117399380184908,0.6587384499227856,0.046998511904294826,0.20079082317539199,0.15807884683759574,-0.04271197633779625,0.005025125628140704,0.0,-0.005025125628140704,2.197802197802198,2.3411764705882354,0.14337427278603743,0.7236180904522613,0.6570048309178744,-0.0666132595343869,40,40.0,0.0
Shunyi,7,6,0.0767824519302243,0.0767824519302243,POST_HOC_DIAGNOSTIC_ONLY,0.1875523840077746,0.15771890666636648,-0.02983347734140812,0.01773422507674572,0.04143035326064395,0.023696128183898227,0.09767285798662742,0.2604718001634759,0.16279894217684845,0.6163590407729874,0.6568277151071901,0.04046867433420265,0.1875523840077746,0.15771890666636648,-0.02983347734140812,0.0,0.0,0.0,2.0625,2.3411764705882354,0.2786764705882354,0.7715736040609137,0.6553398058252428,-0.11623379823567093,41,41.0,0.0
Shunyi,8,0,0.0767824519302243,0.0767824519302243,POST_HOC_DIAGNOSTIC_ONLY,0.18798033102143635,0.1430708638820792,-0.044909467139357145,0.02849959037776142,0.0408087689493844,0.012309178571622979,0.15359065216984344,0.28637963640077363,0.1327889842309302,0.6271431311644938,0.6739128603977332,0.04676972923323941,0.18798033102143635,0.1430708638820792,-0.044909467139357145,0.0,0.0,0.0,2.32,2.324324324324324,0.00432432432432428,0.7052023121387283,0.6519337016574586,-0.05326861048126974,42,42.0,0.0
Shunyi,8,1,0.0767824519302243,0.0767824519302243,POST_HOC_DIAGNOSTIC_ONLY,0.19227367597843442,0.14432151879637276,-0.04795215718206167,0.028131758461405726,0.04008947465207713,0.011957716190671402,0.14992850043260403,0.2772227448587254,0.12729424442612136,0.623575004342772,0.6742707875979028,0.0506957832551308,0.19227367597843442,0.14432151879637276,-0.04795215718206167,0.0,0.0,0.0,2.1219512195121952,2.3513513513513513,0.22940013183915609,0.7283236994219653,0.6464088397790055,-0.08191485964295975,41,41.0,0.0
Shunyi,8,2,0.0767824519302243,0.0767824519302243,POST_HOC_DIAGNOSTIC_ONLY,0.18787747827212106,0.14457514620994488,-0.04330233206217618,0.0342556825188567,0.03986641612574047,0.005610733606883765,0.1818123706415514,0.2824398684836643,0.10062749784211292,0.6269310450304493,0.6742841828987737,0.0473531378683244,0.18787747827212106,0.14457514620994488,-0.04330233206217618,0.005747126436781609,0.0,-0.005747126436781609,2.1875,2.3466666666666667,0.15916666666666668,0.7126436781609196,0.6464088397790055,-0.06623483838191402,39,39.0,0.0
Shunyi,8,3,0.0767824519302243,0.0767824519302243,POST_HOC_DIAGNOSTIC_ONLY,0.18060201732423867,0.14583249580214747,-0.0347695215220912,0.020205297273567464,0.040533458657471856,0.020328161383904392,0.11578948185744926,0.28238023870720624,0.166590756849757,0.6233468773157127,0.6725351364289723,0.049188259113259636,0.18060201732423867,0.14583249580214747,-0.0347695215220912,0.0,0.0,0.0,2.1358024691358026,2.32,0.1841975308641972,0.75,0.6464088397790055,-0.10359116022099446,42,42.0,0.0
Shunyi,8,4,0.0767824519302243,0.0767824519302243,POST_HOC_DIAGNOSTIC_ONLY,0.17644027411233756,0.14484960865410282,-0.031590665458234746,0.018931574771071616,0.040840707695941024,0.021909132924869408,0.10869815215565344,0.2837540657054634,0.17505591354980998,0.630564646832305,0.6726872451784867,0.042122598346181706,0.17644027411233756,0.14484960865410282,-0.031590665458234746,0.0,0.0,0.0,2.2025316455696204,2.3698630136986303,0.16733136812900984,0.7398843930635838,0.6408839779005525,-0.09900041516303126,42,42.0,0.0
Shunyi,8,5,0.0767824519302243,0.0767824519302243,POST_HOC_DIAGNOSTIC_ONLY,0.18046006666087375,0.14422863865129845,-0.036231428009575295,0.015978156164205594,0.04152712394374772,0.025548967779542124,0.09110458068850825,0.2890984123933832,0.19799383170487495,0.6311605173089027,0.6724884656013449,0.04132794829244224,0.18046006666087375,0.14422863865129845,-0.036231428009575295,0.0,0.0,0.0,1.8804347826086956,2.3835616438356166,0.5031268612269211,0.7267441860465116,0.6408839779005525,-0.08586020814595907,40,40.0,0.0
Shunyi,8,6,0.0767824519302243,0.0767824519302243,POST_HOC_DIAGNOSTIC_ONLY,0.20530521876947777,0.14300299555104454,-0.062302223218433234,0.012288483996197988,0.03922012774388284,0.02693164374768485,0.06215714658911421,0.27091713724290345,0.20875999065378925,0.6129356630847236,0.6710218062013048,0.058086143116581224,0.20530521876947777,0.14300299555104454,-0.062302223218433234,0.0,0.0,0.0,2.1375,2.3835616438356166,0.24606164383561646,0.7411764705882353,0.6388888888888888,-0.10228758169934649,42,42.0,0.0
Shunyi,8,7,0.0767824519302243,0.0767824519302243,POST_HOC_DIAGNOSTIC_ONLY,0.19671722346320547,0.14301537534973846,-0.05370184811346701,0.01981658657542668,0.039106908864514914,0.019290322289088235,0.10331001902890086,0.27396513334485073,0.17065511431594987,0.6124777895048085,0.6716535686215608,0.059175779116752314,0.19671722346320547,0.14301537534973846,-0.05370184811346701,0.0,0.0,0.0,2.1794871794871793,2.408450704225352,0.22896352473817272,0.7514792899408284,0.6444444444444445,-0.10703484549638387,41,41.0,0.0
Shunyi,9,0,0.0767824519302243,0.0767824519302243,POST_HOC_DIAGNOSTIC_ONLY,0.16668533734669494,0.13169370173836542,-0.03499163560832952,0.02208860879201703,0.038088285636280465,0.015999676844263434,0.13799885228388803,0.29251139084333255,0.15451253855944452,0.6506542262542017,0.686061131042828,0.03540690478862629,0.16668533734669494,0.13169370173836542,-0.03499163560832952,0.0,0.0,0.0,2.4285714285714284,2.3692307692307693,-0.05934065934065913,0.7236842105263158,0.6335403726708074,-0.09014383785550839,40,40.0,0.0
Shunyi,9,1,0.0767824519302243,0.0767824519302243,POST_HOC_DIAGNOSTIC_ONLY,0.171680712147469,0.13275558572373208,-0.03892512642373691,0.019599623823379805,0.03831222015095123,0.018712596327571426,0.11900315212476992,0.29418261874273877,0.17517946661796885,0.6410301313950633,0.6850491097806153,0.04401897838555202,0.171680712147469,0.13275558572373208,-0.03892512642373691,0.0,0.0,0.0,2.0,2.3076923076923075,0.3076923076923075,0.7814569536423841,0.6335403726708074,-0.14791658097157667,42,42.0,0.0
Shunyi,9,2,0.0767824519302243,0.0767824519302243,POST_HOC_DIAGNOSTIC_ONLY,0.1730991697623287,0.1320331662484512,-0.041066003513877486,0.01580883184230252,0.03831010642765018,0.022501274585347664,0.09142935503940064,0.2927444701095234,0.20131511507012279,0.6437595358621452,0.6859397316018633,0.042180195739718096,0.1730991697623287,0.1320331662484512,-0.041066003513877486,0.0,0.0,0.0,1.876543209876543,2.375,0.4984567901234569,0.8079470198675497,0.6211180124223602,-0.1868290074451895,42,42.0,0.0
Shunyi,9,3,0.0767824519302243,0.0767824519302243,POST_HOC_DIAGNOSTIC_ONLY,0.16208439192533614,0.13257140920072477,-0.029512982724611364,0.018938996211006386,0.039090771364209624,0.02015177515320324,0.11742805575374479,0.2955863269770899,0.17815827122334513,0.6439992020973145,0.6851990090862621,0.04119980698894754,0.16208439192533614,0.13257140920072477,-0.029512982724611364,0.0,0.0,0.0,1.9012345679012346,2.359375,0.4581404320987654,0.7450980392156863,0.6335403726708074,-0.11155766654487886,41,41.0,0.0
Shunyi,9,4,0.0767824519302243,0.0767824519302243,POST_HOC_DIAGNOSTIC_ONLY,0.17027616249013144,0.13142241986522452,-0.03885374262490693,0.01586805289109134,0.039849426356184985,0.023981373465093644,0.09461170223557838,0.2984312932875463,0.20381959105196792,0.6386632383101052,0.6836402567210998,0.04497701841099466,0.17027616249013144,0.13142241986522452,-0.03885374262490693,0.0,0.0,0.0,2.0533333333333332,2.380952380952381,0.3276190476190477,0.6993464052287581,0.625,-0.07434640522875813,44,44.0,0.0
Shunyi,9,5,0.0767824519302243,0.0767824519302243,POST_HOC_DIAGNOSTIC_ONLY,0.17276141133858927,0.13284988203808532,-0.039911529300503956,0.015768866362612,0.03992864663107806,0.024159780268466064,0.09455990921368781,0.2994548508966162,0.2048949416829284,0.6373609058755154,0.682542026156144,0.045181120280628595,0.17276141133858927,0.13284988203808532,-0.039911529300503956,0.0,0.0,0.0,2.0,2.390625,0.390625,0.7350993377483444,0.625,-0.11009933774834435,37,37.0,0.0
Shunyi,9,6,0.0767824519302243,0.0767824519302243,POST_HOC_DIAGNOSTIC_ONLY,0.1757799587848986,0.13189052885207425,-0.04388942993282435,0.022349995975406114,0.040124516606371646,0.017774520630965532,0.1308854692323508,0.30657054220155056,0.17568507296919975,0.632481011891775,0.6828760113432475,0.05039499945147252,0.1757799587848986,0.13189052885207425,-0.04388942993282435,0.0,0.0,0.0,2.1857142857142855,2.421875,0.2361607142857145,0.7236842105263158,0.6375,-0.08618421052631586,45,45.0,0.0
Shunyi,9,7,0.0767824519302243,0.0767824519302243,POST_HOC_DIAGNOSTIC_ONLY,0.1667127616839451,0.1341734499979833,-0.0325393116859618,0.03353695549298125,0.0397183821851229,0.006181426692141646,0.2119940329903076,0.30066323439594983,0.08866920140564222,0.6425845948221126,0.6822916336199921,0.03970703879787951,0.1667127616839451,0.1341734499979833,-0.0325393116859618,0.0,0.0,0.0,2.3384615384615386,2.3484848484848486,0.010023310023310028,0.7417218543046358,0.63125,-0.1104718543046358,40,40.0,0.0
Shunyi,9,8,0.0767824519302243,0.0767824519302243,POST_HOC_DIAGNOSTIC_ONLY,0.16457226329608937,0.13293620930052277,-0.0316360539955666,0.03540895295150313,0.03874801423989749,0.0033390612883943613,0.22967351395550667,0.2988587369110154,0.06918522295550872,0.6495824074590791,0.6832110515814412,0.033628644122362106,0.16457226329608937,0.13293620930052277,-0.0316360539955666,0.0,0.0,0.0,2.4918032786885247,2.390625,-0.10117827868852469,0.7152317880794702,0.63125,-0.08398178807947021,45,45.0,0.0
Shunyi,10,0,0.0767824519302243,0.0767824519302243,POST_HOC_DIAGNOSTIC_ONLY,0.1714798785261093,0.12246415163805739,-0.049015726888051905,0.01975973647980602,0.037864000123609506,0.018104263643803485,0.11520307335934471,0.30833450341101165,0.19313143005166694,0.6494544355974703,0.6957116093864593,0.04625717378898897,0.1714798785261093,0.12246415163805739,-0.049015726888051905,0.0,0.0,0.0,2.0,2.491228070175439,0.4912280701754388,0.7588652482269503,0.6620689655172414,-0.09679628270970897,42,42.0,0.0
Shunyi,10,1,0.0767824519302243,0.0767824519302243,POST_HOC_DIAGNOSTIC_ONLY,0.16930225804958335,0.12267169609396103,-0.04663056195562232,0.025414581293367988,0.038271075788602865,0.012856494495234877,0.1499228499759349,0.3142320406165837,0.1643091906406488,0.6454947929893907,0.6961564967150268,0.050661703725636054,0.16930225804958335,0.12267169609396103,-0.04663056195562232,0.0,0.0,0.0,2.0428571428571427,2.5357142857142856,0.4928571428571429,0.7535211267605634,0.6620689655172414,-0.091452161243322,40,40.0,0.0
Shunyi,10,2,0.0767824519302243,0.0767824519302243,POST_HOC_DIAGNOSTIC_ONLY,0.1637357851594816,0.12456433465263266,-0.039171450506848934,0.03351010372589171,0.03921435085833737,0.005704247132445661,0.20561835622088634,0.3177426627398275,0.11212430651894115,0.6537205257557471,0.6926210600918358,0.038900534336088644,0.1637357851594816,0.12456433465263266,-0.039171450506848934,0.0,0.0,0.0,2.2950819672131146,2.526315789473684,0.23123382226056943,0.7841726618705036,0.6597222222222222,-0.1244504396482814,41,41.0,0.0
Shunyi,10,3,0.0767824519302243,0.0767824519302243,POST_HOC_DIAGNOSTIC_ONLY,0.1632834476639776,0.12355593493225894,-0.03972751273171865,0.03342602147569782,0.040055490730769305,0.006629469255071484,0.20314110987617756,0.3252114868544719,0.12207037697829431,0.6568447541315982,0.6933159823892264,0.036471228257628274,0.1632834476639776,0.12355593493225894,-0.03972751273171865,0.0,0.0,0.0,2.456140350877193,2.517857142857143,0.061716791979949726,0.7122302158273381,0.6527777777777778,-0.05945243804956035,44,44.0,0.0
Shunyi,10,4,0.0767824519302243,0.0767824519302243,POST_HOC_DIAGNOSTIC_ONLY,0.1586899570254021,0.12483592571994129,-0.0338540313054608,0.02858624880322344,0.03943659363100842,0.010850344827784977,0.1780022096868597,0.31119723254787346,0.13319502286101376,0.6594897778818963,0.6922939929164819,0.03280421503458553,0.1586899570254021,0.12483592571994129,-0.0338540313054608,0.0,0.0,0.0,2.238095238095238,2.517857142857143,0.27976190476190466,0.75,0.6527777777777778,-0.09722222222222221,43,43.0,0.0
Shunyi,10,5,0.0767824519302243,0.0767824519302243,POST_HOC_DIAGNOSTIC_ONLY,0.1560866665172983,0.12671980456256365,-0.029366861954734647,0.022379262313797582,0.03947678691406042,0.017097524600262835,0.1433704874953927,0.3134705747694041,0.1701000872740114,0.6621599390041331,0.6912908367789673,0.02913089777483424,0.1560866665172983,0.12671980456256365,-0.029366861954734647,0.0,0.0,0.0,2.1538461538461537,2.491228070175439,0.33738191632928505,0.7482014388489209,0.6597222222222222,-0.08847921662669866,42,42.0,0.0
Shunyi,10,6,0.0767824519302243,0.0767824519302243,POST_HOC_DIAGNOSTIC_ONLY,0.15722439777201808,0.12581710330554272,-0.03140729446647536,0.02553238068288031,0.038938749650594136,0.013406368967713824,0.1614861366496346,0.3069965600122442,0.14551042336260958,0.6610017071643317,0.6913907591377928,0.03038905197346109,0.15722439777201808,0.12581710330554272,-0.03140729446647536,0.0,0.0,0.0,1.8666666666666667,2.456140350877193,0.5894736842105264,0.7553956834532374,0.6597222222222222,-0.09567346123101517,42,42.0,0.0
Shunyi,10,7,0.0767824519302243,0.0767824519302243,POST_HOC_DIAGNOSTIC_ONLY,0.15719431072235812,0.12417855587402686,-0.03301575484833126,0.02563996915649878,0.03911773377415426,0.013477764617655482,0.16181507656549224,0.3146395596915821,0.15282448312608984,0.6583476852201946,0.6923171426793768,0.03396945745918223,0.15719431072235812,0.12417855587402686,-0.03301575484833126,0.0,0.0,0.0,2.35,2.473684210526316,0.12368421052631584,0.6785714285714286,0.6597222222222222,-0.018849206349206393,41,41.0,0.0
Shunyi,10,8,0.0767824519302243,0.0767824519302243,POST_HOC_DIAGNOSTIC_ONLY,0.15953435970882915,0.12393933501955091,-0.035595024689278235,0.021795428217228355,0.038385618982995175,0.01659019076576682,0.13615049817683367,0.3060855459751702,0.1699350477983365,0.6613407962677625,0.6931980741344681,0.03185727786670556,0.15953435970882915,0.12393933501955091,-0.035595024689278235,0.0,0.0,0.0,2.2903225806451615,2.491228070175439,0.20090548953027731,0.7092198581560284,0.6666666666666666,-0.042553191489361764,44,44.0,0.0
Shunyi,10,9,0.0767824519302243,0.0767824519302243,POST_HOC_DIAGNOSTIC_ONLY,0.16337961468212506,0.12325372145235361,-0.04012589322977145,0.016614536329757082,0.03865555165206457,0.02204101532230749,0.10147591590292489,0.31449417377866973,0.21301825787574485,0.6563565340038735,0.6932450631784839,0.036888529174610385,0.16337961468212506,0.12325372145235361,-0.04012589322977145,0.0,0.0,0.0,2.21875,2.491228070175439,0.2724780701754388,0.723404255319149,0.6597222222222222,-0.06368203309692677,44,44.0,0.0
Shunyi,11,0,0.0767824519302243,0.0767824519302243,POST_HOC_DIAGNOSTIC_ONLY,0.16484448755308523,0.11616599320273517,-0.04867849435035006,0.014549803294732544,0.03757707293205014,0.023027269637317598,0.08723598096341419,0.32531944981908123,0.23808346885566706,0.6575365798532076,0.700558699619319,0.04302211976611148,0.16484448755308523,0.11616599320273517,-0.04867849435035006,0.0,0.0,0.0,1.984375,2.4901960784313726,0.5058210784313726,0.746031746031746,0.648854961832061,-0.097176784199685,42,42.0,0.0
Shunyi,11,1,0.0767824519302243,0.0767824519302243,POST_HOC_DIAGNOSTIC_ONLY,0.16511815659723217,0.11894254209149217,-0.046175614505739995,0.018433191337382544,0.03785124795583871,0.019418056618456168,0.1109826440453895,0.31851533620966266,0.20753269216427317,0.6529453452029982,0.698358302288644,0.045412957085645855,0.16511815659723217,0.11894254209149217,-0.046175614505739995,0.0,0.0,0.0,2.0317460317460316,2.5098039215686274,0.4780578898225958,0.7401574803149606,0.6412213740458015,-0.09893610626915916,43,43.0,0.0
Shunyi,11,2,0.0767824519302243,0.0767824519302243,POST_HOC_DIAGNOSTIC_ONLY,0.15467648645488577,0.11915134487779365,-0.03552514157709212,0.024604521284610006,0.03691230175935641,0.012307780474746406,0.15917560758049526,0.3193166782316196,0.16014107065112432,0.6642369727426914,0.6981908687258649,0.03395389598317344,0.15467648645488577,0.11915134487779365,-0.03552514157709212,0.0,0.0,0.0,2.152542372881356,2.52,0.36745762711864405,0.7142857142857143,0.648854961832061,-0.06543075245365326,42,42.0,0.0
Shunyi,11,3,0.0767824519302243,0.0767824519302243,POST_HOC_DIAGNOSTIC_ONLY,0.14681457625791,0.11783220360391936,-0.028982372653990646,0.023587852567393586,0.03789660041297636,0.01430874784558277,0.16317958287653087,0.3284342406889855,0.16525465781245466,0.6743608184920141,0.6991669642450914,0.02480614575307727,0.14681457625791,0.11783220360391936,-0.028982372653990646,0.0,0.0,0.0,2.169491525423729,2.5294117647058822,0.35992023928215344,0.7007874015748031,0.6412213740458015,-0.05956602752900164,43,43.0,0.0
Shunyi,11,4,0.0767824519302243,0.0767824519302243,POST_HOC_DIAGNOSTIC_ONLY,0.1428521718554483,0.11752482883728585,-0.025327343018162446,0.02881608951414214,0.037338450131957086,0.008522360617814945,0.20457922330979394,0.3213881356260795,0.11680891231628554,0.6782102642321317,0.6993932754709836,0.021183011238851912,0.1428521718554483,0.11752482883728585,-0.025327343018162446,0.0,0.0,0.0,2.245614035087719,2.4901960784313726,0.2445820433436534,0.7086614173228346,0.648854961832061,-0.05980645549077357,43,43.0,0.0
Shunyi,11,5,0.0767824519302243,0.0767824519302243,POST_HOC_DIAGNOSTIC_ONLY,0.14531783005534327,0.11594732153119967,-0.029370508524143593,0.035843410974408026,0.03801256612219905,0.0021691551477910215,0.24636379215677245,0.3259639191297258,0.07960012697295332,0.6736749924388319,0.6998013222831221,0.026126329844290197,0.14531783005534327,0.11594732153119967,-0.029370508524143593,0.0,0.0,0.0,2.6122448979591835,2.549019607843137,-0.06322529011604638,0.7007874015748031,0.6564885496183206,-0.04429885195648253,42,42.0,0.0
Shunyi,11,6,0.0767824519302243,0.0767824519302243,POST_HOC_DIAGNOSTIC_ONLY,0.1476597240545745,0.11615223651070591,-0.03150748754386859,0.030238414809731443,0.037614123736563455,0.007375708926832012,0.20258306872689574,0.3238427693516787,0.12125970062478297,0.666284172057008,0.7017865040963002,0.035502332039292206,0.1476597240545745,0.11615223651070591,-0.03150748754386859,0.0,0.0,0.0,2.1333333333333333,2.5294117647058822,0.39607843137254894,0.7795275590551181,0.648854961832061,-0.13067259722305702,44,44.0,0.0
Shunyi,11,7,0.0767824519302243,0.0767824519302243,POST_HOC_DIAGNOSTIC_ONLY,0.1459446085823691,0.11513678371078653,-0.030807824871582568,0.021350868582469866,0.038653663781607984,0.01730279519913812,0.14669858190525487,0.3351633736830015,0.1884647917777466,0.673847466289639,0.7010227744279857,0.027175308138346677,0.1459446085823691,0.11513678371078653,-0.030807824871582568,0.0,0.0,0.0,2.189655172413793,2.5294117647058822,0.3397565922920891,0.7619047619047619,0.648854961832061,-0.11304980007270082,42,42.0,0.0
Shunyi,11,8,0.0767824519302243,0.0767824519302243,POST_HOC_DIAGNOSTIC_ONLY,0.1440494831896123,0.11434441120023857,-0.029705071989373735,0.014890064459323563,0.037744620372287534,0.02285455591296397,0.10365096578847689,0.3308738506159328,0.2272228848274559,0.6752382448939364,0.7017513930420232,0.026513148148086807,0.1440494831896123,0.11434441120023857,-0.029705071989373735,0.0,0.0,0.0,2.2857142857142856,2.5098039215686274,0.22408963585434183,0.7401574803149606,0.6564885496183206,-0.08366893069664005,43,43.0,0.0
Shunyi,11,9,0.0767824519302243,0.0767824519302243,POST_HOC_DIAGNOSTIC_ONLY,0.15027082946556983,0.11677165914247022,-0.03349917032309961,0.012628798083969744,0.03740862519304046,0.024779827109070715,0.08362490191860926,0.3176222477233646,0.23399734580475534,0.6632636662401142,0.7008097488043611,0.03754608256424685,0.15027082946556983,0.11677165914247022,-0.03349917032309961,0.0,0.0,0.0,2.4150943396226414,2.54,0.12490566037735862,0.7244094488188977,0.648854961832061,-0.07555448698683664,43,43.0,0.0
Shunyi,11,10,0.0767824519302243,0.0767824519302243,POST_HOC_DIAGNOSTIC_ONLY,0.14948690437471726,0.11611841364639677,-0.03336849072832049,0.01828529270654983,0.03774332559112518,0.019458032884575347,0.1214299616511624,0.3295510298188267,0.20812106816766432,0.6661352251139999,0.6971357680591573,0.031000542945157417,0.14948690437471726,0.11611841364639677,-0.03336849072832049,0.0,0.0,0.0,2.4423076923076925,2.5098039215686274,0.0674962292609349,0.6825396825396826,0.6461538461538462,-0.03638583638583637,43,43.0,0.0
Shunyi,12,0,0.0767824519302243,0.0767824519302243,POST_HOC_DIAGNOSTIC_ONLY,0.13190223652745683,0.10920681451929623,-0.022695422008160604,0.016953327700491627,0.03704689655454897,0.020093568854057345,0.12777721313566448,0.35020420114419104,0.22242698800852656,0.6871066861058717,0.7068399570943913,0.019733270988519624,0.13190223652745683,0.10920681451929623,-0.022695422008160604,0.0,0.0,0.0,2.188679245283019,2.577777777777778,0.3890985324947591,0.6782608695652174,0.6416666666666667,-0.03659420289855064,44,44.0,0.0
Shunyi,12,1,0.0767824519302243,0.0767824519302243,POST_HOC_DIAGNOSTIC_ONLY,0.14220780089219426,0.11088695563363027,-0.03132084525856399,0.022132825748784578,0.03748372520107786,0.01535089945229328,0.15525558005854437,0.34035940339010196,0.1851038233315576,0.67761756227413,0.7057756052167626,0.02815804294263269,0.14220780089219426,0.11088695563363027,-0.03132084525856399,0.0,0.0,0.0,2.188679245283019,2.4893617021276597,0.3006824568446409,0.7130434782608696,0.6333333333333333,-0.07971014492753625,43,43.0,0.0
Shunyi,12,2,0.0767824519302243,0.0767824519302243,POST_HOC_DIAGNOSTIC_ONLY,0.15515356576888834,0.11131200463202193,-0.04384156113686641,0.021966173130917428,0.0361964558298507,0.01423028269893327,0.14059785640821726,0.32452364051777344,0.18392578410955618,0.6665902522213424,0.7054707686065087,0.03888051638516632,0.15515356576888834,0.11131200463202193,-0.04384156113686641,0.0,0.0,0.0,2.188679245283019,2.5434782608695654,0.3547990155865466,0.6869565217391305,0.6416666666666667,-0.04528985507246375,43,43.0,0.0
Shunyi,12,3,0.0767824519302243,0.0767824519302243,POST_HOC_DIAGNOSTIC_ONLY,0.15408291546168854,0.11213392303894792,-0.04194899242274061,0.02542223438399304,0.03696134081735216,0.01153910643335912,0.16453740284031776,0.3355026165922602,0.17096521375194246,0.6673387520405816,0.7048458601871821,0.03750710814660052,0.15408291546168854,0.11213392303894792,-0.04194899242274061,0.0,0.0,0.0,2.188679245283019,2.5555555555555554,0.36687631027253653,0.7043478260869566,0.6333333333333333,-0.07101449275362326,44,44.0,0.0
Shunyi,12,4,0.0767824519302243,0.0767824519302243,POST_HOC_DIAGNOSTIC_ONLY,0.1425691619904625,0.11253787786774937,-0.030031284122713123,0.0318913350530144,0.03665711317232485,0.004765778119310449,0.22440529429913106,0.32555213351054535,0.10114683921141429,0.6741239516706319,0.7044153621525994,0.030291410481967485,0.1425691619904625,0.11253787786774937,-0.030031284122713123,0.0,0.0,0.0,2.188679245283019,2.5106382978723403,0.32195905258932145,0.7304347826086957,0.6416666666666667,-0.08876811594202894,43,43.0,0.0
Shunyi,12,5,0.0767824519302243,0.0767824519302243,POST_HOC_DIAGNOSTIC_ONLY,0.14212192378052643,0.11348986491320756,-0.02863205886731887,0.02568455901708018,0.03584084304677057,0.01015628402969039,0.18125741635438397,0.3208387415751726,0.13958132522078864,0.6760376289853891,0.7042631745521521,0.028225545566763044,0.14212192378052643,0.11348986491320756,-0.02863205886731887,0.0,0.0,0.0,2.2941176470588234,2.5217391304347827,0.22762148337595933,0.6724137931034483,0.65,-0.022413793103448265,42,42.0,0.0
Shunyi,12,6,0.0767824519302243,0.0767824519302243,POST_HOC_DIAGNOSTIC_ONLY,0.14327497746318266,0.11031097457928668,-0.032964002883895976,0.018589310017791603,0.03601448254288626,0.017425172525094654,0.13045966635581183,0.3289591292803377,0.1984994629245259,0.6780746756483398,0.7077825900252822,0.029707914376942424,0.14327497746318266,0.11031097457928668,-0.032964002883895976,0.0,0.0,0.0,2.3137254901960786,2.5434782608695654,0.22975277067348676,0.7435897435897436,0.6416666666666667,-0.1019230769230769,42,42.0,0.0
Shunyi,12,7,0.0767824519302243,0.0767824519302243,POST_HOC_DIAGNOSTIC_ONLY,0.14287100607689956,0.10796774434073601,-0.03490326173616355,0.01611426624134203,0.03552832066930419,0.019414054427962162,0.11329979543470389,0.33364408273891527,0.22034428730421138,0.6743369352212056,0.7091105287369727,0.03477359351576703,0.14287100607689956,0.10796774434073601,-0.03490326173616355,0.0,0.0,0.0,1.903225806451613,2.5652173913043477,0.6619915848527347,0.7435897435897436,0.6416666666666667,-0.1019230769230769,44,44.0,0.0
Shunyi,12,8,0.0767824519302243,0.0767824519302243,POST_HOC_DIAGNOSTIC_ONLY,0.1390536501111286,0.108236176271852,-0.030817473839276605,0.018969101882289247,0.03625586920402925,0.01728676732174,0.13662829761059866,0.3310530349102467,0.19442473729964801,0.6770139272202638,0.7089212853489016,0.031907358128637875,0.1390536501111286,0.108236176271852,-0.030817473839276605,0.0,0.0,0.0,2.207547169811321,2.5652173913043477,0.35767022149302674,0.6982758620689655,0.6333333333333333,-0.06494252873563222,44,44.0,0.0
Shunyi,12,9,0.0767824519302243,0.0767824519302243,POST_HOC_DIAGNOSTIC_ONLY,0.13237273121803245,0.1089230926169565,-0.023449638601075948,0.017237212386317077,0.03724728216668528,0.020010069780368206,0.12864555562939253,0.35313659208704606,0.22449103645765353,0.6833518749543647,0.7089537304791033,0.025601855524738593,0.13237273121803245,0.1089230926169565,-0.023449638601075948,0.0,0.0,0.0,2.0526315789473686,2.6222222222222222,0.5695906432748536,0.7241379310344828,0.6333333333333333,-0.09080459770114946,43,43.0,0.0
Shunyi,12,10,0.0767824519302243,0.0767824519302243,POST_HOC_DIAGNOSTIC_ONLY,0.13492803853236068,0.1082979107607916,-0.02663012777156909,0.013112428542159856,0.03779257861056797,0.024680150068408117,0.09541808516044067,0.3468654834189866,0.2514473982585459,0.6778888443052529,0.7044951279454769,0.026606283640223993,0.13492803853236068,0.1082979107607916,-0.02663012777156909,0.0,0.0,0.0,2.169811320754717,2.6,0.4301886792452829,0.7280701754385965,0.6386554621848739,-0.08941471325372263,43,43.0,0.0
Shunyi,12,11,0.0767824519302243,0.0767824519302243,POST_HOC_DIAGNOSTIC_ONLY,0.12879923446931174,0.10857605745364327,-0.020223177015668475,0.017380404971608924,0.037708920151109715,0.02032851517950079,0.1340776680982077,0.34975019136398877,0.21567252326578107,0.684431769136156,0.7046192254670539,0.020187456330897913,0.12879923446931174,0.10857605745364327,-0.020223177015668475,0.0,0.0,0.0,2.3877551020408165,2.577777777777778,0.1900226757369614,0.7155172413793104,0.6302521008403361,-0.08526514053897427,42,42.0,0.0
Shunyi,13,0,0.0767824519302243,0.0767824519302243,POST_HOC_DIAGNOSTIC_ONLY,0.1454361178795067,0.1075115182724812,-0.03792459960702549,0.012113447909454235,0.03634004584238068,0.024226597932926447,0.08281772468736895,0.3359178620030822,0.25310013731571324,0.6725353304947097,0.71086516580658,0.038329835311870286,0.1454361178795067,0.1075115182724812,-0.03792459960702549,0.0,0.0,0.0,2.0,2.488372093023256,0.4883720930232558,0.7476635514018691,0.6306306306306306,-0.1170329207712385,44,44.0,0.0
Shunyi,13,1,0.0767824519302243,0.0767824519302243,POST_HOC_DIAGNOSTIC_ONLY,0.13057213857264577,0.1054345541559951,-0.025137584416650663,0.017610139402010824,0.03672447488592578,0.019114335483914953,0.13483188360262388,0.33805579922545337,0.2032239156228295,0.6849657849223171,0.7126366407887629,0.027670855866445798,0.13057213857264577,0.1054345541559951,-0.025137584416650663,0.0,0.0,0.0,1.981818181818182,2.511627906976744,0.5298097251585623,0.7777777777777778,0.6396396396396397,-0.13813813813813813,43,43.0,0.0
Shunyi,13,2,0.0767824519302243,0.0767824519302243,POST_HOC_DIAGNOSTIC_ONLY,0.1318415678062166,0.1051852701228359,-0.02665629768338068,0.018124072779361917,0.03545586921076394,0.017331796431402025,0.13783271476588885,0.3426967823562044,0.20486406759031553,0.6867102920474127,0.7147522143806679,0.028041922333255198,0.1318415678062166,0.1051852701228359,-0.02665629768338068,0.0,0.0,0.0,1.9636363636363636,2.5714285714285716,0.607792207792208,0.7757009345794392,0.6306306306306306,-0.1450703039488086,42,42.0,0.0
Shunyi,13,3,0.0767824519302243,0.0767824519302243,POST_HOC_DIAGNOSTIC_ONLY,0.13602841174260993,0.10376555833311826,-0.03226285340949167,0.02248400888490803,0.03508685027765715,0.012602841392749121,0.16657185417221712,0.34478986753444185,0.17821801336222473,0.6857825949423555,0.7148448683208077,0.02906227337845224,0.13602841174260993,0.10376555833311826,-0.03226285340949167,0.0,0.0,0.0,2.14,2.511627906976744,0.3716279069767441,0.7075471698113207,0.6306306306306306,-0.07691653918069008,43,43.0,0.0
Shunyi,13,4,0.0767824519302243,0.0767824519302243,POST_HOC_DIAGNOSTIC_ONLY,0.13873465218350528,0.10366626911396086,-0.03506838306954442,0.020985839332659614,0.03488572429528815,0.013899884962628534,0.15211695729858327,0.34892242057358486,0.1968054632750016,0.6844833444903513,0.7153829553070697,0.030899610816718437,0.13873465218350528,0.10366626911396086,-0.03506838306954442,0.0,0.0,0.0,2.4318181818181817,2.5476190476190474,0.1158008658008658,0.6886792452830188,0.6306306306306306,-0.0580486146523882,44,44.0,0.0
Shunyi,13,5,0.0767824519302243,0.0767824519302243,POST_HOC_DIAGNOSTIC_ONLY,0.1240989114478097,0.10214528415905524,-0.021953627288754454,0.02614798936185352,0.034728232355986606,0.008580242994133087,0.21470365337659628,0.34627877102070587,0.1315751176441096,0.6986134784582642,0.7155074404598908,0.016893962001626628,0.1240989114478097,0.10214528415905524,-0.021953627288754454,0.0,0.0,0.0,2.4545454545454546,2.5714285714285716,0.11688311688311703,0.7102803738317757,0.6216216216216216,-0.08865875221015407,44,44.0,0.0
Shunyi,13,6,0.0767824519302243,0.0767824519302243,POST_HOC_DIAGNOSTIC_ONLY,0.12229312010933202,0.10293322088133482,-0.019359899227997204,0.025533305935395493,0.03609641857316477,0.010563112637769278,0.20796814272065264,0.35726828805223926,0.14930014533158661,0.6989205311214752,0.7106471428428274,0.011726611721352143,0.12229312010933202,0.10293322088133482,-0.019359899227997204,0.0,0.0,0.0,2.5238095238095237,2.5348837209302326,0.011074197120708895,0.7047619047619048,0.6272727272727273,-0.0774891774891775,42,42.0,0.0
Shunyi,13,7,0.0767824519302243,0.0767824519302243,POST_HOC_DIAGNOSTIC_ONLY,0.12144229363373969,0.10319282354074885,-0.01824947009299084,0.016408844777748163,0.035885327225048204,0.01947648244730004,0.13206552756774492,0.35298035602178973,0.2209148284540448,0.695696475827052,0.7099279159042471,0.014231440077195123,0.12144229363373969,0.10319282354074885,-0.01824947009299084,0.0,0.0,0.0,2.5238095238095237,2.6,0.07619047619047636,0.6761904761904762,0.6363636363636364,-0.03982683982683988,43,43.0,0.0
Shunyi,13,8,0.0767824519302243,0.0767824519302243,POST_HOC_DIAGNOSTIC_ONLY,0.12876754452746353,0.10483396953557117,-0.02393357499189236,0.01331142155471106,0.03675756142557511,0.023446139870864052,0.10117830966336529,0.35063646974810814,0.24945816008474286,0.6881257479701883,0.7092380401382734,0.02111229216808508,0.12876754452746353,0.10483396953557117,-0.02393357499189236,0.0,0.0,0.0,2.6097560975609757,2.6097560975609757,0.0,0.6981132075471698,0.6272727272727273,-0.07084048027444245,45,45.0,0.0
Shunyi,13,9,0.0767824519302243,0.0767824519302243,POST_HOC_DIAGNOSTIC_ONLY,0.12540541282200976,0.10561797049281024,-0.019787442329199517,0.017694214871490924,0.03627610074109818,0.018581885869607257,0.13845336483849763,0.346478770175141,0.20802540533664338,0.6911069616143833,0.7082667372162863,0.01715977560190296,0.12540541282200976,0.10561797049281024,-0.019787442329199517,0.0,0.0,0.0,2.4318181818181817,2.5714285714285716,0.13961038961038996,0.7169811320754716,0.6272727272727273,-0.08970840480274433,43,43.0,0.0
Shunyi,13,10,0.0767824519302243,0.0767824519302243,POST_HOC_DIAGNOSTIC_ONLY,0.1297159821802676,0.10570272007393702,-0.02401326210633059,0.02067187648103691,0.03615904484616759,0.015487168365130678,0.15636758641557216,0.3447303072104061,0.18836272079483393,0.6819214633610774,0.7085863978166347,0.026664934455557288,0.1297159821802676,0.10570272007393702,-0.02401326210633059,0.0,0.0,0.0,2.276595744680851,2.5714285714285716,0.2948328267477205,0.7547169811320755,0.6363636363636364,-0.11835334476843917,44,44.0,0.0
Shunyi,13,11,0.0767824519302243,0.0767824519302243,POST_HOC_DIAGNOSTIC_ONLY,0.13508637138874094,0.10738256256884599,-0.027703808819894954,0.021194240391332112,0.035817916220982265,0.014623675829650153,0.15486073512242168,0.33807459899339826,0.18321386387097657,0.6784260362999885,0.7075021637093667,0.02907612740937815,0.13508637138874094,0.10738256256884599,-0.027703808819894954,0.0,0.0,0.0,2.276595744680851,2.5476190476190474,0.2710233029381963,0.7452830188679245,0.6363636363636364,-0.10891938250428812,43,43.0,0.0
Shunyi,13,12,0.0767824519302243,0.0767824519302243,POST_HOC_DIAGNOSTIC_ONLY,0.14857999626595006,0.10811260945066405,-0.04046738681528601,0.01574203347772815,0.03593227336921512,0.020190239891486966,0.10520971601107074,0.33102978586377263,0.2258200698527019,0.6674697686294295,0.7076616142323321,0.040191845602902565,0.14857999626595006,0.10811260945066405,-0.04046738681528601,0.0,0.0,0.0,2.0576923076923075,2.5853658536585367,0.5276735459662292,0.7452830188679245,0.6272727272727273,-0.11801029159519716,44,44.0,0.0
Shunyi,14,0,0.0767824519302243,0.0767824519302243,POST_HOC_DIAGNOSTIC_ONLY,0.1244845287482174,0.10246142548231368,-0.022023103265903718,0.010456126187043172,0.03580785070020031,0.025351724513157137,0.08423420582013076,0.3523395168244376,0.26810531100430685,0.7003557291132869,0.7156731596182009,0.015317430504913965,0.1244845287482174,0.10246142548231368,-0.022023103265903718,0.0,0.0,0.0,2.6315789473684212,2.6315789473684212,0.0,0.6868686868686869,0.6116504854368932,-0.0752182014317937,44,44.0,0.0
Shunyi,14,1,0.0767824519302243,0.0767824519302243,POST_HOC_DIAGNOSTIC_ONLY,0.12963453799273328,0.10184328575403727,-0.02779125223869601,0.007984250398156765,0.035667995329362656,0.027683744931205893,0.06104976189431018,0.35467933770060167,0.2936295758062915,0.6889648826255935,0.7165250289732115,0.027560146347617942,0.12963453799273328,0.10184328575403727,-0.02779125223869601,0.0,0.0,0.0,2.127659574468085,2.6052631578947367,0.47760358342665166,0.7171717171717171,0.6213592233009708,-0.09581249387074631,44,44.0,0.0
Shunyi,14,2,0.0767824519302243,0.0767824519302243,POST_HOC_DIAGNOSTIC_ONLY,0.13011752850692612,0.10150817529683931,-0.028609353210086813,0.01426531332704408,0.034537687001384966,0.020272373674340885,0.10940123855598481,0.3421701703994379,0.2327689318434531,0.6876997062122008,0.7172420115467665,0.0295423053345657,0.13011752850692612,0.10150817529683931,-0.028609353210086813,0.0,0.0,0.0,2.3255813953488373,2.525,0.19941860465116257,0.6767676767676768,0.6213592233009708,-0.055408453466705976,43,43.0,0.0
Shunyi,14,3,0.0767824519302243,0.0767824519302243,POST_HOC_DIAGNOSTIC_ONLY,0.12186337479999874,0.10033331601560892,-0.02153005878438982,0.022591463518395152,0.034522524733486416,0.011931061215091264,0.18546764900465446,0.3508686127013648,0.16540096369671037,0.6964602602753366,0.7183563240959343,0.021896063820597722,0.12186337479999874,0.10033331601560892,-0.02153005878438982,0.0,0.0,0.0,2.380952380952381,2.5641025641025643,0.1831501831501834,0.696969696969697,0.6213592233009708,-0.0756104736687262,43,43.0,0.0
Shunyi,14,4,0.0767824519302243,0.0767824519302243,POST_HOC_DIAGNOSTIC_ONLY,0.11691307828298331,0.09923756573452061,-0.017675512548462696,0.028918675523762937,0.0346088794530518,0.0056902039292888625,0.2470838913941595,0.3518700068201475,0.10478611542598801,0.7003642672961944,0.7184800670306861,0.018115799734491733,0.11691307828298331,0.09923756573452061,-0.017675512548462696,0.0,0.0,0.0,2.5,2.5641025641025643,0.06410256410256432,0.7070707070707071,0.6213592233009708,-0.08571148376973625,43,43.0,0.0
Shunyi,14,5,0.0767824519302243,0.0767824519302243,POST_HOC_DIAGNOSTIC_ONLY,0.10659949508042517,0.10024981176474174,-0.006349683315683433,0.034137863597594055,0.03417412779063496,3.6264193040903836e-05,0.3204897298821583,0.3476467619333149,0.027157032051156604,0.7111232145858573,0.718371122408426,0.007247907822568789,0.10659949508042517,0.10024981176474174,-0.006349683315683433,0.0,0.0,0.0,2.525,2.5384615384615383,0.013461538461538414,0.7,0.6213592233009708,-0.07864077669902914,43,43.0,0.0
Shunyi,14,6,0.0767824519302243,0.0767824519302243,POST_HOC_DIAGNOSTIC_ONLY,0.10505822861557029,0.09970782501280331,-0.005350403602766979,0.03323974074108976,0.034780231776931465,0.0015404910358417026,0.308098750242202,0.35592445615148544,0.04782570590928342,0.709466134044163,0.7132621421394401,0.003796008095277026,0.10505822861557029,0.09970782501280331,-0.005350403602766979,0.0,0.0,0.0,2.255813953488372,2.5384615384615383,0.2826475849731662,0.7291666666666666,0.6274509803921569,-0.10171568627450978,44,44.0,0.0
Shunyi,14,7,0.0767824519302243,0.0767824519302243,POST_HOC_DIAGNOSTIC_ONLY,0.11528114530280979,0.09864860967620957,-0.01663253562660022,0.025026437389472515,0.03440672340634443,0.009380286016871915,0.210831041272213,0.3514947692001202,0.14066372792790718,0.7011746747846963,0.7135719031463231,0.012397228361626822,0.11528114530280979,0.09864860967620957,-0.01663253562660022,0.0,0.0,0.0,2.3333333333333335,2.5641025641025643,0.23076923076923084,0.7628865979381443,0.6274509803921569,-0.13543561754598743,44,44.0,0.0
Shunyi,14,8,0.0767824519302243,0.0767824519302243,POST_HOC_DIAGNOSTIC_ONLY,0.1254945398517353,0.1001769086557554,-0.025317631195979906,0.017747141141740506,0.034829254390513965,0.01708211324877346,0.13719939442484008,0.3484220443017588,0.21122264987691874,0.691392714236573,0.7134664457696329,0.022073731533059915,0.1254945398517353,0.1001769086557554,-0.025317631195979906,0.0,0.0,0.0,2.3902439024390243,2.5641025641025643,0.17385866166354003,0.7731958762886598,0.6274509803921569,-0.14574489589650297,44,44.0,0.0
Shunyi,14,9,0.0767824519302243,0.0767824519302243,POST_HOC_DIAGNOSTIC_ONLY,0.13403704302286862,0.10066536261246815,-0.033371680410400464,0.01483963061904288,0.03408620828336622,0.01924657766432334,0.10757979883383627,0.3454256317385661,0.23784583290472983,0.6826940720258136,0.713642178327991,0.03094810630217748,0.13403704302286862,0.10066536261246815,-0.033371680410400464,0.0,0.0,0.0,1.849056603773585,2.5641025641025643,0.7150459603289794,0.7835051546391752,0.6274509803921569,-0.1560541742470184,43,43.0,0.0
Shunyi,14,10,0.0767824519302243,0.0767824519302243,POST_HOC_DIAGNOSTIC_ONLY,0.13648410996216329,0.10021191227985299,-0.0362721976823103,0.01304768111008707,0.03410378150147279,0.021056100391385717,0.09413800693031461,0.3408682022353169,0.2467301953050023,0.6801427228447177,0.71381302912734,0.03367030628262235,0.13648410996216329,0.10021191227985299,-0.0362721976823103,0.0,0.0,0.0,1.8679245283018868,2.5641025641025643,0.6961780358006775,0.7959183673469388,0.6274509803921569,-0.16846738695478192,44,44.0,0.0
Shunyi,14,11,0.0767824519302243,0.0767824519302243,POST_HOC_DIAGNOSTIC_ONLY,0.13325097551014153,0.10071506695591805,-0.03253590855422349,0.0064720194136968405,0.03593638927258876,0.029464369858891924,0.048346700552916476,0.35436210440642635,0.3060154038535099,0.6823796618945545,0.7138163569206205,0.03143669502606605,0.13325097551014153,0.10071506695591805,-0.03253590855422349,0.0,0.0,0.0,2.127659574468085,2.5526315789473686,0.4249720044792835,0.7070707070707071,0.6274509803921569,-0.07961972667855022,44,44.0,0.0
Shunyi,14,12,0.0767824519302243,0.0767824519302243,POST_HOC_DIAGNOSTIC_ONLY,0.13152609588657618,0.10074083378114979,-0.030785262105426398,0.010680830898166214,0.03553503373063328,0.024854202832467063,0.08188502257778105,0.3505822447897727,0.26869722221199166,0.6866048293562552,0.7138494661457067,0.027244636789451437,0.13152609588657618,0.10074083378114979,-0.030785262105426398,0.0,0.0,0.0,2.4146341463414633,2.5641025641025643,0.14946841776110098,0.7142857142857143,0.6274509803921569,-0.08683473389355745,44,44.0,0.0
Shunyi,14,13,0.0767824519302243,0.0767824519302243,POST_HOC_DIAGNOSTIC_ONLY,0.13196037612535136,0.10230011803578776,-0.0296602580895636,0.009992452597973637,0.03560325091239003,0.025610798314416393,0.07637724358626319,0.35287737093296495,0.27650012734670176,0.6867932219354218,0.7129228376375886,0.026129615702166764,0.13196037612535136,0.10230011803578776,-0.0296602580895636,0.0,0.0,0.0,2.675675675675676,2.6052631578947367,-0.07041251778093915,0.7346938775510204,0.6176470588235294,-0.11704681872749101,44,44.0,0.0
Tiantan,6,0,0.06352801700498967,0.06352801700498967,POST_HOC_DIAGNOSTIC_ONLY,0.22357265077450833,0.16568068852554516,-0.057891962248963175,-0.007328564539901197,0.028916908609625258,0.036245473149526454,-0.033353973731924696,0.1809552691385893,0.214309242870514,0.5924277007582404,0.6582428612624286,0.06581516050418823,0.22357265077450833,0.16568068852554516,-0.057891962248963175,0.0,0.0,0.0,1.9421487603305785,2.188679245283019,0.24653048495244034,0.7649572649572649,0.6818181818181818,-0.08313908313908314,39,39.0,0.0
Tiantan,6,1,0.06352801700498967,0.06352801700498967,POST_HOC_DIAGNOSTIC_ONLY,0.2226698624927353,0.16725984145329298,-0.055410021039442314,0.012496497324293223,0.028135759079451844,0.01563926175515862,0.05697179438161966,0.16959859090628907,0.1126267965246694,0.5967874699842867,0.6584616402587647,0.06167417027447808,0.2226698624927353,0.16725984145329298,-0.055410021039442314,0.0,0.0,0.0,1.903225806451613,2.177570093457944,0.27434428700633084,0.7702127659574468,0.6859504132231405,-0.08426235273430627,40,40.0,0.0
Tiantan,6,2,0.06352801700498967,0.06352801700498967,POST_HOC_DIAGNOSTIC_ONLY,0.232946419084669,0.16698479064323601,-0.065961628441433,0.004931513454002162,0.028348386176973054,0.023416872722970893,0.021944065247623455,0.16729442675557707,0.1453503615079536,0.5882135609231921,0.658192039979482,0.06997847905628984,0.232946419084669,0.16698479064323601,-0.065961628441433,0.0,0.0,0.0,1.8870967741935485,2.165137614678899,0.2780408404853505,0.7896995708154506,0.6818181818181818,-0.10788138899726885,40,40.0,0.0
Tiantan,6,3,0.06352801700498967,0.06352801700498967,POST_HOC_DIAGNOSTIC_ONLY,0.24698435205122274,0.16713852565050422,-0.07984582640071852,-0.015638179142442605,0.027695142083723964,0.043333321226166566,-0.06556361316524126,0.1681540734353141,0.23371768660055536,0.5730203968846923,0.657785088654979,0.08476469177028667,0.24698435205122274,0.16713852565050422,-0.07984582640071852,0.0,0.0,0.0,2.0086206896551726,2.205607476635514,0.19698678698034122,0.7327586206896551,0.6859504132231405,-0.046808207466514595,40,40.0,0.0
Tiantan,6,4,0.06352801700498967,0.06352801700498967,POST_HOC_DIAGNOSTIC_ONLY,0.24099016963473935,0.16555174950383073,-0.07543842013090862,-0.013371555353951894,0.029284952887213465,0.04265650824116536,-0.05695683077867264,0.17536226803412755,0.2323190988128002,0.5754861251087033,0.6574564822921036,0.08197035718340029,0.24099016963473935,0.16555174950383073,-0.07543842013090862,0.0,0.0,0.0,1.949579831932773,2.19811320754717,0.2485333756143968,0.7705627705627706,0.6846473029045643,-0.08591546765820623,39,39.0,0.0
Tiantan,6,5,0.06352801700498967,0.06352801700498967,POST_HOC_DIAGNOSTIC_ONLY,0.2372261942005178,0.1656391278904484,-0.07158706631006939,0.0030685362766228485,0.029989973399625298,0.026921437123002448,0.01289492961265272,0.17971401551105978,0.16681908589840705,0.5919114171598431,0.6583068595372475,0.06639544237740447,0.2372261942005178,0.1656391278904484,-0.07158706631006939,0.004273504273504274,0.0,-0.004273504273504274,1.8951612903225807,2.2358490566037736,0.3406877662811929,0.782051282051282,0.6846473029045643,-0.09740397914671772,37,37.0,0.0
Tiantan,7,0,0.06352801700498967,0.06352801700498967,POST_HOC_DIAGNOSTIC_ONLY,0.18898008297667904,0.14581546755361535,-0.043164615423063685,-0.003790354643077353,0.028338516043121948,0.0321288706861993,-0.02065985410315172,0.19243533252905365,0.21309518663220536,0.6281349463147159,0.6767132581633638,0.048578311848647915,0.18898008297667904,0.14581546755361535,-0.043164615423063685,0.0,0.0,0.0,1.8425925925925926,2.208791208791209,0.3661986161986164,0.7929292929292929,0.6714975845410628,-0.12143170838823014,41,41.0,0.0
Tiantan,7,1,0.06352801700498967,0.06352801700498967,POST_HOC_DIAGNOSTIC_ONLY,0.2035101450423613,0.1469545235791592,-0.056555621463202116,-0.005147617205284703,0.027485471881307264,0.03263308908659197,-0.025751525787439257,0.1880801495620153,0.21383167534945455,0.6157128897567427,0.6769356366938621,0.06122274693711949,0.2035101450423613,0.1469545235791592,-0.056555621463202116,0.0,0.0,0.0,1.7927927927927927,2.1956521739130435,0.40285938112025077,0.7777777777777778,0.6763285024154589,-0.10144927536231885,41,41.0,0.0
Tiantan,7,2,0.06352801700498967,0.06352801700498967,POST_HOC_DIAGNOSTIC_ONLY,0.2146400318074616,0.14813348104402338,-0.06650655076343823,-0.006156001052102896,0.026790166566471076,0.03294616761857397,-0.029321924524487248,0.18669681781030345,0.2160187423347907,0.6003223868134877,0.6769959992389573,0.07667361242546955,0.2146400318074616,0.14813348104402338,-0.06650655076343823,0.0,0.0,0.0,1.8773584905660377,2.2065217391304346,0.32916324856439694,0.7777777777777778,0.6763285024154589,-0.10144927536231885,39,39.0,0.0
Tiantan,7,3,0.06352801700498967,0.06352801700498967,POST_HOC_DIAGNOSTIC_ONLY,0.22531261870650157,0.14724718588177793,-0.07806543282472364,0.008118308126023386,0.026935755314698655,0.01881744718867527,0.035736670253583,0.17863265039355342,0.1428959801399704,0.6018938885953031,0.6787690171469241,0.07687512855162093,0.22531261870650157,0.14724718588177793,-0.07806543282472364,0.0,0.0,0.0,1.7413793103448276,2.2134831460674156,0.47210383572258796,0.8308457711442786,0.6763285024154589,-0.15451726872881966,40,40.0,0.0
Tiantan,7,4,0.06352801700498967,0.06352801700498967,POST_HOC_DIAGNOSTIC_ONLY,0.18929166802794867,0.14659554814032824,-0.042696119887620426,0.0030791742869898378,0.025800132993268943,0.022720958706279104,0.01659095223558793,0.17914174667909663,0.1625507944435087,0.6228245350863568,0.6784978302994861,0.05567329521312925,0.18929166802794867,0.14659554814032824,-0.042696119887620426,0.0,0.0,0.0,2.0,2.208791208791209,0.20879120879120894,0.7437185929648241,0.6811594202898551,-0.06255917267496902,40,40.0,0.0
Tiantan,7,5,0.06352801700498967,0.06352801700498967,POST_HOC_DIAGNOSTIC_ONLY,0.17770193005202317,0.14666190272911642,-0.031040027322906755,0.000531030735267614,0.027132686515705978,0.026601655780438365,0.0030528975744713183,0.18590696844706062,0.18285407087258929,0.6353011556298505,0.6785250733566812,0.04322391772683076,0.17770193005202317,0.14666190272911642,-0.031040027322906755,0.0,0.0,0.0,1.9607843137254901,2.21978021978022,0.2589959060547298,0.7386934673366834,0.6763285024154589,-0.06236496492122445,40,40.0,0.0
Tiantan,7,6,0.06352801700498967,0.06352801700498967,POST_HOC_DIAGNOSTIC_ONLY,0.1881374330124168,0.14487323651590114,-0.04326419649651567,-0.006183918593254129,0.029689175295159086,0.03587309388841321,-0.034011524137561824,0.2049424791515285,0.23895400328909033,0.6310155379329933,0.6783525820131489,0.0473370440801556,0.1881374330124168,0.14487323651590114,-0.04326419649651567,0.0,0.0,0.0,2.0,2.2222222222222223,0.22222222222222232,0.7411167512690355,0.6747572815533981,-0.06635946971563744,41,41.0,0.0
Tiantan,8,0,0.06352801700498967,0.06352801700498967,POST_HOC_DIAGNOSTIC_ONLY,0.1639850349995262,0.12948210098241575,-0.034502934017110465,-0.0022086718568976433,0.02660430846037154,0.02881298031726918,-0.013742515553074375,0.19742686136106077,0.21116937691413515,0.6498212444530849,0.6934349225536771,0.043613678100592246,0.1639850349995262,0.12948210098241575,-0.034502934017110465,0.0,0.0,0.0,1.8210526315789475,2.2278481012658227,0.4067954696868752,0.75,0.6685082872928176,-0.08149171270718236,42,42.0,0.0
Tiantan,8,1,0.06352801700498967,0.06352801700498967,POST_HOC_DIAGNOSTIC_ONLY,0.1780508237125815,0.13034123804098727,-0.047709585671594223,0.019052566604545296,0.02511609801978569,0.006063531415240395,0.10545296848198996,0.19228576416053583,0.08683279567854588,0.6508077458070846,0.6928116677892471,0.04200392198216252,0.1780508237125815,0.13034123804098727,-0.047709585671594223,0.0,0.0,0.0,1.872340425531915,2.2151898734177213,0.3428494478858064,0.7657142857142857,0.6685082872928176,-0.09720599842146804,41,41.0,0.0
Tiantan,8,2,0.06352801700498967,0.06352801700498967,POST_HOC_DIAGNOSTIC_ONLY,0.1712525634490188,0.1322122519420956,-0.03904031150692319,0.013283576909281385,0.026430592998253396,0.013147016088972011,0.0786672696256676,0.2030112924273627,0.12434402280169511,0.6415386880922641,0.6926274184611023,0.05108873036883821,0.1712525634490188,0.1322122519420956,-0.03904031150692319,0.0,0.0,0.0,2.1625,2.2051282051282053,0.0426282051282052,0.7151162790697675,0.6629834254143646,-0.05213285365540288,39,39.0,0.0
Tiantan,8,3,0.06352801700498967,0.06352801700498967,POST_HOC_DIAGNOSTIC_ONLY,0.17382783620076964,0.13093031582195347,-0.04289752037881617,0.003803349085289014,0.026006111059979877,0.022202761974690864,0.022428801141556078,0.19955838094876274,0.17712957980720667,0.6400797609839851,0.6939937582367861,0.053913997252800994,0.17382783620076964,0.13093031582195347,-0.04289752037881617,0.0,0.0,0.0,2.0232558139534884,2.2125,0.1892441860465115,0.7225433526011561,0.6685082872928176,-0.05403506530833846,42,42.0,0.0
Tiantan,8,4,0.06352801700498967,0.06352801700498967,POST_HOC_DIAGNOSTIC_ONLY,0.16025668076903146,0.13229486404591503,-0.02796181672311643,0.000989653806407629,0.025772829004238627,0.024783175197831,0.006362990884000311,0.19890213546151428,0.19253914457751398,0.6507653524265117,0.6919783048482102,0.041212952421698534,0.16025668076903146,0.13229486404591503,-0.02796181672311643,0.0,0.0,0.0,2.175,2.217948717948718,0.04294871794871824,0.7225433526011561,0.6685082872928176,-0.05403506530833846,42,42.0,0.0
Tiantan,8,5,0.06352801700498967,0.06352801700498967,POST_HOC_DIAGNOSTIC_ONLY,0.1624769211940012,0.13193418450233185,-0.030542736691669348,-0.005439616060494187,0.026079127134747207,0.031518743195241394,-0.034002372164750265,0.19694692190015192,0.2309492940649022,0.6492942456331765,0.6932740967146835,0.04397985108150704,0.1624769211940012,0.13193418450233185,-0.030542736691669348,0.0,0.0,0.0,1.9222222222222223,2.1772151898734178,0.2549929676511955,0.7790697674418605,0.6740331491712708,-0.10503661827058974,40,40.0,0.0
Tiantan,8,6,0.06352801700498967,0.06352801700498967,POST_HOC_DIAGNOSTIC_ONLY,0.18456634132784386,0.1325372954425461,-0.05202904588529775,-0.01090485057564413,0.026549527625239874,0.037454378200884,-0.06011283031871095,0.19999335839543853,0.2601061887141495,0.6325736260416945,0.6915490465563109,0.05897542051461635,0.18456634132784386,0.1325372954425461,-0.05202904588529775,0.0,0.0,0.0,1.9885057471264367,2.2278481012658227,0.23934235413938598,0.7790697674418605,0.6666666666666666,-0.11240310077519389,42,42.0,0.0
Tiantan,8,7,0.06352801700498967,0.06352801700498967,POST_HOC_DIAGNOSTIC_ONLY,0.17435031575583773,0.13022851520625453,-0.0441218005495832,-0.004567468273297956,0.0271439328789388,0.03171140115223676,-0.026844905325663585,0.2082715544688312,0.23511645979449478,0.6369056213825433,0.6922693448551155,0.055363723472572235,0.17435031575583773,0.13022851520625453,-0.0441218005495832,0.0,0.0,0.0,2.0352941176470587,2.230769230769231,0.19547511312217214,0.7906976744186046,0.6611111111111111,-0.12958656330749352,41,41.0,0.0
Tiantan,9,0,0.06352801700498967,0.06352801700498967,POST_HOC_DIAGNOSTIC_ONLY,0.1360042507500006,0.11979627805798156,-0.016207972692019054,0.003283324317757667,0.024853149370398543,0.021569825052640875,0.024212271543590257,0.21657354663025336,0.1923612750866631,0.6692207118975287,0.7055997197991704,0.03637900790164161,0.1360042507500006,0.11979627805798156,-0.016207972692019054,0.0,0.0,0.0,1.8888888888888888,2.2142857142857144,0.3253968253968256,0.7763157894736842,0.6583850931677019,-0.1179306963059823,40,40.0,0.0
Tiantan,9,1,0.06352801700498967,0.06352801700498967,POST_HOC_DIAGNOSTIC_ONLY,0.1436877545430195,0.11991926482660659,-0.023768489716412905,0.0012616831703068376,0.02355688540408404,0.022295202233777203,0.008736294735866386,0.20293727191132008,0.1942009771754537,0.6593316532333053,0.7053620479088545,0.04603039467554915,0.1436877545430195,0.11991926482660659,-0.023768489716412905,0.0,0.0,0.0,1.9615384615384615,2.2142857142857144,0.25274725274725296,0.7697368421052632,0.6645962732919255,-0.10514056881333766,42,42.0,0.0
Tiantan,9,2,0.06352801700498967,0.06352801700498967,POST_HOC_DIAGNOSTIC_ONLY,0.14325819220312228,0.12014945851031002,-0.02310873369281226,0.003624145416769732,0.02451779766777758,0.02089365225100785,0.02513747280115484,0.20984312384381673,0.1847056510426619,0.6691734657944252,0.7064932354291364,0.037319769634711286,0.14325819220312228,0.12014945851031002,-0.02310873369281226,0.0,0.0,0.0,2.026315789473684,2.2142857142857144,0.18796992481203034,0.7647058823529411,0.6645962732919255,-0.10010960906101563,42,42.0,0.0
Tiantan,9,3,0.06352801700498967,0.06352801700498967,POST_HOC_DIAGNOSTIC_ONLY,0.1570346851280228,0.12009556011539076,-0.03693912501263204,0.00010758882560666982,0.023771501155058536,0.023663912329451867,0.0007058602060131151,0.20748870494973942,0.2067828447437263,0.664206423161091,0.7050151604077648,0.040808737246673776,0.1570346851280228,0.12009556011539076,-0.03693912501263204,0.0,0.0,0.0,2.026315789473684,2.2318840579710146,0.20556826849733056,0.7712418300653595,0.6583850931677019,-0.11285673689765763,41,41.0,0.0
Tiantan,9,4,0.06352801700498967,0.06352801700498967,POST_HOC_DIAGNOSTIC_ONLY,0.16385079367357985,0.12057983199289574,-0.04327096168068412,0.006353446701764802,0.02627835605547642,0.01992490935371162,0.038899932510171174,0.22103438368062128,0.1821344511704501,0.6587665204666452,0.7033780263288125,0.04461150586216733,0.16385079367357985,0.12057983199289574,-0.04327096168068412,0.0,0.0,0.0,2.1690140845070425,2.2318840579710146,0.06286997346397216,0.7254901960784313,0.65,-0.07549019607843133,44,44.0,0.0
Tiantan,9,5,0.06352801700498967,0.06352801700498967,POST_HOC_DIAGNOSTIC_ONLY,0.16190185763324325,0.12042698791245184,-0.04147486972079141,-0.004826982484125396,0.025383393545633966,0.030210376029759362,-0.03037970347562412,0.21544110304116873,0.24582080651679286,0.6533678722642453,0.7024520285544182,0.04908415629017293,0.16190185763324325,0.12042698791245184,-0.04147486972079141,0.0,0.0,0.0,1.8433734939759037,2.2318840579710146,0.38851056399511097,0.7697368421052632,0.65625,-0.11348684210526316,37,37.0,0.0
Tiantan,9,6,0.06352801700498967,0.06352801700498967,POST_HOC_DIAGNOSTIC_ONLY,0.1543244138529984,0.11925975341716222,-0.03506466043583617,-0.00019609994117276015,0.026044325921140577,0.026240425862313337,-0.0012976152791027084,0.21977240764396352,0.22107002292306624,0.6591711466396452,0.7037474709564142,0.044576324316769056,0.1543244138529984,0.11925975341716222,-0.03506466043583617,0.0,0.0,0.0,1.9367088607594938,2.260869565217391,0.32416070445789735,0.756578947368421,0.6625,-0.09407894736842104,45,45.0,0.0
Tiantan,9,7,0.06352801700498967,0.06352801700498967,POST_HOC_DIAGNOSTIC_ONLY,0.14319358578103883,0.12071619751620632,-0.022477388264832504,0.008484541742717386,0.024775920923627674,0.01629137918091029,0.06039894916016274,0.21194557284315585,0.1515466236829931,0.6668003956870023,0.7036083497647523,0.03680795407774995,0.14319358578103883,0.12071619751620632,-0.022477388264832504,0.0,0.0,0.0,1.9870129870129871,2.235294117647059,0.24828113063407176,0.7763157894736842,0.65625,-0.12006578947368418,40,40.0,0.0
Tiantan,9,8,0.06352801700498967,0.06352801700498967,POST_HOC_DIAGNOSTIC_ONLY,0.13691587048796738,0.12079096409292572,-0.01612490639504166,0.009088920507037974,0.02463952086289867,0.015550600355860696,0.06752523614431132,0.20998708253207862,0.14246184638776732,0.6711491474867608,0.7037302928625938,0.03258114537583301,0.13691587048796738,0.12079096409292572,-0.01612490639504166,0.0,0.0,0.0,2.0675675675675675,2.246376811594203,0.17880924402663556,0.7368421052631579,0.65625,-0.08059210526315785,45,45.0,0.0
Tiantan,10,0,0.06352801700498967,0.06352801700498967,POST_HOC_DIAGNOSTIC_ONLY,0.16173505125634097,0.11207986287262398,-0.04965518838371699,0.007582531623185283,0.02552413323785877,0.017941601614673487,0.04597576726512829,0.23498328798877857,0.1890075207236503,0.6647513915054353,0.7159239646083566,0.05117257310292134,0.16173505125634097,0.11207986287262398,-0.04965518838371699,0.0,0.0,0.0,1.8101265822784811,2.3442622950819674,0.5341357128034863,0.7676056338028169,0.6758620689655173,-0.09174356483729962,42,42.0,0.0
Tiantan,10,1,0.06352801700498967,0.06352801700498967,POST_HOC_DIAGNOSTIC_ONLY,0.15595739115988852,0.1124884792820311,-0.043468911877857425,0.011847340415176896,0.024669922468166017,0.01282258205298912,0.07455935920947367,0.22190727080991224,0.14734791160043859,0.6728680952977989,0.7150831740801882,0.04221507878238928,0.15595739115988852,0.1124884792820311,-0.043468911877857425,0.0,0.0,0.0,2.0285714285714285,2.3442622950819674,0.3156908665105389,0.7588652482269503,0.6758620689655173,-0.08300317926143308,40,40.0,0.0
Tiantan,10,2,0.06352801700498967,0.06352801700498967,POST_HOC_DIAGNOSTIC_ONLY,0.13353383555533233,0.11266350823364907,-0.020870327321683257,0.01597535161775651,0.026096870882680676,0.010121519264924165,0.11936668126412048,0.2296036122912156,0.11023693102709511,0.6827493468439579,0.712092316054133,0.029342969210175096,0.13353383555533233,0.11266350823364907,-0.020870327321683257,0.0,0.0,0.0,2.1044776119402986,2.3278688524590163,0.22339124051871773,0.7428571428571429,0.6736111111111112,-0.06924603174603172,41,41.0,0.0
Tiantan,10,3,0.06352801700498967,0.06352801700498967,POST_HOC_DIAGNOSTIC_ONLY,0.15094361496060937,0.11208113353743387,-0.0388624814231755,0.016722773343263567,0.025770758604400465,0.009047985261136898,0.10922080823994439,0.23351857529772233,0.12429776705777794,0.6784441146191822,0.7136618041011272,0.035217689481945036,0.15094361496060937,0.11208113353743387,-0.0388624814231755,0.0,0.0,0.0,2.0,2.3114754098360657,0.3114754098360657,0.7446808510638298,0.6736111111111112,-0.07106973995271859,44,44.0,0.0
Tiantan,10,4,0.06352801700498967,0.06352801700498967,POST_HOC_DIAGNOSTIC_ONLY,0.14425773922329585,0.11256605741657413,-0.031691681806721717,0.014439782319442537,0.025901906872927368,0.011462124553484832,0.09953583769671165,0.22924805867382644,0.1297122209771148,0.6836417955710529,0.713010065564784,0.0293682699937311,0.14425773922329585,0.11256605741657413,-0.031691681806721717,0.0,0.0,0.0,1.9589041095890412,2.3442622950819674,0.3853581854929262,0.7535211267605634,0.6805555555555556,-0.0729655712050078,43,43.0,0.0
Tiantan,10,5,0.06352801700498967,0.06352801700498967,POST_HOC_DIAGNOSTIC_ONLY,0.14079228473507632,0.11199559170542334,-0.028796693029652987,0.016232278751992832,0.02633423667325233,0.010101957921259497,0.11471845000647558,0.23654038531827312,0.12182193531179754,0.6886611330011232,0.7127865774306773,0.02412544442955411,0.14079228473507632,0.11199559170542334,-0.028796693029652987,0.0,0.0,0.0,1.8933333333333333,2.3666666666666667,0.4733333333333334,0.8085106382978723,0.6805555555555556,-0.1279550827423167,42,42.0,0.0
Tiantan,10,6,0.06352801700498967,0.06352801700498967,POST_HOC_DIAGNOSTIC_ONLY,0.14639949941345293,0.11364633157220617,-0.03275316784124675,0.020073661646252374,0.02659420422771471,0.006520542581462337,0.1360625181374039,0.23606288062072728,0.10000036248332339,0.6815882769147026,0.7138112889384147,0.03222301202371214,0.14639949941345293,0.11364633157220617,-0.03275316784124675,0.0,0.0,0.0,1.9452054794520548,2.35,0.4047945205479453,0.7446808510638298,0.6805555555555556,-0.06412529550827417,42,42.0,0.0
Tiantan,10,7,0.06352801700498967,0.06352801700498967,POST_HOC_DIAGNOSTIC_ONLY,0.14530387077808932,0.1130786503689212,-0.032225220409168115,0.02105103109121373,0.0276669566253577,0.00661592553414397,0.14349401592510055,0.24074543175014476,0.09725141582504421,0.683777466543437,0.7146915046136805,0.03091403807024351,0.14530387077808932,0.1130786503689212,-0.032225220409168115,0.0,0.0,0.0,2.1846153846153844,2.35,0.16538461538461569,0.723404255319149,0.6736111111111112,-0.04979314420803782,41,41.0,0.0
Tiantan,10,8,0.06352801700498967,0.06352801700498967,POST_HOC_DIAGNOSTIC_ONLY,0.14704589923575478,0.11230592090475609,-0.03473997833099869,0.017446863969674757,0.02622119129093719,0.008774327321262432,0.11714285018944291,0.24019068016680153,0.12304782997735862,0.6779418698821217,0.7137429837159667,0.03580111383384499,0.14704589923575478,0.11230592090475609,-0.03473997833099869,0.0,0.0,0.0,2.1515151515151514,2.3278688524590163,0.17635370094386493,0.723404255319149,0.6736111111111112,-0.04979314420803782,44,44.0,0.0
Tiantan,10,9,0.06352801700498967,0.06352801700498967,POST_HOC_DIAGNOSTIC_ONLY,0.1546681916905672,0.11254698319210243,-0.04212120849846476,0.010914990921783153,0.027388947978951892,0.01647395705716874,0.06948053857650496,0.24379020509854707,0.1743096665220421,0.6689808603467584,0.7145033661748398,0.04552250582808137,0.1546681916905672,0.11254698319210243,-0.04212120849846476,0.0,0.0,0.0,2.0285714285714285,2.35,0.3214285714285716,0.7304964539007093,0.6736111111111112,-0.056885342789598115,44,44.0,0.0
Tiantan,11,0,0.06352801700498967,0.06352801700498967,POST_HOC_DIAGNOSTIC_ONLY,0.14203185416455855,0.10442277177207357,-0.03760908239248498,-0.0023318658398444247,0.025877041404331967,0.028208907244176393,-0.016304215384755925,0.24716017015196987,0.2634643855367258,0.6735250942137004,0.7201557952817523,0.046630701068051894,0.14203185416455855,0.10442277177207357,-0.03760908239248498,0.0,0.0,0.0,1.9393939393939394,2.3518518518518516,0.4124579124579122,0.7322834645669292,0.6717557251908397,-0.06052773937608946,42,42.0,0.0
Tiantan,11,1,0.06352801700498967,0.06352801700498967,POST_HOC_DIAGNOSTIC_ONLY,0.15073275858702584,0.10390255502719177,-0.04683020355983407,0.006924694915237907,0.025672623555713182,0.018747928640475274,0.04523920562395341,0.24206582397851817,0.19682661835456478,0.6730409314489773,0.7213644711713274,0.04832353972235015,0.15073275858702584,0.10390255502719177,-0.04683020355983407,0.0,0.0,0.0,1.9104477611940298,2.327272727272727,0.41682496607869735,0.7401574803149606,0.6717557251908397,-0.06840175512412094,43,43.0,0.0
Tiantan,11,2,0.06352801700498967,0.06352801700498967,POST_HOC_DIAGNOSTIC_ONLY,0.13790307415113132,0.10432550505634008,-0.03357756909479123,0.008930428270794226,0.025810780175139995,0.016880351904345767,0.06390616261852475,0.251713048161669,0.18780688554314426,0.686024578643251,0.7213647194373005,0.03534014079404957,0.13790307415113132,0.10432550505634008,-0.03357756909479123,0.0,0.0,0.0,1.72,2.3703703703703702,0.6503703703703703,0.8046875,0.6641221374045801,-0.14056536259541985,42,42.0,0.0
Tiantan,11,3,0.06352801700498967,0.06352801700498967,POST_HOC_DIAGNOSTIC_ONLY,0.13109690478596808,0.1051700860550535,-0.025926818730914583,0.00901547368814418,0.025948056753667233,0.016932583065523053,0.0679686072457232,0.24854658438575128,0.18057797714002807,0.697690627001239,0.7211000297009407,0.02340940269970171,0.13109690478596808,0.1051700860550535,-0.025926818730914583,0.0,0.0,0.0,1.9846153846153847,2.3703703703703702,0.38575498575498557,0.7578125,0.6641221374045801,-0.09369036259541985,43,43.0,0.0
Tiantan,11,4,0.06352801700498967,0.06352801700498967,POST_HOC_DIAGNOSTIC_ONLY,0.12536852379975214,0.10580071526198592,-0.019567808537766213,0.021372149341527716,0.02576966166401767,0.004397512322489954,0.16832072916028487,0.2511899403037597,0.08286921114347481,0.701630816710736,0.7202877671202241,0.018656950409488116,0.12536852379975214,0.10580071526198592,-0.019567808537766213,0.0,0.0,0.0,2.263157894736842,2.327272727272727,0.06411483253588512,0.7109375,0.6793893129770993,-0.03154818702290074,43,43.0,0.0
Tiantan,11,5,0.06352801700498967,0.06352801700498967,POST_HOC_DIAGNOSTIC_ONLY,0.1352935556942587,0.10448796765941601,-0.03080558803484268,0.025818768089465684,0.02459096987098892,-0.0012277982184767632,0.18924149766244983,0.237739806992089,0.048498309329639167,0.692873570492971,0.7215569979451966,0.02868342745222552,0.1352935556942587,0.10448796765941601,-0.03080558803484268,0.0,0.0,0.0,2.2033898305084745,2.3454545454545452,0.14206471494607076,0.7131782945736435,0.6717557251908397,-0.04142256938280375,42,42.0,0.0
Tiantan,11,6,0.06352801700498967,0.06352801700498967,POST_HOC_DIAGNOSTIC_ONLY,0.13456798949554186,0.10467267341199998,-0.029895316083541873,0.022435518213402353,0.02506092961547715,0.002625411402074798,0.16483535615006292,0.23732007612310924,0.07248471997304631,0.6943388420036655,0.7219285969347634,0.027589754931097943,0.13456798949554186,0.10467267341199998,-0.029895316083541873,0.0,0.0,0.0,2.096774193548387,2.3636363636363638,0.26686217008797675,0.7364341085271318,0.6717557251908397,-0.06467838333629206,44,44.0,0.0
Tiantan,11,7,0.06352801700498967,0.06352801700498967,POST_HOC_DIAGNOSTIC_ONLY,0.1321332810980542,0.10535235600908921,-0.026780925088964985,0.01770327036392449,0.02505062404465789,0.007347353680733398,0.13166779193641096,0.2425722653590503,0.11090447342263934,0.6979854642803812,0.7221408582416646,0.02415539396128341,0.1321332810980542,0.10535235600908921,-0.026780925088964985,0.0,0.0,0.0,2.0806451612903225,2.3035714285714284,0.22292626728110587,0.75,0.6793893129770993,-0.07061068702290074,42,42.0,0.0
Tiantan,11,8,0.06352801700498967,0.06352801700498967,POST_HOC_DIAGNOSTIC_ONLY,0.12943432935720156,0.10590520357711523,-0.023529125780086327,0.013532228457632658,0.02497145652593153,0.011439228068298873,0.10247116732617854,0.24111259703286222,0.1386414297066837,0.7008815219021014,0.7218028680441154,0.02092134614201402,0.12943432935720156,0.10590520357711523,-0.023529125780086327,0.0,0.0,0.0,1.9253731343283582,2.327272727272727,0.40189959294436894,0.7421875,0.6793893129770993,-0.06279818702290074,43,43.0,0.0
Tiantan,11,9,0.06352801700498967,0.06352801700498967,POST_HOC_DIAGNOSTIC_ONLY,0.13680826766879645,0.10423117926337044,-0.032577088405426,0.009109945293653169,0.025692224630848578,0.01658227933719541,0.06537157033908374,0.24567272678376195,0.1803011564446782,0.6871691575752341,0.7233247327659096,0.03615557519067547,0.13680826766879645,0.10423117926337044,-0.032577088405426,0.0,0.0,0.0,2.480769230769231,2.3454545454545452,-0.1353146853146856,0.6796875,0.6717557251908397,-0.007931774809160297,43,43.0,0.0
Tiantan,11,10,0.06352801700498967,0.06352801700498967,POST_HOC_DIAGNOSTIC_ONLY,0.12276719465213204,0.10382462047468266,-0.01894257417744938,0.008259284027805888,0.025752411028920678,0.01749312700111479,0.06581578716509259,0.2511020274012342,0.18528624023614162,0.688679832931887,0.7197321149336735,0.031052282001786558,0.12276719465213204,0.10382462047468266,-0.01894257417744938,0.0,0.0,0.0,1.9538461538461538,2.3962264150943398,0.44238026124818597,0.7063492063492064,0.6692307692307692,-0.03711843711843721,43,43.0,0.0
Tiantan,12,0,0.06352801700498967,0.06352801700498967,POST_HOC_DIAGNOSTIC_ONLY,0.11813599810234635,0.09803728270449075,-0.0200987153978556,0.010393903937232149,0.024764440202605372,0.014370536265373223,0.0863447735637619,0.2559295305434091,0.1695847569796472,0.7136562691159469,0.7270214759828308,0.013365206866883916,0.11813599810234635,0.09803728270449075,-0.0200987153978556,0.0,0.0,0.0,1.9666666666666666,2.36734693877551,0.4006802721088436,0.7435897435897436,0.6666666666666666,-0.07692307692307698,44,44.0,0.0
Tiantan,12,1,0.06352801700498967,0.06352801700498967,POST_HOC_DIAGNOSTIC_ONLY,0.1274923254442802,0.09946868928348372,-0.028023636160796492,0.013741114686878988,0.02461314847081172,0.010872033783932733,0.1054507317021627,0.2477899538466587,0.142339222144496,0.7030926713294412,0.7257060472606921,0.0226133759312509,0.1274923254442802,0.09946868928348372,-0.028023636160796492,0.0,0.0,0.0,2.0344827586206895,2.3137254901960786,0.27924273157538915,0.6923076923076923,0.6666666666666666,-0.02564102564102566,43,43.0,0.0
Tiantan,12,2,0.06352801700498967,0.06352801700498967,POST_HOC_DIAGNOSTIC_ONLY,0.1251641871155118,0.10015520784111116,-0.02500897927440064,0.011879970850237027,0.024269089066181693,0.012389118215944666,0.09233307162690968,0.24487349166009365,0.15254042003318397,0.6889361560267268,0.7251848698577781,0.03624871383105133,0.1251641871155118,0.10015520784111116,-0.02500897927440064,0.0,0.0,0.0,2.0526315789473686,2.34,0.2873684210526313,0.6810344827586207,0.6666666666666666,-0.014367816091954033,43,43.0,0.0
Tiantan,12,3,0.06352801700498967,0.06352801700498967,POST_HOC_DIAGNOSTIC_ONLY,0.12254107193825886,0.09977994595467096,-0.0227611259835879,0.017423414095174304,0.02461220361562181,0.0071887895204475055,0.1402597792176594,0.24096031109907137,0.10070053188141198,0.6841489296487535,0.7264610426263455,0.042312112977591965,0.12254107193825886,0.09977994595467096,-0.0227611259835879,0.0,0.0,0.0,2.207547169811321,2.36734693877551,0.15979976896418924,0.646551724137931,0.6583333333333333,0.011781609195402276,44,44.0,0.0
Tiantan,12,4,0.06352801700498967,0.06352801700498967,POST_HOC_DIAGNOSTIC_ONLY,0.11899563965913548,0.09947917121570082,-0.01951646844343466,0.018794823014195355,0.025023109778114734,0.006228286763919379,0.157737868768931,0.24951463657413223,0.09177676780520122,0.6936746242181737,0.7270421095678693,0.03336748534969558,0.11899563965913548,0.09947917121570082,-0.01951646844343466,0.0,0.0,0.0,2.3877551020408165,2.34,-0.04775510204081668,0.7068965517241379,0.675,-0.031896551724137856,43,43.0,0.0
Tiantan,12,5,0.06352801700498967,0.06352801700498967,POST_HOC_DIAGNOSTIC_ONLY,0.12970770654600736,0.09861085679973025,-0.031096849746277105,0.0178142075717404,0.024650445286524564,0.006836237714784164,0.1353207070405702,0.24858073408159131,0.11326002704102112,0.6980129451965859,0.7281718975362259,0.030158952339640055,0.12970770654600736,0.09861085679973025,-0.031096849746277105,0.0,0.0,0.0,2.2264150943396226,2.4081632653061225,0.18174817096649987,0.7521367521367521,0.6583333333333333,-0.0938034188034188,42,42.0,0.0
Tiantan,12,6,0.06352801700498967,0.06352801700498967,POST_HOC_DIAGNOSTIC_ONLY,0.1314131506753798,0.09918588042459806,-0.03222727025078173,0.01107256576883269,0.024466800956974413,0.013394235188141724,0.08283337006397451,0.25633079909817647,0.17349742903420196,0.6950858175747343,0.7290719110741005,0.03398609349936621,0.1314131506753798,0.09918588042459806,-0.03222727025078173,0.0,0.0,0.0,2.1636363636363636,2.3877551020408165,0.22411873840445296,0.711864406779661,0.6666666666666666,-0.04519774011299438,42,42.0,0.0
Tiantan,12,7,0.06352801700498967,0.06352801700498967,POST_HOC_DIAGNOSTIC_ONLY,0.12868151678910902,0.09734519143561336,-0.03133632535349566,0.007136858030367924,0.024593346187061996,0.017456488156694074,0.05438544179172257,0.24589486159378984,0.19150941980206726,0.6956813782646294,0.7294971645607918,0.03381578629616244,0.12868151678910902,0.09734519143561336,-0.03133632535349566,0.0,0.0,0.0,1.9193548387096775,2.34,0.42064516129032237,0.7542372881355932,0.675,-0.07923728813559316,44,44.0,0.0
Tiantan,12,8,0.06352801700498967,0.06352801700498967,POST_HOC_DIAGNOSTIC_ONLY,0.1175984528419948,0.09709329262864486,-0.020505160213349943,0.011736861361045818,0.024321286408302608,0.01258442504725679,0.09768638332051426,0.25000244516663117,0.1523160618461169,0.7072551352479527,0.7315257706572403,0.024270635409287644,0.1175984528419948,0.09709329262864486,-0.020505160213349943,0.0,0.0,0.0,2.087719298245614,2.34,0.252280701754386,0.7288135593220338,0.675,-0.0538135593220338,44,44.0,0.0
Tiantan,12,9,0.06352801700498967,0.06352801700498967,POST_HOC_DIAGNOSTIC_ONLY,0.11657611722466679,0.0969322768604436,-0.01964384036422319,0.009406120088433627,0.02423059322686877,0.014824473138435141,0.07904784791593594,0.2471364203582825,0.16808857244234657,0.7119033598075617,0.7305384368477018,0.018635077040140113,0.11657611722466679,0.0969322768604436,-0.01964384036422319,0.0,0.0,0.0,2.0892857142857144,2.3137254901960786,0.22443977591036424,0.7586206896551724,0.675,-0.08362068965517233,43,43.0,0.0
Tiantan,12,10,0.06352801700498967,0.06352801700498967,POST_HOC_DIAGNOSTIC_ONLY,0.12141066888290104,0.09735123454434082,-0.024059434338560226,0.007499179493075287,0.025267163112479934,0.017767983619404647,0.06048193639848517,0.2588910890000299,0.1984091526015447,0.7022362293514591,0.7265785065142083,0.02434227716274917,0.12141066888290104,0.09735123454434082,-0.024059434338560226,0.0,0.0,0.0,1.828125,2.36734693877551,0.5392219387755102,0.8017241379310345,0.6638655462184874,-0.1378585917125471,43,43.0,0.0
Tiantan,12,11,0.06352801700498967,0.06352801700498967,POST_HOC_DIAGNOSTIC_ONLY,0.11810107453361057,0.09644635329366825,-0.021654721239942318,0.009259440516151064,0.025987720061726338,0.016728279545575275,0.07677378307567362,0.26305886520985294,0.18628508213417933,0.7115088810072453,0.7269969053711303,0.015488024363884967,0.11810107453361057,0.09644635329366825,-0.021654721239942318,0.0,0.0,0.0,1.9830508474576272,2.4166666666666665,0.43361581920903935,0.7327586206896551,0.6638655462184874,-0.06889307447116777,42,42.0,0.0
Tiantan,13,0,0.06352801700498967,0.06352801700498967,POST_HOC_DIAGNOSTIC_ONLY,0.11395260354739467,0.09357968788992307,-0.020372915657471596,0.0088769072785829,0.02400416102686824,0.01512725374828534,0.07619563264908795,0.26125726076469197,0.185061628115604,0.7022324316424658,0.7331438376661085,0.030911406023642618,0.11395260354739467,0.09357968788992307,-0.020372915657471596,0.0,0.0,0.0,2.0,2.4,0.3999999999999999,0.7663551401869159,0.6576576576576577,-0.10869748252925815,44,44.0,0.0
Tiantan,13,1,0.06352801700498967,0.06352801700498967,POST_HOC_DIAGNOSTIC_ONLY,0.1028763894074497,0.09407559382925552,-0.008800795578194173,0.013522281063588219,0.023756138590023877,0.010233857526435658,0.13016256468313228,0.25503386648908694,0.12487130180595465,0.7147800819529886,0.7329043221741939,0.01812424022120529,0.1028763894074497,0.09407559382925552,-0.008800795578194173,0.0,0.0,0.0,2.076923076923077,2.369565217391304,0.2926421404682271,0.7383177570093458,0.6666666666666666,-0.07165109034267914,43,43.0,0.0
Tiantan,13,2,0.06352801700498967,0.06352801700498967,POST_HOC_DIAGNOSTIC_ONLY,0.11490224956435842,0.09330629738638138,-0.021595952177977037,0.010038348705129223,0.023245965336758646,0.013207616631629423,0.08593874766964518,0.2447465234744651,0.15880777580481992,0.7061693330249632,0.7343745208510999,0.02820518782613668,0.11490224956435842,0.09330629738638138,-0.021595952177977037,0.0,0.0,0.0,2.056603773584906,2.3777777777777778,0.3211740041928719,0.7407407407407407,0.6576576576576577,-0.08308308308308299,42,42.0,0.0
Tiantan,13,3,0.06352801700498967,0.06352801700498967,POST_HOC_DIAGNOSTIC_ONLY,0.11747468001448332,0.09124141464951893,-0.026233265364964384,0.009382012599934224,0.023323697740251496,0.013941685140317272,0.07852743908847548,0.2515683824010814,0.17304094331260594,0.7045648791474376,0.7365910074555506,0.03202612830811302,0.11747468001448332,0.09124141464951893,-0.026233265364964384,0.0,0.0,0.0,2.056603773584906,2.3260869565217392,0.2694831829368334,0.6759259259259259,0.6666666666666666,-0.0092592592592593,43,43.0,0.0
Tiantan,13,4,0.06352801700498967,0.06352801700498967,POST_HOC_DIAGNOSTIC_ONLY,0.12158672888471267,0.09108947765843162,-0.030497251226281052,0.008950429290539234,0.0231676258649759,0.014217196574436666,0.07259458795741536,0.25305000616656853,0.18045541820915317,0.7048410845601598,0.7374286654020584,0.03258758084189861,0.12158672888471267,0.09108947765843162,-0.030497251226281052,0.0,0.0,0.0,1.896551724137931,2.369565217391304,0.47301349325337316,0.7339449541284404,0.6666666666666666,-0.06727828746177378,44,44.0,0.0
Tiantan,13,5,0.06352801700498967,0.06352801700498967,POST_HOC_DIAGNOSTIC_ONLY,0.11282907836482609,0.09227172478909994,-0.020557353575726148,0.010324760023063612,0.022673245063926224,0.012348485040862611,0.0896792878406269,0.25337403743971515,0.16369474959908825,0.7140530528811388,0.7365032400197895,0.022450187138650657,0.11282907836482609,0.09227172478909994,-0.020557353575726148,0.0,0.0,0.0,1.8333333333333333,2.3191489361702127,0.4858156028368794,0.7522935779816514,0.6666666666666666,-0.08562691131498479,44,44.0,0.0
Tiantan,13,6,0.06352801700498967,0.06352801700498967,POST_HOC_DIAGNOSTIC_ONLY,0.11153984182767925,0.09237550586371487,-0.01916433596396437,0.010703963273544424,0.022993301134821495,0.012289337861277071,0.0935007868066833,0.2416412995680774,0.1481405127613941,0.7164325341685609,0.7314140318439842,0.014981497675423339,0.11153984182767925,0.09237550586371487,-0.01916433596396437,0.0,0.0,0.0,1.981818181818182,2.347826086956522,0.36600790513834003,0.7592592592592593,0.6727272727272727,-0.08653198653198657,42,42.0,0.0
Tiantan,13,7,0.06352801700498967,0.06352801700498967,POST_HOC_DIAGNOSTIC_ONLY,0.11274259397797562,0.09170414771050041,-0.02103844626747521,0.00795409175710872,0.02318899643598115,0.015234904678872431,0.0688439085111478,0.24950340540338503,0.18065949689223723,0.7160975750987691,0.7320730740857392,0.015975498986970038,0.11274259397797562,0.09170414771050041,-0.02103844626747521,0.0,0.0,0.0,2.18,2.347826086956522,0.1678260869565218,0.7037037037037037,0.6636363636363637,-0.04006734006734003,43,43.0,0.0
Tiantan,13,8,0.06352801700498967,0.06352801700498967,POST_HOC_DIAGNOSTIC_ONLY,0.11741438656227389,0.09250853069007096,-0.024905855872202926,0.009724281608413021,0.023260551154954425,0.013536269546541404,0.0811996181934161,0.25486418277957235,0.17366456458615626,0.7054351925631972,0.7325321951762486,0.02709700261305137,0.11741438656227389,0.09250853069007096,-0.024905855872202926,0.0,0.0,0.0,2.0,2.4,0.3999999999999999,0.794392523364486,0.6636363636363637,-0.13075615972812227,45,45.0,0.0
Tiantan,13,9,0.06352801700498967,0.06352801700498967,POST_HOC_DIAGNOSTIC_ONLY,0.11805994109715,0.09371925641108426,-0.024340684686065733,0.01193239447370831,0.024018871928298765,0.012086477454590456,0.09920450499816184,0.25383337247555393,0.15462886747739207,0.7106116666134822,0.7305556516827286,0.01994398506924644,0.11805994109715,0.09371925641108426,-0.024340684686065733,0.0,0.0,0.0,2.204081632653061,2.347826086956522,0.14374445430346094,0.7570093457943925,0.6636363636363637,-0.0933729821580288,43,43.0,0.0
Tiantan,13,10,0.06352801700498967,0.06352801700498967,POST_HOC_DIAGNOSTIC_ONLY,0.11828609183484945,0.09359785468754814,-0.024688237147301312,0.01605425244161556,0.023952015236592926,0.007897762794977364,0.1325627846906045,0.26187831758200225,0.12931553289139774,0.7138830548772723,0.7314197203229067,0.01753666544563437,0.11828609183484945,0.09359785468754814,-0.024688237147301312,0.0,0.0,0.0,2.4,2.4,0.0,0.7757009345794392,0.6636363636363637,-0.11206457094307554,44,44.0,0.0
Tiantan,13,11,0.06352801700498967,0.06352801700498967,POST_HOC_DIAGNOSTIC_ONLY,0.09827147135315849,0.09306489001439011,-0.005206581338768376,0.01898414596852552,0.02450779847341568,0.005523652504890158,0.18693413391590571,0.25922244136662503,0.07228830745071932,0.7121893667182569,0.7321922823394775,0.020002915621220585,0.09827147135315849,0.09306489001439011,-0.005206581338768376,0.0,0.0,0.0,2.5476190476190474,2.347826086956522,-0.1997929606625255,0.6792452830188679,0.6545454545454545,-0.024699828473413343,43,43.0,0.0
Tiantan,13,12,0.06352801700498967,0.06352801700498967,POST_HOC_DIAGNOSTIC_ONLY,0.11215141734890452,0.09393958067313568,-0.01821183667576884,0.014056116226987592,0.024291804341106064,0.010235688114118471,0.12191035947012316,0.2531762332055467,0.13126587373542356,0.6967403822743585,0.732336113248115,0.035595730973756456,0.11215141734890452,0.09393958067313568,-0.01821183667576884,0.0,0.0,0.0,2.2083333333333335,2.3777777777777778,0.1694444444444443,0.7238095238095238,0.6545454545454545,-0.06926406926406925,44,44.0,0.0
Tiantan,14,0,0.06352801700498967,0.06352801700498967,POST_HOC_DIAGNOSTIC_ONLY,0.0904073737813295,0.08895535589195507,-0.001452017889374435,0.009446675121479215,0.02200630221201942,0.012559627090540206,0.1021260310878298,0.2462083634308763,0.1440823323430465,0.7161802309881075,0.7372418195439251,0.021061588555817634,0.0904073737813295,0.08895535589195507,-0.001452017889374435,0.0,0.0,0.0,2.1956521739130435,2.3255813953488373,0.12992922143579388,0.7,0.6601941747572816,-0.03980582524271836,44,44.0,0.0
Tiantan,14,1,0.06352801700498967,0.06352801700498967,POST_HOC_DIAGNOSTIC_ONLY,0.09666418521584248,0.09018726088988865,-0.006476924325953828,0.008980831094138008,0.02151912247668782,0.012538291382549811,0.09158335592450571,0.2481483826869359,0.15656502676243017,0.7166258287561895,0.7372616046572801,0.02063577590109056,0.09666418521584248,0.09018726088988865,-0.006476924325953828,0.0,0.0,0.0,2.0408163265306123,2.3488372093023258,0.30802088277171347,0.7474747474747475,0.6504854368932039,-0.09698931058154359,44,44.0,0.0
Tiantan,14,2,0.06352801700498967,0.06352801700498967,POST_HOC_DIAGNOSTIC_ONLY,0.10322917588170002,0.08816552195593319,-0.015063653925766834,0.012851313286114142,0.021866964384917743,0.0090156510988036,0.12289020339005072,0.2477884618002666,0.12489825841021587,0.7173530227215015,0.7394488370384067,0.022095814316905216,0.10322917588170002,0.08816552195593319,-0.015063653925766834,0.0,0.0,0.0,1.8867924528301887,2.3255813953488373,0.43878894251864864,0.7373737373737373,0.6601941747572816,-0.07717956261645575,43,43.0,0.0
Tiantan,14,3,0.06352801700498967,0.06352801700498967,POST_HOC_DIAGNOSTIC_ONLY,0.10491029420191986,0.08838755265004875,-0.016522741551871112,0.013979870435492222,0.022942029276899114,0.008962158841406892,0.13081842971554836,0.25923478565810687,0.1284163559425585,0.7233200502481231,0.7396850255442785,0.016364975296155437,0.10491029420191986,0.08838755265004875,-0.016522741551871112,0.0,0.0,0.0,2.2444444444444445,2.3255813953488373,0.08113695090439288,0.71,0.6504854368932039,-0.05951456310679604,43,43.0,0.0
Tiantan,14,4,0.06352801700498967,0.06352801700498967,POST_HOC_DIAGNOSTIC_ONLY,0.0986892832749577,0.08794709178593421,-0.010742191489023487,0.016922541327545365,0.022603796154457678,0.005681254826912313,0.1684496870458714,0.26385658476468593,0.09540689771881453,0.7303094029457462,0.7403755007987362,0.010066097852989953,0.0986892832749577,0.08794709178593421,-0.010742191489023487,0.0,0.0,0.0,2.3488372093023258,2.380952380952381,0.032115171650055174,0.71,0.6601941747572816,-0.04980582524271837,43,43.0,0.0
Tiantan,14,5,0.06352801700498967,0.06352801700498967,POST_HOC_DIAGNOSTIC_ONLY,0.09129899789476306,0.08719427156921103,-0.004104726325552033,0.02214554453867872,0.022284526962240266,0.00013898242356154625,0.23671640376893885,0.2557396985642593,0.019023294795320472,0.7389090021732346,0.7409073198648672,0.0019983176916326117,0.09129899789476306,0.08719427156921103,-0.004104726325552033,0.0,0.0,0.0,2.6578947368421053,2.3255813953488373,-0.33231334149326797,0.68,0.6601941747572816,-0.019805825242718456,43,43.0,0.0
Tiantan,14,6,0.06352801700498967,0.06352801700498967,POST_HOC_DIAGNOSTIC_ONLY,0.09550425977095553,0.08701873243571973,-0.008485527335235804,0.02162714919506632,0.022751048603488835,0.0011238994084225157,0.22148144390889224,0.2664463949051268,0.04496495099623454,0.7326231036280618,0.7363003847661207,0.0036772811380588744,0.09550425977095553,0.08701873243571973,-0.008485527335235804,0.0,0.0,0.0,2.5641025641025643,2.380952380952381,-0.1831501831501834,0.6868686868686869,0.6568627450980392,-0.030005941770647637,44,44.0,0.0
Tiantan,14,7,0.06352801700498967,0.06352801700498967,POST_HOC_DIAGNOSTIC_ONLY,0.1069887219278743,0.08692124444562774,-0.020067477482246562,0.016067197898808106,0.024012701605704866,0.00794550370689676,0.14709683255304085,0.2746649909628268,0.12756815840978597,0.7213146233517685,0.7371698566492902,0.015855233297521698,0.1069887219278743,0.08692124444562774,-0.020067477482246562,0.0,0.0,0.0,2.2,2.4146341463414633,0.21463414634146316,0.7653061224489796,0.6568627450980392,-0.10844337735094034,44,44.0,0.0
Tiantan,14,8,0.06352801700498967,0.06352801700498967,POST_HOC_DIAGNOSTIC_ONLY,0.11588539330338761,0.08776438909262761,-0.028121004210759998,0.007647971456671939,0.022762969850133645,0.015114998393461705,0.064410930768111,0.25502912906769676,0.19061819829958576,0.7137042802607381,0.735325218105573,0.021620937844834986,0.11588539330338761,0.08776438909262761,-0.028121004210759998,0.0,0.0,0.0,2.0833333333333335,2.380952380952381,0.29761904761904745,0.7373737373737373,0.6568627450980392,-0.08051099227569813,44,44.0,0.0
Tiantan,14,9,0.06352801700498967,0.06352801700498967,POST_HOC_DIAGNOSTIC_ONLY,0.1242242054709938,0.08650455831731692,-0.037719647153676886,0.005656860152284308,0.02291132009302093,0.01725445994073662,0.04453076291446969,0.25834430390283675,0.21381354098836705,0.6974098242458883,0.7374218915025007,0.04001206725661244,0.1242242054709938,0.08650455831731692,-0.037719647153676886,0.0,0.0,0.0,2.0,2.4146341463414633,0.41463414634146334,0.7474747474747475,0.6470588235294118,-0.10041592394533572,43,43.0,0.0
Tiantan,14,10,0.06352801700498967,0.06352801700498967,POST_HOC_DIAGNOSTIC_ONLY,0.1255482762276272,0.08848989723319299,-0.03705837899443422,0.004326032396561371,0.022891470996565175,0.018565438600003804,0.033655962707384995,0.2561917279151873,0.2225357652078023,0.6963936509036374,0.7373508819053757,0.040957231001738315,0.1255482762276272,0.08848989723319299,-0.03705837899443422,0.0,0.0,0.0,1.8035714285714286,2.4390243902439024,0.6354529616724738,0.78,0.6568627450980392,-0.12313725490196081,44,44.0,0.0
Tiantan,14,11,0.06352801700498967,0.06352801700498967,POST_HOC_DIAGNOSTIC_ONLY,0.12285301540447491,0.08745991052951403,-0.035393104874960876,0.0010407828786711544,0.022950571298785107,0.021909788420113954,0.008251512465295837,0.26400192020327,0.2557504077379742,0.7058568638989096,0.738740451896975,0.032883587998065456,0.12285301540447491,0.08745991052951403,-0.035393104874960876,0.0,0.0,0.0,1.9423076923076923,2.4146341463414633,0.47232645403377105,0.76,0.6568627450980392,-0.1031372549019608,44,44.0,0.0
Tiantan,14,12,0.06352801700498967,0.06352801700498967,POST_HOC_DIAGNOSTIC_ONLY,0.09734119092750788,0.08877809087767806,-0.008563100049829825,0.00586072574921453,0.021826423703219182,0.015965697954004654,0.05803313655370528,0.2504238058722452,0.19239066931853993,0.7102318913068165,0.7375552819810747,0.027323390674258152,0.09734119092750788,0.08877809087767806,-0.008563100049829825,0.0,0.0,0.0,2.0833333333333335,2.380952380952381,0.29761904761904745,0.7474747474747475,0.6666666666666666,-0.08080808080808088,44,44.0,0.0
Tiantan,14,13,0.06352801700498967,0.06352801700498967,POST_HOC_DIAGNOSTIC_ONLY,0.09397993468816886,0.0881577647462435,-0.005822169941925359,0.0077873323380297736,0.023309526869772557,0.015522194531742783,0.08041605260438141,0.25988746115844513,0.17947140855406374,0.710816270327259,0.7374496804390505,0.026633410111791433,0.09397993468816886,0.0881577647462435,-0.005822169941925359,0.0,0.0,0.0,1.9607843137254901,2.380952380952381,0.4201680672268908,0.7575757575757576,0.6666666666666666,-0.09090909090909094,44,44.0,0.0
Wanliu,6,0,0.09000216206507229,0.09000216206507229,POST_HOC_DIAGNOSTIC_ONLY,0.267892060712058,0.19887109788102922,-0.06902096283102879,0.03424146961368801,0.05311254044624061,0.0188710708325526,0.12762233597435446,0.2688859156732409,0.14126357969888642,0.6233456944205095,0.6914148432480391,0.06806914882752968,0.267892060712058,0.19887109788102922,-0.06902096283102879,0.004149377593360996,0.0,-0.004149377593360996,2.033613445378151,2.3823529411764706,0.3487394957983194,0.7676348547717843,0.6983471074380165,-0.06928774733376775,39,39.0,0.0
Wanliu,6,1,0.09000216206507229,0.09000216206507229,POST_HOC_DIAGNOSTIC_ONLY,0.26182179852865317,0.20025613500178302,-0.06156566352687015,0.04943020898677838,0.05271517850383247,0.0032849695170540927,0.18730502175109637,0.2614073436491552,0.07410232189805882,0.6264196535882897,0.6899425556687638,0.06352290208047418,0.26182179852865317,0.20025613500178302,-0.06156566352687015,0.004166666666666667,0.0,-0.004166666666666667,2.1517857142857144,2.396039603960396,0.24425388967468153,0.7458333333333333,0.6983471074380165,-0.047486225895316814,40,40.0,0.0
Wanliu,6,2,0.09000216206507229,0.09000216206507229,POST_HOC_DIAGNOSTIC_ONLY,0.2812635188167256,0.19889200551941813,-0.08237151329730749,0.0387383205547748,0.05505171528637201,0.01631339473159721,0.1365039014828879,0.27224802844260615,0.13574412695971824,0.6085864150979469,0.6923409843428899,0.08375456924494307,0.2812635188167256,0.19889200551941813,-0.08237151329730749,0.004166666666666667,0.0,-0.004166666666666667,2.042372881355932,2.3823529411764706,0.33998005982053847,0.7375,0.7024793388429752,-0.035020661157024846,40,40.0,0.0
Wanliu,6,3,0.09000216206507229,0.09000216206507229,POST_HOC_DIAGNOSTIC_ONLY,0.29978903731216916,0.19810714208858715,-0.10168189522358201,0.013978484250496031,0.054769221262332475,0.04079073701183644,0.04633141028435034,0.27795805757017905,0.2316266472858287,0.5919231458247343,0.693794105897314,0.10187096007257979,0.29978903731216916,0.19810714208858715,-0.10168189522358201,0.004166666666666667,0.0,-0.004166666666666667,2.1517857142857144,2.396039603960396,0.24425388967468153,0.7416666666666667,0.7024793388429752,-0.0391873278236915,40,40.0,0.0
Wanliu,6,4,0.09000216206507229,0.09000216206507229,POST_HOC_DIAGNOSTIC_ONLY,0.29328600121109,0.19924034636689508,-0.09404565484419491,0.02139573516181439,0.05620325262738723,0.03480751746557284,0.07246553671761427,0.28261340588933326,0.210147869171719,0.5985030144206893,0.6914651925595505,0.0929621781388612,0.29328600121109,0.19924034636689508,-0.09404565484419491,0.008368200836820083,0.0,-0.008368200836820083,2.0168067226890756,2.41,0.39319327731092457,0.7824267782426778,0.7012448132780082,-0.08118196496466956,39,39.0,0.0
Wanliu,6,5,0.09000216206507229,0.09000216206507229,POST_HOC_DIAGNOSTIC_ONLY,0.2773269047993698,0.19936373426197848,-0.0779631705373913,0.02985784095857726,0.054076281059052655,0.024218440100475396,0.10685723065095887,0.27116083677333525,0.16430360612237638,0.6120891888371056,0.6909186154452454,0.07882942660813974,0.2773269047993698,0.19936373426197848,-0.0779631705373913,0.008368200836820083,0.0,-0.008368200836820083,1.9047619047619047,2.372549019607843,0.4677871148459385,0.7866108786610879,0.7012448132780082,-0.08536606538307967,37,37.0,0.0
Wanliu,7,0,0.09000216206507229,0.09000216206507229,POST_HOC_DIAGNOSTIC_ONLY,0.23383627509770505,0.17799484302431628,-0.055841432073388764,0.03561159483000595,0.05390246681161938,0.01829087198161343,0.15031364660000385,0.3061757953745399,0.15586214877453608,0.6592599989543039,0.7116118477783977,0.05235184882409383,0.23383627509770505,0.17799484302431628,-0.055841432073388764,0.004878048780487805,0.0,-0.004878048780487805,2.0,2.447058823529412,0.44705882352941195,0.775609756097561,0.6956521739130435,-0.07995758218451754,41,41.0,0.0
Wanliu,7,1,0.09000216206507229,0.09000216206507229,POST_HOC_DIAGNOSTIC_ONLY,0.2508918000979997,0.17936868784646492,-0.07152311225153479,0.03131441219720035,0.05409331608009438,0.022778903882894025,0.1234589067618358,0.3047040521529396,0.1812451453911038,0.639858072479314,0.7109920323435708,0.07113395986425675,0.2508918000979997,0.17936868784646492,-0.07152311225153479,0.004878048780487805,0.0,-0.004878048780487805,2.019607843137255,2.447058823529412,0.4274509803921571,0.7658536585365854,0.6908212560386473,-0.07503240249793808,41,41.0,0.0
Wanliu,7,2,0.09000216206507229,0.09000216206507229,POST_HOC_DIAGNOSTIC_ONLY,0.2620277525605197,0.17827788826338517,-0.08374986429713452,0.02969620817997588,0.0547753226098791,0.02507911442990322,0.11245867098360737,0.3082221457477449,0.19576347476413755,0.6275983140255915,0.7120577866793188,0.08445947265372733,0.2620277525605197,0.17827788826338517,-0.08374986429713452,0.0,0.0,0.0,2.1020408163265305,2.4642857142857144,0.3622448979591839,0.7609756097560976,0.6956521739130435,-0.06532343584305411,39,39.0,0.0
Wanliu,7,3,0.09000216206507229,0.09000216206507229,POST_HOC_DIAGNOSTIC_ONLY,0.26724999231447055,0.17813795473640173,-0.08911203757806882,0.017868174894966688,0.053933019160174955,0.03606484426520827,0.06658798693205943,0.3086453793828356,0.24205739245077618,0.6206733394935374,0.7127545280734934,0.09208118857995595,0.26724999231447055,0.17813795473640173,-0.08911203757806882,0.0048543689320388345,0.0,-0.0048543689320388345,1.7844827586206897,2.4352941176470586,0.6508113590263689,0.7912621359223301,0.6956521739130435,-0.09560996200928662,40,40.0,0.0
Wanliu,7,4,0.09000216206507229,0.09000216206507229,POST_HOC_DIAGNOSTIC_ONLY,0.23785974172420302,0.1792242293153343,-0.05863551240886872,0.03669107529131224,0.05309147974723472,0.01640040445592248,0.15368334189412972,0.3004849876338736,0.14680164573974389,0.6496673521620756,0.7111480559428135,0.06148070378073789,0.23785974172420302,0.1792242293153343,-0.05863551240886872,0.004878048780487805,0.0,-0.004878048780487805,2.1914893617021276,2.4186046511627906,0.22711528946066295,0.7317073170731707,0.6956521739130435,-0.036055143160127257,40,40.0,0.0
Wanliu,7,5,0.09000216206507229,0.09000216206507229,POST_HOC_DIAGNOSTIC_ONLY,0.221914735225674,0.17820691279267123,-0.04370782243300278,0.043396329933572404,0.05248403165561513,0.009087701722042728,0.19462246443963427,0.29522574432126314,0.10060327988162887,0.6686903748436387,0.7122876631514449,0.04359728830780618,0.221914735225674,0.17820691279267123,-0.04370782243300278,0.004878048780487805,0.0,-0.004878048780487805,2.019607843137255,2.4761904761904763,0.45658263305322144,0.7317073170731707,0.6956521739130435,-0.036055143160127257,40,40.0,0.0
Wanliu,7,6,0.09000216206507229,0.09000216206507229,POST_HOC_DIAGNOSTIC_ONLY,0.23136053691743852,0.1778425321462629,-0.05351800477117563,0.037945815022356826,0.05428775862373606,0.016341943601379236,0.16197709487094517,0.304606241043779,0.14262914617283382,0.6593632814699568,0.7112003174681311,0.05183703599817424,0.23136053691743852,0.1778425321462629,-0.05351800477117563,0.004901960784313725,0.0,-0.004901960784313725,2.1578947368421053,2.4404761904761907,0.2825814536340854,0.7303921568627451,0.6893203883495146,-0.04107176851323047,41,41.0,0.0
Wanliu,8,0,0.09000216206507229,0.09000216206507229,POST_HOC_DIAGNOSTIC_ONLY,0.2115609629727727,0.16125106852649193,-0.050309894446280756,0.03793135795279277,0.05422498195492419,0.01629362400213142,0.17778313628861786,0.331436040007375,0.15365290371875712,0.6796330107707745,0.728475036919617,0.04884202614884248,0.2115609629727727,0.16125106852649193,-0.050309894446280756,0.0,0.0,0.0,2.033707865168539,2.4794520547945207,0.4457441896259815,0.7444444444444445,0.6850828729281768,-0.05936157151626764,42,42.0,0.0
Wanliu,8,1,0.09000216206507229,0.09000216206507229,POST_HOC_DIAGNOSTIC_ONLY,0.21511477343872742,0.1621093477391726,-0.053005425699554826,0.03647031873413248,0.05205898328498984,0.015588664550857362,0.1674839286137291,0.323558977966439,0.1560750493527099,0.6733988485725821,0.7283625736442048,0.054963725071622616,0.21511477343872742,0.1621093477391726,-0.053005425699554826,0.0,0.0,0.0,2.0930232558139537,2.4794520547945207,0.38642879898056703,0.7262569832402235,0.6906077348066298,-0.03564924843359363,41,41.0,0.0
Wanliu,8,2,0.09000216206507229,0.09000216206507229,POST_HOC_DIAGNOSTIC_ONLY,0.21902839389485812,0.1633102634229866,-0.05571813047187152,0.04235784830736,0.052362867851340936,0.010005019543980934,0.1913550180891422,0.3271245320574587,0.13576951396831646,0.6708111718541765,0.726660308694001,0.05584913683982451,0.21902839389485812,0.1633102634229866,-0.05571813047187152,0.00558659217877095,0.0,-0.00558659217877095,2.25,2.4794520547945207,0.2294520547945207,0.6927374301675978,0.6850828729281768,-0.007654557239420989,39,39.0,0.0
Wanliu,8,3,0.09000216206507229,0.09000216206507229,POST_HOC_DIAGNOSTIC_ONLY,0.21785171701531858,0.1631437299368254,-0.05470798707849317,0.03572980180597538,0.05270586731808069,0.016976065512105308,0.16271878206776366,0.3231085631488619,0.16038978108109822,0.6728506223780681,0.7264291198546492,0.053578497476581055,0.21785171701531858,0.1631437299368254,-0.05470798707849317,0.00558659217877095,0.0,-0.00558659217877095,1.9565217391304348,2.4794520547945207,0.5229303156640859,0.7430167597765364,0.6850828729281768,-0.05793388684835954,42,42.0,0.0
Wanliu,8,4,0.09000216206507229,0.09000216206507229,POST_HOC_DIAGNOSTIC_ONLY,0.20582627638806084,0.16289381100173253,-0.042932465386328306,0.03380739171378727,0.0526669161205282,0.018859524406740928,0.16336601348958033,0.32447321333837253,0.1611071998487922,0.683413620992852,0.728531107928498,0.04511748693564599,0.20582627638806084,0.16289381100173253,-0.042932465386328306,0.00558659217877095,0.0,-0.00558659217877095,2.3684210526315788,2.5,0.13157894736842124,0.6927374301675978,0.6850828729281768,-0.007654557239420989,42,42.0,0.0
Wanliu,8,5,0.09000216206507229,0.09000216206507229,POST_HOC_DIAGNOSTIC_ONLY,0.21130111220064746,0.16268078041593906,-0.0486203317847084,0.03022586060987053,0.05447319475807626,0.024247334148205728,0.1414603292197619,0.33573443190546376,0.19427410268570186,0.6790563827441631,0.7287422915414651,0.04968590879730195,0.21130111220064746,0.16268078041593906,-0.0486203317847084,0.00558659217877095,0.0,-0.00558659217877095,2.0,2.513888888888889,0.5138888888888888,0.7430167597765364,0.6906077348066298,-0.052409024969906515,40,40.0,0.0
Wanliu,8,6,0.09000216206507229,0.09000216206507229,POST_HOC_DIAGNOSTIC_ONLY,0.2277793705686133,0.1639463099761903,-0.063833060592423,0.028421253899156625,0.05367653481914139,0.025255280919984767,0.12318637794876551,0.324205334686006,0.20101895673724046,0.6622208555298811,0.7239329681620676,0.061712112632186567,0.2277793705686133,0.1639463099761903,-0.063833060592423,0.0,0.0,0.0,2.057471264367816,2.513888888888889,0.4564176245210727,0.7584269662921348,0.6888888888888889,-0.06953807740324591,42,42.0,0.0
Wanliu,8,7,0.09000216206507229,0.09000216206507229,POST_HOC_DIAGNOSTIC_ONLY,0.22105089769510466,0.16405310678823848,-0.056997790906866186,0.0380973083605992,0.05464243065317926,0.01654512229258006,0.17013749709243733,0.3296019054673287,0.15946440837489137,0.6678532016362719,0.7262424852222715,0.058389283585999596,0.22105089769510466,0.16405310678823848,-0.056997790906866186,0.0,0.0,0.0,2.1058823529411765,2.513888888888889,0.4080065359477123,0.7471910112359551,0.6833333333333333,-0.06385767790262176,41,41.0,0.0
Wanliu,9,0,0.09000216206507229,0.09000216206507229,POST_HOC_DIAGNOSTIC_ONLY,0.18131981549926687,0.150305842439822,-0.031013973059444866,0.03773250118986329,0.051999015647106135,0.014266514457242842,0.20639885581934647,0.345979103678153,0.13958024785880652,0.7104732574855896,0.740209831061716,0.029736573576126357,0.18131981549926687,0.150305842439822,-0.031013973059444866,0.0,0.0,0.0,2.175675675675676,2.515625,0.3399493243243241,0.70625,0.6832298136645962,-0.023020186335403814,40,40.0,0.0
Wanliu,9,1,0.09000216206507229,0.09000216206507229,POST_HOC_DIAGNOSTIC_ONLY,0.188700190502403,0.15005595373785077,-0.038644236764552226,0.03249071981022611,0.0519745516037752,0.019483831793549088,0.16961511641339178,0.350465569433682,0.18085045302029024,0.7013959123730574,0.7403806691230559,0.03898475674999846,0.188700190502403,0.15005595373785077,-0.038644236764552226,0.0,0.0,0.0,2.051282051282051,2.515625,0.4643429487179489,0.7735849056603774,0.6832298136645962,-0.09035509199578118,42,42.0,0.0
Wanliu,9,2,0.09000216206507229,0.09000216206507229,POST_HOC_DIAGNOSTIC_ONLY,0.18821403011990587,0.15045494350493907,-0.0377590866149668,0.03514276346821246,0.051243420204706944,0.01610065673649448,0.18437784390074405,0.3470818141633952,0.16270397026265113,0.7005028738191593,0.7404595698158527,0.03995669599669338,0.18821403011990587,0.15045494350493907,-0.0377590866149668,0.0,0.0,0.0,2.1621621621621623,2.53125,0.3690878378378377,0.779874213836478,0.6894409937888198,-0.09043322004765819,42,42.0,0.0
Wanliu,9,3,0.09000216206507229,0.09000216206507229,POST_HOC_DIAGNOSTIC_ONLY,0.193333996383994,0.15045473344246407,-0.04287926294152994,0.03661359482441384,0.052311090421733285,0.015697495597319443,0.1876985217251892,0.3461863313828654,0.15848780965767623,0.6965505720733928,0.7404854450734092,0.04393487300001642,0.193333996383994,0.15045473344246407,-0.04287926294152994,0.0,0.0,0.0,2.4242424242424243,2.5555555555555554,0.13131313131313105,0.6666666666666666,0.6832298136645962,0.0165631469979296,41,41.0,0.0
Wanliu,9,4,0.09000216206507229,0.09000216206507229,POST_HOC_DIAGNOSTIC_ONLY,0.20445866445002325,0.1520071237971774,-0.05245154065284585,0.03168204221323261,0.05209937039752664,0.02041732818429403,0.15348041549681904,0.3437635032068829,0.1902830877100639,0.6857257657289377,0.7365068450087844,0.05078107927984665,0.20445866445002325,0.1520071237971774,-0.05245154065284585,0.006329113924050633,0.0,-0.006329113924050633,2.12,2.5806451612903225,0.4606451612903224,0.6962025316455697,0.68125,-0.014952531645569644,44,44.0,0.0
Wanliu,9,5,0.09000216206507229,0.09000216206507229,POST_HOC_DIAGNOSTIC_ONLY,0.21361744137468383,0.1527145397273983,-0.06090290164728554,0.024814651812732888,0.05321829873058098,0.028403646917848094,0.11499860978011173,0.3538730298678954,0.23887442008778365,0.6775643955732074,0.7365377827326107,0.05897338715940337,0.21361744137468383,0.1527145397273983,-0.06090290164728554,0.006329113924050633,0.0,-0.006329113924050633,2.0126582278481013,2.5396825396825395,0.5270243118344382,0.7341772151898734,0.675,-0.0591772151898734,37,37.0,0.0
Wanliu,9,6,0.09000216206507229,0.09000216206507229,POST_HOC_DIAGNOSTIC_ONLY,0.2082985134165168,0.1512147429333479,-0.0570837704831689,0.026976244630426402,0.053208317109059496,0.026232072478633094,0.12803294493732836,0.35487644277473024,0.22684349783740188,0.6819170341628152,0.7373318722513286,0.05541483808851333,0.2082985134165168,0.1512147429333479,-0.0570837704831689,0.006329113924050633,0.0,-0.006329113924050633,2.064935064935065,2.5806451612903225,0.5157100963552574,0.7784810126582279,0.68125,-0.09723101265822787,45,45.0,0.0
Wanliu,9,7,0.09000216206507229,0.09000216206507229,POST_HOC_DIAGNOSTIC_ONLY,0.19490727492878757,0.1526398417907804,-0.042267433138007154,0.04363109457294251,0.052506763726661555,0.008875669153719047,0.22051506680872518,0.3463659137261331,0.12585084691740794,0.6936433839273748,0.7356128895523568,0.04196950562498203,0.19490727492878757,0.1526398417907804,-0.042267433138007154,0.0,0.0,0.0,2.064935064935065,2.564516129032258,0.49958106409719294,0.7721518987341772,0.675,-0.09715189873417718,40,40.0,0.0
Wanliu,9,8,0.09000216206507229,0.09000216206507229,POST_HOC_DIAGNOSTIC_ONLY,0.18654617105895155,0.15080823281600592,-0.03573793824294563,0.04821665359865259,0.051404155665648314,0.0031875020669957232,0.2547577255483704,0.3453393757066487,0.09058165015827829,0.7007303705991816,0.7380438843196505,0.03731351372046887,0.18654617105895155,0.15080823281600592,-0.03573793824294563,0.0,0.0,0.0,2.2714285714285714,2.5555555555555554,0.284126984126984,0.740506329113924,0.68125,-0.05925632911392398,45,45.0,0.0
Wanliu,10,0,0.09000216206507229,0.09000216206507229,POST_HOC_DIAGNOSTIC_ONLY,0.19456009660161494,0.1412627634657246,-0.05329733313589033,0.02064695066464526,0.049980760092041936,0.029333809427396676,0.1054293648996627,0.36255641411335215,0.25712704921368945,0.6945898769375888,0.7493718451298176,0.0547819681922288,0.19456009660161494,0.1412627634657246,-0.05329733313589033,0.0,0.0,0.0,2.056338028169014,2.607142857142857,0.5508048289738432,0.7310344827586207,0.6827586206896552,-0.0482758620689655,42,42.0,0.0
Wanliu,10,1,0.09000216206507229,0.09000216206507229,POST_HOC_DIAGNOSTIC_ONLY,0.1899661757150348,0.14057848994075473,-0.04938768577428007,0.029119953279746993,0.0508374625038887,0.021717509224141708,0.15268686655080763,0.35957850127739577,0.20689163472658814,0.6973083531695132,0.7506231863387383,0.05331483316922503,0.1899661757150348,0.14057848994075473,-0.04938768577428007,0.0,0.0,0.0,2.1470588235294117,2.607142857142857,0.4600840336134455,0.7586206896551724,0.6827586206896552,-0.07586206896551717,40,40.0,0.0
Wanliu,10,2,0.09000216206507229,0.09000216206507229,POST_HOC_DIAGNOSTIC_ONLY,0.1786604246218799,0.14056988272188617,-0.038090541899993724,0.04086018107435733,0.050511046479652,0.009650865405294674,0.22710888815666386,0.3644554846645063,0.13734659650784242,0.709352504407304,0.7467786394911919,0.037426135083887924,0.1786604246218799,0.14056988272188617,-0.038090541899993724,0.0,0.0,0.0,2.360655737704918,2.5892857142857144,0.22862997658079642,0.7342657342657343,0.6805555555555556,-0.05371017871017869,41,41.0,0.0
Wanliu,10,3,0.09000216206507229,0.09000216206507229,POST_HOC_DIAGNOSTIC_ONLY,0.17885142196929332,0.14020164931748486,-0.03864977265180847,0.03899401107053571,0.05082215240428897,0.011828141333753261,0.21651136293971857,0.36680531099399527,0.1502939480542767,0.7116192516952996,0.7471684373346387,0.035549185639339065,0.17885142196929332,0.14020164931748486,-0.03864977265180847,0.0,0.0,0.0,2.1492537313432836,2.6363636363636362,0.4871099050203527,0.7202797202797203,0.6805555555555556,-0.039724164724164734,44,44.0,0.0
Wanliu,10,4,0.09000216206507229,0.09000216206507229,POST_HOC_DIAGNOSTIC_ONLY,0.17237548391064994,0.14064154704946918,-0.031733936861180756,0.037097782233504774,0.05077674031536311,0.013678958081858338,0.2145761215149692,0.364024696256033,0.14944857474106382,0.7169214506442135,0.7481161526820439,0.03119470203783037,0.17237548391064994,0.14064154704946918,-0.031733936861180756,0.0,0.0,0.0,2.1492537313432836,2.5892857142857144,0.44003198294243084,0.7342657342657343,0.6805555555555556,-0.05371017871017869,43,43.0,0.0
Wanliu,10,5,0.09000216206507229,0.09000216206507229,POST_HOC_DIAGNOSTIC_ONLY,0.16583552646754404,0.14217315605784428,-0.023662370409699762,0.03663919634602906,0.05088283785087781,0.014243641504848754,0.2202817594308677,0.3608188156269886,0.1405370561961209,0.723330694484072,0.7459146056874756,0.02258391120340364,0.16583552646754404,0.14217315605784428,-0.023662370409699762,0.0,0.0,0.0,2.1492537313432836,2.618181818181818,0.4689280868385346,0.7272727272727273,0.6805555555555556,-0.04671717171717171,42,42.0,0.0
Wanliu,10,6,0.09000216206507229,0.09000216206507229,POST_HOC_DIAGNOSTIC_ONLY,0.1725641539037938,0.14066879225457957,-0.03189536164921422,0.038114178561711794,0.05035681276696044,0.012242634205248647,0.2192355752425731,0.35504857807181234,0.13581300282923925,0.7164936274171538,0.7489158094380153,0.032422182020861445,0.1725641539037938,0.14066879225457957,-0.03189536164921422,0.006993006993006993,0.0,-0.006993006993006993,2.0869565217391304,2.5892857142857144,0.502329192546584,0.7202797202797203,0.6875,-0.032779720279720315,42,42.0,0.0
Wanliu,10,7,0.09000216206507229,0.09000216206507229,POST_HOC_DIAGNOSTIC_ONLY,0.16959555933858952,0.14021600636242132,-0.029379552976168205,0.03754998357978509,0.050434883484047725,0.012884899904262635,0.21933947954202257,0.3639567902656294,0.1446173107236068,0.7179033453029359,0.7490596091321218,0.031156263829185904,0.16959555933858952,0.14021600636242132,-0.029379552976168205,0.006993006993006993,0.0,-0.006993006993006993,2.440677966101695,2.6363636363636362,0.19568567026194117,0.6853146853146853,0.6875,0.0021853146853146876,41,41.0,0.0
Wanliu,10,8,0.09000216206507229,0.09000216206507229,POST_HOC_DIAGNOSTIC_ONLY,0.17214491295603093,0.14128888986324087,-0.030856023092790064,0.03120941571761061,0.05173219404604686,0.020522778328436252,0.1806267710256817,0.3676811312016456,0.18705436017596389,0.7148220299292245,0.7487670612015456,0.03394503127232107,0.17214491295603093,0.14128888986324087,-0.030856023092790064,0.0,0.0,0.0,2.338709677419355,2.5892857142857144,0.25057603686635943,0.6944444444444444,0.6875,-0.00694444444444442,44,44.0,0.0
Wanliu,10,9,0.09000216206507229,0.09000216206507229,POST_HOC_DIAGNOSTIC_ONLY,0.18590603373622988,0.14174864737135795,-0.04415738636487193,0.021210360481280083,0.05164634352291316,0.03043598304163308,0.11357777475319081,0.36751810505058874,0.25394033029739793,0.7013489332495578,0.7495553868576884,0.048206453608130584,0.18590603373622988,0.14174864737135795,-0.04415738636487193,0.0,0.0,0.0,2.013888888888889,2.5892857142857144,0.5753968253968256,0.75,0.6736111111111112,-0.07638888888888884,44,44.0,0.0
Wanliu,11,0,0.09000216206507229,0.09000216206507229,POST_HOC_DIAGNOSTIC_ONLY,0.1823519667981212,0.13236532596711098,-0.04998664083101023,0.020862859004782998,0.04981215903126059,0.028949300026477595,0.11359421080076365,0.37656939966254616,0.2629751888617825,0.7082978014558331,0.7555120392025778,0.047214237746744714,0.1823519667981212,0.13236532596711098,-0.04998664083101023,0.0,0.0,0.0,2.0307692307692307,2.64,0.6092307692307695,0.7099236641221374,0.6870229007633588,-0.022900763358778553,42,42.0,0.0
Wanliu,11,1,0.09000216206507229,0.09000216206507229,POST_HOC_DIAGNOSTIC_ONLY,0.18076803598823188,0.1338460846856583,-0.04692195130257357,0.025925170927206313,0.04955199271398738,0.023626821786781067,0.14170637327482452,0.3721795704253301,0.2304731971505056,0.7094997591076666,0.7552259472161407,0.045726188108474064,0.18076803598823188,0.1338460846856583,-0.04692195130257357,0.0,0.0,0.0,2.2203389830508473,2.62,0.3996610169491528,0.7153846153846154,0.6870229007633588,-0.028361714621256584,43,43.0,0.0
Wanliu,11,2,0.09000216206507229,0.09000216206507229,POST_HOC_DIAGNOSTIC_ONLY,0.17306717161229937,0.1335715236663762,-0.03949564794592317,0.02633562856544192,0.05058018147271734,0.02424455290727542,0.15086260198420476,0.3768936371061363,0.22603103512193157,0.7159076374345242,0.754860539012325,0.038952901577800736,0.17306717161229937,0.1335715236663762,-0.03949564794592317,0.0,0.0,0.0,2.1475409836065573,2.64,0.4924590163934428,0.7461538461538462,0.6717557251908397,-0.07439812096300646,42,42.0,0.0
Wanliu,11,3,0.09000216206507229,0.09000216206507229,POST_HOC_DIAGNOSTIC_ONLY,0.16321846633649265,0.13357688964386952,-0.02964157669262313,0.02907803225697469,0.0496047528304681,0.020526720573493407,0.17735179286249084,0.3843517193054131,0.20699992644292228,0.7261573014916616,0.754903682019728,0.02874638052806644,0.16321846633649265,0.13357688964386952,-0.02964157669262313,0.0,0.0,0.0,2.0153846153846153,2.64,0.6246153846153848,0.7384615384615385,0.6793893129770993,-0.059072225484439245,43,43.0,0.0
Wanliu,11,4,0.09000216206507229,0.09000216206507229,POST_HOC_DIAGNOSTIC_ONLY,0.15777884976679524,0.13308066299515964,-0.0246981867716356,0.04111335480051857,0.049417544832402724,0.008304190031884151,0.25934850414932925,0.3759238107078939,0.11657530655856463,0.731162522516486,0.7564096098749093,0.025247087358423403,0.15777884976679524,0.13308066299515964,-0.0246981867716356,0.0,0.0,0.0,2.4716981132075473,2.693877551020408,0.22217943781286076,0.7076923076923077,0.6793893129770993,-0.028302994715208474,43,43.0,0.0
Wanliu,11,5,0.09000216206507229,0.09000216206507229,POST_HOC_DIAGNOSTIC_ONLY,0.16787026168651395,0.13394261473698618,-0.03392764694952777,0.045594132964820795,0.04903169965744741,0.003437566692626612,0.2696022751110098,0.36042330761303093,0.09082103250202112,0.7216466100917682,0.7555939262929386,0.03394731620117042,0.16787026168651395,0.13394261473698618,-0.03392764694952777,0.007692307692307693,0.0,-0.007692307692307693,2.381818181818182,2.64,0.2581818181818183,0.7307692307692307,0.6870229007633588,-0.043746330005871914,42,42.0,0.0
Wanliu,11,6,0.09000216206507229,0.09000216206507229,POST_HOC_DIAGNOSTIC_ONLY,0.16233432791394267,0.13375653609664176,-0.028577791817300913,0.040127873597448314,0.05068045087158325,0.010552577274134937,0.24525867353094696,0.3750865730985035,0.12982789956755655,0.7280462546469679,0.7560178351731055,0.027971580526137574,0.16233432791394267,0.13375653609664176,-0.028577791817300913,0.0,0.0,0.0,2.2586206896551726,2.64,0.3813793103448275,0.6923076923076923,0.6793893129770993,-0.012918379330593033,44,44.0,0.0
Wanliu,11,7,0.09000216206507229,0.09000216206507229,POST_HOC_DIAGNOSTIC_ONLY,0.15862265110771356,0.13235969491183008,-0.02626295619588348,0.03381036273649265,0.05029225277501536,0.016481890038522712,0.21107226017213634,0.37947836217448216,0.16840610200234582,0.7287596036023538,0.7572228424123386,0.028463238809984803,0.15862265110771356,0.13235969491183008,-0.02626295619588348,0.0,0.0,0.0,2.2586206896551726,2.673469387755102,0.4148486980999295,0.7384615384615385,0.6793893129770993,-0.059072225484439245,42,42.0,0.0
Wanliu,11,8,0.09000216206507229,0.09000216206507229,POST_HOC_DIAGNOSTIC_ONLY,0.1536507782391625,0.13230382927134218,-0.02134694896782033,0.03008244840840358,0.050461864882687064,0.020379416474283485,0.1946862931638923,0.37435592536764767,0.17966963220375537,0.7317591544904493,0.7579651469407989,0.026205992450349602,0.1536507782391625,0.13230382927134218,-0.02134694896782033,0.0,0.0,0.0,2.129032258064516,2.64,0.5109677419354841,0.732824427480916,0.6870229007633588,-0.04580152671755722,43,43.0,0.0
Wanliu,11,9,0.09000216206507229,0.09000216206507229,POST_HOC_DIAGNOSTIC_ONLY,0.15783247987362256,0.13117947485572667,-0.026653005017895887,0.025414272584372444,0.049883699204412255,0.02446942662003981,0.16008170537462763,0.37614548633181766,0.21606378095719003,0.7283485580634288,0.759271310649188,0.03092275258575916,0.15783247987362256,0.13117947485572667,-0.026653005017895887,0.0,0.0,0.0,2.5384615384615383,2.673469387755102,0.1350078492935638,0.7251908396946565,0.6793893129770993,-0.04580152671755722,43,43.0,0.0
Wanliu,11,10,0.09000216206507229,0.09000216206507229,POST_HOC_DIAGNOSTIC_ONLY,0.15995388055584528,0.13081365185860308,-0.0291402286972422,0.02955797908841209,0.05026770684333136,0.020709727754919267,0.18369791741374197,0.37883410266363726,0.1951361852498953,0.726372686727492,0.7551064319335815,0.02873374520608951,0.15995388055584528,0.13081365185860308,-0.0291402286972422,0.0,0.0,0.0,2.425925925925926,2.673469387755102,0.24754346182917608,0.6923076923076923,0.676923076923077,-0.01538461538461533,43,43.0,0.0
Wanliu,12,0,0.09000216206507229,0.09000216206507229,POST_HOC_DIAGNOSTIC_ONLY,0.1423788031628617,0.1263224980301418,-0.016056305132719884,0.030484248740388596,0.04918463232377543,0.018700383583386833,0.21237663484533284,0.38977600654117756,0.17739937169584472,0.7475398469593666,0.7612220297351194,0.013682182775752838,0.1423788031628617,0.1263224980301418,-0.016056305132719884,0.0,0.0,0.0,2.4693877551020407,2.688888888888889,0.21950113378684843,0.7,0.6666666666666666,-0.033333333333333326,44,44.0,0.0
Wanliu,12,1,0.09000216206507229,0.09000216206507229,POST_HOC_DIAGNOSTIC_ONLY,0.15550172107967805,0.127591541368275,-0.027910179711403055,0.0330451563541457,0.04797232181522926,0.01492716546108356,0.21082351241642866,0.37903149892945964,0.16820798651303098,0.7328225750099819,0.7605996085013399,0.02777703349135796,0.15550172107967805,0.127591541368275,-0.027910179711403055,0.0,0.0,0.0,2.2830188679245285,2.688888888888889,0.40587002096436064,0.675,0.675,0.0,43,43.0,0.0
Wanliu,12,2,0.09000216206507229,0.09000216206507229,POST_HOC_DIAGNOSTIC_ONLY,0.17551864641490939,0.12760026584755085,-0.04791838056735853,0.02989132418797226,0.04741877938478675,0.017527455196814493,0.1680905959365815,0.37967519236073793,0.21158459642415645,0.7146757923101502,0.7605502319696581,0.04587443965950788,0.17551864641490939,0.12760026584755085,-0.04791838056735853,0.0,0.0,0.0,2.4489795918367347,2.688888888888889,0.23990929705215436,0.6890756302521008,0.675,-0.01407563025210079,43,43.0,0.0
Wanliu,12,3,0.09000216206507229,0.09000216206507229,POST_HOC_DIAGNOSTIC_ONLY,0.1728612038382299,0.1264277867839031,-0.0464334170543268,0.03520242263965177,0.04846316301598008,0.013260740376328309,0.20185639564959956,0.3811317947508706,0.17927539910127105,0.7181308613628479,0.7633555658429004,0.04522470448005256,0.1728612038382299,0.1264277867839031,-0.0464334170543268,0.0,0.0,0.0,2.2641509433962264,2.630434782608696,0.36628383921246943,0.6638655462184874,0.675,0.011134453781512677,44,44.0,0.0
Wanliu,12,4,0.09000216206507229,0.09000216206507229,POST_HOC_DIAGNOSTIC_ONLY,0.16534150558588936,0.1258103186385287,-0.03953118694736066,0.0397653834348025,0.04872578300716464,0.008960399572362138,0.23938011203002488,0.38447971056370817,0.1450995985336833,0.7244062584677095,0.7627511113629892,0.03834485289527978,0.16534150558588936,0.1258103186385287,-0.03953118694736066,0.0,0.0,0.0,2.4489795918367347,2.688888888888889,0.23990929705215436,0.6554621848739496,0.6666666666666666,0.011204481792717047,43,43.0,0.0
Wanliu,12,5,0.09000216206507229,0.09000216206507229,POST_HOC_DIAGNOSTIC_ONLY,0.1641062437492323,0.12550806292058156,-0.03859818082865074,0.033352597736223996,0.0487204147292198,0.015367816992995803,0.20237696682725542,0.38761434561950464,0.18523737879224922,0.7251681682760897,0.7637594554988114,0.03859128722272176,0.1641062437492323,0.12550806292058156,-0.03859818082865074,0.0,0.0,0.0,2.2641509433962264,2.688888888888889,0.42473794549266275,0.7058823529411765,0.675,-0.030882352941176472,42,42.0,0.0
Wanliu,12,6,0.09000216206507229,0.09000216206507229,POST_HOC_DIAGNOSTIC_ONLY,0.1590062096974579,0.1249010781348323,-0.03410513156262561,0.0283573796473466,0.0486214381459394,0.020264058498592804,0.1765677695798427,0.3830103765073754,0.20644260692753272,0.7304064344285636,0.7652980478727546,0.034891613444191005,0.1590062096974579,0.1249010781348323,-0.03410513156262561,0.0,0.0,0.0,2.4489795918367347,2.630434782608696,0.18145519077196104,0.7058823529411765,0.675,-0.030882352941176472,42,42.0,0.0
Wanliu,12,7,0.09000216206507229,0.09000216206507229,POST_HOC_DIAGNOSTIC_ONLY,0.15473170104997083,0.12520636550148231,-0.02952533554848852,0.02375191704114589,0.04889965474583179,0.025147737704685903,0.15150463142090614,0.3902537744424288,0.23874914302152267,0.7330612300971167,0.764746422577618,0.03168519248050139,0.15473170104997083,0.12520636550148231,-0.02952533554848852,0.0,0.0,0.0,2.4,2.727272727272727,0.32727272727272716,0.7142857142857143,0.675,-0.03928571428571426,44,44.0,0.0
Wanliu,12,8,0.09000216206507229,0.09000216206507229,POST_HOC_DIAGNOSTIC_ONLY,0.14327400823580977,0.12578862181461625,-0.017485386421193516,0.029055919150911026,0.049276363071045576,0.02022044392013455,0.19990265187676742,0.39935883166240904,0.19945617978564162,0.7432904607644929,0.7646762542754972,0.021385793511004336,0.14327400823580977,0.12578862181461625,-0.017485386421193516,0.0,0.0,0.0,2.0,2.688888888888889,0.6888888888888891,0.7478991596638656,0.6666666666666666,-0.08123249299719892,44,44.0,0.0
Wanliu,12,9,0.09000216206507229,0.09000216206507229,POST_HOC_DIAGNOSTIC_ONLY,0.13834843835338007,0.12524467732016362,-0.013103761033216449,0.027445535087955216,0.04997328586587823,0.022527750777923013,0.19606861057604344,0.39745822839348743,0.201389617817444,0.7493521879066337,0.7649549067899272,0.015602718883293454,0.13834843835338007,0.12524467732016362,-0.013103761033216449,0.0,0.0,0.0,2.0689655172413794,2.727272727272727,0.6583072100313476,0.7563025210084033,0.6666666666666666,-0.08963585434173671,43,43.0,0.0
Wanliu,12,10,0.09000216206507229,0.09000216206507229,POST_HOC_DIAGNOSTIC_ONLY,0.14491612751089855,0.125923782528501,-0.018992344982397547,0.02429089164408302,0.04950575367207454,0.02521486202799152,0.16664468579058994,0.3905672848158704,0.22392259902528044,0.7417294589520114,0.7600126427599877,0.018283183807976333,0.14491612751089855,0.125923782528501,-0.018992344982397547,0.0,0.0,0.0,2.0,2.727272727272727,0.7272727272727271,0.7899159663865546,0.6722689075630253,-0.11764705882352933,43,43.0,0.0
Wanliu,12,11,0.09000216206507229,0.09000216206507229,POST_HOC_DIAGNOSTIC_ONLY,0.1401374323593772,0.12666017558119377,-0.013477256778183427,0.029440785380255442,0.04953518989737161,0.020094404517116166,0.20856650792066286,0.38702494303581547,0.1784584351151526,0.7471189884351769,0.7597402830754735,0.012621294640296599,0.1401374323593772,0.12666017558119377,-0.013477256778183427,0.0,0.0,0.0,2.608695652173913,2.727272727272727,0.11857707509881399,0.7394957983193278,0.680672268907563,-0.05882352941176472,42,42.0,0.0
Wanliu,13,0,0.09000216206507229,0.09000216206507229,POST_HOC_DIAGNOSTIC_ONLY,0.15840042452017783,0.1224337812527572,-0.035966643267420634,0.02563219162029945,0.04695760405008036,0.021325412429780907,0.1609083984766144,0.394133964719627,0.23322556624301258,0.7332257195556962,0.7672406129975889,0.03401489344189279,0.15840042452017783,0.1224337812527572,-0.035966643267420634,0.0,0.0,0.0,2.074074074074074,2.6666666666666665,0.5925925925925926,0.7387387387387387,0.6756756756756757,-0.06306306306306309,44,44.0,0.0
Wanliu,13,1,0.09000216206507229,0.09000216206507229,POST_HOC_DIAGNOSTIC_ONLY,0.1454160140561033,0.12065639167162444,-0.02475962238447886,0.030754267683300127,0.047664282077997416,0.01691001439469729,0.21040990223544206,0.3979712724717593,0.18756137023631722,0.7447724204735648,0.7693235859764501,0.024551165502885275,0.1454160140561033,0.12065639167162444,-0.02475962238447886,0.0,0.0,0.0,2.1132075471698113,2.8,0.6867924528301885,0.7387387387387387,0.6666666666666666,-0.07207207207207211,43,43.0,0.0
Wanliu,13,2,0.09000216206507229,0.09000216206507229,POST_HOC_DIAGNOSTIC_ONLY,0.1495207843826732,0.12014832557568407,-0.02937245880698912,0.02859575030760347,0.04762442202173725,0.01902867171413378,0.18874965111565498,0.3949168604569558,0.2061672093413008,0.7421244525373165,0.7698351300000199,0.027710677462703392,0.1495207843826732,0.12014832557568407,-0.02937245880698912,0.0,0.0,0.0,2.2653061224489797,2.731707317073171,0.4664011946241913,0.7090909090909091,0.6756756756756757,-0.03341523341523345,42,42.0,0.0
Wanliu,13,3,0.09000216206507229,0.09000216206507229,POST_HOC_DIAGNOSTIC_ONLY,0.14772314932721364,0.11720018249447017,-0.03052296683274347,0.028642976672238363,0.0479115285214546,0.019268551849216234,0.19157766839255624,0.4014917731792517,0.20991410478669548,0.7428427254564317,0.7726702604909946,0.029827535034562924,0.14772314932721364,0.11720018249447017,-0.03052296683274347,0.0,0.0,0.0,2.22,2.6666666666666665,0.4466666666666663,0.6818181818181818,0.6756756756756757,-0.00614250614250611,43,43.0,0.0
Wanliu,13,4,0.09000216206507229,0.09000216206507229,POST_HOC_DIAGNOSTIC_ONLY,0.14668576683766357,0.11827957216269182,-0.028406194674971755,0.029935847035475218,0.04810083623938895,0.01816498920391373,0.20273524794617614,0.4022739631651094,0.19953871521893324,0.7423728220023319,0.7721460449659975,0.02977322296366558,0.14668576683766357,0.11827957216269182,-0.028406194674971755,0.0,0.0,0.0,2.22,2.731707317073171,0.5117073170731707,0.7,0.6756756756756757,-0.024324324324324298,44,44.0,0.0
Wanliu,13,5,0.09000216206507229,0.09000216206507229,POST_HOC_DIAGNOSTIC_ONLY,0.13895135507605438,0.11835974420920178,-0.0205916108668526,0.028701527913913515,0.04724312544410736,0.018541597530193844,0.20504138091865196,0.40195291755824347,0.19691153663959152,0.7502019456273533,0.772673849314218,0.02247190368686469,0.13895135507605438,0.11835974420920178,-0.0205916108668526,0.0,0.0,0.0,2.1346153846153846,2.707317073170732,0.5727016885553473,0.7,0.6756756756756757,-0.024324324324324298,44,44.0,0.0
Wanliu,13,6,0.09000216206507229,0.09000216206507229,POST_HOC_DIAGNOSTIC_ONLY,0.13765009262694727,0.11930602118842264,-0.018344071438524637,0.027521960730922907,0.048154453211411846,0.02063249248048894,0.19720894930812435,0.4020733633736581,0.20486441406553377,0.7495640968899601,0.7671136901236298,0.01754959323366978,0.13765009262694727,0.11930602118842264,-0.018344071438524637,0.0,0.0,0.0,2.1153846153846154,2.707317073170732,0.5919324577861165,0.7431192660550459,0.6727272727272727,-0.07039199332777313,42,42.0,0.0
Wanliu,13,7,0.09000216206507229,0.09000216206507229,POST_HOC_DIAGNOSTIC_ONLY,0.13565454463126847,0.11934480468401085,-0.016309739947257623,0.02629798373736049,0.048639033116303514,0.022341049378943025,0.19143979580469622,0.4099867459844092,0.21854695017971298,0.7508507417191709,0.7679948492672893,0.01714410754811846,0.13565454463126847,0.11934480468401085,-0.016309739947257623,0.0,0.0,0.0,2.391304347826087,2.775,0.383695652173913,0.7064220183486238,0.6636363636363637,-0.042785654712260146,43,43.0,0.0
Wanliu,13,8,0.09000216206507229,0.09000216206507229,POST_HOC_DIAGNOSTIC_ONLY,0.13957897172422784,0.12044079184629539,-0.019138179877932454,0.025849329948204023,0.04870827104912361,0.02285894110091959,0.18246996196671456,0.4017125700695243,0.21924260810280977,0.7458593428257329,0.766160891511309,0.0203015486855761,0.13957897172422784,0.12044079184629539,-0.019138179877932454,0.0,0.0,0.0,2.2916666666666665,2.707317073170732,0.4156504065040654,0.7155963302752294,0.6727272727272727,-0.04286905754795667,45,45.0,0.0
Wanliu,13,9,0.09000216206507229,0.09000216206507229,POST_HOC_DIAGNOSTIC_ONLY,0.13977410762854553,0.12142099875055734,-0.01835310887798819,0.028448899507426344,0.04808405601381541,0.019635156506389063,0.20031953302949734,0.39957624564695315,0.1992567126174558,0.7466803481581573,0.7657381641635334,0.019057816005376038,0.13977410762854553,0.12142099875055734,-0.01835310887798819,0.0,0.0,0.0,2.682926829268293,2.775,0.09207317073170707,0.6972477064220184,0.6727272727272727,-0.024520433694745658,43,43.0,0.0
Wanliu,13,10,0.09000216206507229,0.09000216206507229,POST_HOC_DIAGNOSTIC_ONLY,0.14058204525805823,0.12183375143859967,-0.018748293819458556,0.03401282018981253,0.04731226303671079,0.013299442846898255,0.23840787836658534,0.3911832407813645,0.15277536241477918,0.7464749609251203,0.7656599319527541,0.019184971027633724,0.14058204525805823,0.12183375143859967,-0.018748293819458556,0.0,0.0,0.0,2.75,2.707317073170732,-0.04268292682926811,0.7064220183486238,0.6818181818181818,-0.02460383653044207,44,44.0,0.0
Wanliu,13,11,0.09000216206507229,0.09000216206507229,POST_HOC_DIAGNOSTIC_ONLY,0.14729522665173253,0.12144773496748988,-0.02584749168424265,0.03402470850329578,0.047431848719911046,0.013407140216615265,0.22893039594351747,0.3891071215345122,0.16017672559099475,0.7419482099403135,0.7659009355790545,0.023952725638740957,0.14729522665173253,0.12144773496748988,-0.02584749168424265,0.0,0.0,0.0,2.8461538461538463,2.707317073170732,-0.13883677298311436,0.6909090909090909,0.6727272727272727,-0.018181818181818188,43,43.0,0.0
Wanliu,13,12,0.09000216206507229,0.09000216206507229,POST_HOC_DIAGNOSTIC_ONLY,0.16589791209297494,0.12321687967498883,-0.04268103241798611,0.027522357154437512,0.04735722480514648,0.01983486765070897,0.164688909693824,0.3899734095370987,0.2252844998432747,0.7236584352579029,0.7650676986533614,0.041409263395458584,0.16589791209297494,0.12321687967498883,-0.04268103241798611,0.0,0.0,0.0,2.9210526315789473,2.75,-0.17105263157894735,0.6545454545454545,0.6727272727272727,0.018181818181818188,44,44.0,0.0
Wanliu,14,0,0.09000216206507229,0.09000216206507229,POST_HOC_DIAGNOSTIC_ONLY,0.13568775075512174,0.11554025801387367,-0.020147492741248066,0.024581767081331148,0.04748816909351806,0.02290640201218691,0.17791789225592478,0.40398716133076995,0.22606926907484517,0.7581507900049282,0.7735067448076707,0.015355954802742433,0.13568775075512174,0.11554025801387367,-0.020147492741248066,0.0,0.0,0.0,2.340909090909091,2.736842105263158,0.39593301435406714,0.7058823529411765,0.6699029126213593,-0.03597944031981726,44,44.0,0.0
Wanliu,14,1,0.09000216206507229,0.09000216206507229,POST_HOC_DIAGNOSTIC_ONLY,0.1392473196837158,0.11679120918553633,-0.022456110498179457,0.024437121526320053,0.047214638820686536,0.022777517294366483,0.17277875094097353,0.3982052457127873,0.22542649477181378,0.7510844129476476,0.7728343337888367,0.021749920841189097,0.1392473196837158,0.11679120918553633,-0.022456110498179457,0.0,0.0,0.0,2.1914893617021276,2.736842105263158,0.5453527435610304,0.696078431372549,0.6699029126213593,-0.02617551875118973,44,44.0,0.0
Wanliu,14,2,0.09000216206507229,0.09000216206507229,POST_HOC_DIAGNOSTIC_ONLY,0.14088271540191125,0.11612326997462058,-0.024759445427290666,0.028334774614825173,0.04641670678348496,0.018081932168659786,0.19850258573468763,0.3989030105363773,0.20040042480168965,0.7486134750118221,0.7736380565846905,0.025024581572868465,0.14088271540191125,0.11612326997462058,-0.024759445427290666,0.0,0.0,0.0,2.2888888888888888,2.736842105263158,0.4479532163742692,0.7254901960784313,0.6699029126213593,-0.05558728345707209,43,43.0,0.0
Wanliu,14,3,0.09000216206507229,0.09000216206507229,POST_HOC_DIAGNOSTIC_ONLY,0.13469590429773423,0.1144643885765011,-0.020231515721233134,0.029129570180969268,0.045867163050239246,0.016737592869269978,0.21388947064548997,0.3964474439589006,0.18255797331341062,0.7539221533794334,0.7761329482702778,0.022210794890844432,0.13469590429773423,0.1144643885765011,-0.020231515721233134,0.0,0.0,0.0,2.1914893617021276,2.810810810810811,0.6193214491086834,0.7156862745098039,0.6699029126213593,-0.045783361888444674,43,43.0,0.0
Wanliu,14,4,0.09000216206507229,0.09000216206507229,POST_HOC_DIAGNOSTIC_ONLY,0.12850788666489404,0.11452287439200518,-0.01398501227288887,0.03332134801091147,0.04571653540213676,0.01239518739122529,0.256995735334939,0.3980868464742768,0.14109111113933775,0.758903241302246,0.7767116899939056,0.01780844869165965,0.12850788666489404,0.11452287439200518,-0.01398501227288887,0.0,0.0,0.0,2.5121951219512195,2.736842105263158,0.22464698331193844,0.6862745098039216,0.6699029126213593,-0.016371597182562314,43,43.0,0.0
Wanliu,14,5,0.09000216206507229,0.09000216206507229,POST_HOC_DIAGNOSTIC_ONLY,0.11881073088726557,0.1151287896386492,-0.0036819412486163716,0.039005499530637554,0.046278582505792865,0.007273082975155311,0.3253291458912803,0.3988865107217979,0.07355736483051761,0.7695667110090431,0.7758506395849435,0.006283928575900433,0.11881073088726557,0.1151287896386492,-0.0036819412486163716,0.0,0.0,0.0,3.433333333333333,2.736842105263158,-0.6964912280701752,0.6764705882352942,0.6699029126213593,-0.006567675613934898,43,43.0,0.0
Wanliu,14,6,0.09000216206507229,0.09000216206507229,POST_HOC_DIAGNOSTIC_ONLY,0.12345862273123177,0.11520357090838529,-0.008255051822846485,0.037894727310741845,0.047185050258440615,0.00929032294769877,0.3030307743746863,0.40872816766378656,0.10569739328910027,0.7642623107383486,0.7703336674297717,0.006071356691423113,0.12345862273123177,0.11520357090838529,-0.008255051822846485,0.0,0.0,0.0,2.914285714285714,2.7837837837837838,-0.13050193050193037,0.7227722772277227,0.6568627450980392,-0.06590953212968353,44,44.0,0.0
Wanliu,14,7,0.09000216206507229,0.09000216206507229,POST_HOC_DIAGNOSTIC_ONLY,0.13291619418877307,0.11587593356314194,-0.017040260625631132,0.03417135234778611,0.04714569932629957,0.012974346978513462,0.25384713860468167,0.4116785522631991,0.15783141365851744,0.7533632650943951,0.7714110777569069,0.018047812662511764,0.13291619418877307,0.11587593356314194,-0.017040260625631132,0.0,0.0,0.0,2.372093023255814,2.7837837837837838,0.4116907605279696,0.7128712871287128,0.6666666666666666,-0.04620462046204621,44,44.0,0.0
Wanliu,14,8,0.09000216206507229,0.09000216206507229,POST_HOC_DIAGNOSTIC_ONLY,0.1408507750792442,0.11626912594094911,-0.024581649138295095,0.026367201297591483,0.04694574120976021,0.020578539912168726,0.18558938914186748,0.4012666593194161,0.2156772701775486,0.7448221735006656,0.7709902654914815,0.026168091990815934,0.1408507750792442,0.11626912594094911,-0.024581649138295095,0.0,0.0,0.0,2.4523809523809526,2.7837837837837838,0.3314028314028312,0.7254901960784313,0.6568627450980392,-0.06862745098039214,44,44.0,0.0
Wanliu,14,9,0.09000216206507229,0.09000216206507229,POST_HOC_DIAGNOSTIC_ONLY,0.14851372777556948,0.11534724931993201,-0.03316647845563747,0.02377639506078308,0.04714425645120785,0.023367861390424773,0.15878523062630806,0.4074867971778752,0.24870156655156717,0.7373853032301985,0.7719187069253367,0.03453340369513824,0.14851372777556948,0.11534724931993201,-0.03316647845563747,0.0,0.0,0.0,2.340909090909091,2.7837837837837838,0.44287469287469294,0.7254901960784313,0.6666666666666666,-0.05882352941176472,43,43.0,0.0
Wanliu,14,10,0.09000216206507229,0.09000216206507229,POST_HOC_DIAGNOSTIC_ONLY,0.15080417513625716,0.11535883790808955,-0.0354453372281676,0.021315967365566395,0.047143353767387895,0.0258273864018215,0.14000498800367991,0.4069442886337617,0.26693930063008176,0.7359736315225859,0.7735417309139312,0.03756809939134531,0.15080417513625716,0.11535883790808955,-0.0354453372281676,0.0,0.0,0.0,1.9074074074074074,2.7837837837837838,0.8763763763763763,0.7549019607843137,0.6568627450980392,-0.0980392156862745,44,44.0,0.0
Wanliu,14,11,0.09000216206507229,0.09000216206507229,POST_HOC_DIAGNOSTIC_ONLY,0.14448677508254532,0.11555485931053407,-0.02893191577201125,0.018810000818639528,0.04725222628604991,0.02844222546741038,0.12894259352868995,0.4104073208625222,0.2814647273338322,0.7448954634458699,0.7718914248323956,0.026995961386525713,0.14448677508254532,0.11555485931053407,-0.02893191577201125,0.0,0.0,0.0,2.340909090909091,2.7837837837837838,0.44287469287469294,0.6764705882352942,0.6666666666666666,-0.009803921568627527,44,44.0,0.0
Wanliu,14,12,0.09000216206507229,0.09000216206507229,POST_HOC_DIAGNOSTIC_ONLY,0.14513836009631734,0.11554037804192258,-0.02959798205439476,0.021584733008462514,0.04723451726023696,0.025649784251774447,0.14600962111365526,0.4035808840785414,0.2575712629648862,0.747186909195698,0.7717624070018604,0.024575497806162416,0.14513836009631734,0.11554037804192258,-0.02959798205439476,0.0,0.0,0.0,2.125,2.7567567567567566,0.6317567567567566,0.7227722772277227,0.6666666666666666,-0.05610561056105612,44,44.0,0.0
Wanliu,14,13,0.09000216206507229,0.09000216206507229,POST_HOC_DIAGNOSTIC_ONLY,0.14497341557452623,0.11647266613042918,-0.028500749444097043,0.021629793514087316,0.04742473715636346,0.025794943642276143,0.14669273918505077,0.41009123338123304,0.2633984941961823,0.7469774588717475,0.7713624372895701,0.02438497841782261,0.14497341557452623,0.11647266613042918,-0.028500749444097043,0.0,0.0,0.0,2.372093023255814,2.7837837837837838,0.4116907605279696,0.7425742574257426,0.6666666666666666,-0.07590759075907594,44,44.0,0.0
Wanshouxigong,6,0,0.06751245250063077,0.06751245250063077,POST_HOC_DIAGNOSTIC_ONLY,0.23357940472755312,0.17583207387753552,-0.0577473308500176,0.003637035688169108,0.03300571407901968,0.02936867839085057,0.015932630070596074,0.18150375368382937,0.16557112361323328,0.6306719059046786,0.7031272110732287,0.07245530516855014,0.23357940472755312,0.17583207387753552,-0.0577473308500176,0.0,0.0,0.0,1.872,2.1926605504587156,0.32066055045871544,0.776824034334764,0.6983471074380165,-0.07847692689674746,39,39.0,0.0
Wanshouxigong,6,1,0.06751245250063077,0.06751245250063077,POST_HOC_DIAGNOSTIC_ONLY,0.2438109897478293,0.1796717756234809,-0.06413921412434839,0.012046268683017232,0.03315639196019312,0.021110123277175888,0.05166597667375298,0.18939304121496434,0.13772706454121136,0.6255435998718666,0.7010776004727786,0.07553400060091198,0.2438109897478293,0.1796717756234809,-0.06413921412434839,0.0,0.0,0.0,1.9338842975206612,2.2110091743119265,0.2771248767912653,0.759656652360515,0.6942148760330579,-0.06544177632745718,40,40.0,0.0
Wanshouxigong,6,2,0.06751245250063077,0.06751245250063077,POST_HOC_DIAGNOSTIC_ONLY,0.2624927710156141,0.17995154497348767,-0.08254122604212641,0.01407372216577549,0.030782189139820636,0.01670846697404515,0.05464316609578949,0.17463854642766793,0.11999538033187845,0.6158031239137558,0.6988714336980371,0.08306830978428126,0.2624927710156141,0.17995154497348767,-0.08254122604212641,0.00423728813559322,0.0,-0.00423728813559322,1.9112903225806452,2.172727272727273,0.2614369501466276,0.7584745762711864,0.7024793388429752,-0.05599523742821122,40,40.0,0.0
Wanshouxigong,6,3,0.06751245250063077,0.06751245250063077,POST_HOC_DIAGNOSTIC_ONLY,0.25459851161416586,0.1792224686664922,-0.07537604294767367,-0.009480566621253617,0.033134561133897546,0.042615127755151166,-0.03695750334751941,0.17924428094959158,0.21620178429711098,0.6063701514346029,0.7011520116892249,0.09478186025462199,0.25459851161416586,0.1792224686664922,-0.07537604294767367,0.0,0.0,0.0,2.1363636363636362,2.171171171171171,0.03480753480753496,0.7136752136752137,0.6983471074380165,-0.015328106237197159,40,40.0,0.0
Wanshouxigong,6,4,0.06751245250063077,0.06751245250063077,POST_HOC_DIAGNOSTIC_ONLY,0.2445452095574199,0.1781893752682307,-0.0663558342891892,0.0023653441419651754,0.03196353093751135,0.029598186795546176,0.00957200869815139,0.18269640787122904,0.17312439917307765,0.619583487193729,0.7006760375692401,0.08109255037551111,0.2445452095574199,0.1781893752682307,-0.0663558342891892,0.0,0.0,0.0,1.949579831932773,2.1926605504587156,0.24308071852594249,0.7748917748917749,0.7012448132780082,-0.0736469616137666,39,39.0,0.0
Wanshouxigong,6,5,0.06751245250063077,0.06751245250063077,POST_HOC_DIAGNOSTIC_ONLY,0.23867170780088243,0.17640124202006616,-0.06227046578081627,0.016075297471859235,0.03350723351374151,0.017431936041882277,0.06685565443331648,0.18796370021015804,0.12110804577684156,0.6312608183569026,0.7026829175678265,0.0714220992109239,0.23867170780088243,0.17640124202006616,-0.06227046578081627,0.004310344827586207,0.0,-0.004310344827586207,1.9098360655737705,2.1818181818181817,0.27198211624441115,0.7844827586206896,0.6929460580912863,-0.09153670052940333,37,37.0,0.0
Wanshouxigong,7,0,0.06751245250063077,0.06751245250063077,POST_HOC_DIAGNOSTIC_ONLY,0.19420786095186424,0.15779841889610846,-0.036409442055755775,0.013744462445039837,0.0320131259126155,0.018268663467575663,0.07099445141142566,0.19526587748299568,0.12427142607157002,0.6756535094132553,0.7201362318115007,0.044482722398245356,0.19420786095186424,0.15779841889610846,-0.036409442055755775,0.0,0.0,0.0,1.9702970297029703,2.193548387096774,0.22325135739380375,0.7676767676767676,0.6908212560386473,-0.07685551163812032,41,41.0,0.0
Wanshouxigong,7,1,0.06751245250063077,0.06751245250063077,POST_HOC_DIAGNOSTIC_ONLY,0.21284988006758063,0.15860225320542948,-0.05424762686215115,0.009645221738915143,0.03060595827583284,0.020960736536917695,0.045016172861349714,0.18978961067054098,0.14477343780919127,0.6494567224611978,0.721556386556808,0.0720996640956102,0.21284988006758063,0.15860225320542948,-0.05424762686215115,0.0,0.0,0.0,2.051546391752577,2.1808510638297873,0.1293046720772102,0.7525252525252525,0.6859903381642513,-0.06653491436100123,41,41.0,0.0
Wanshouxigong,7,2,0.06751245250063077,0.06751245250063077,POST_HOC_DIAGNOSTIC_ONLY,0.23192999088872202,0.15687568016106646,-0.07505431072765556,0.00512395670501077,0.031042816456495655,0.025918859751484884,0.021970734010123602,0.20102813342246428,0.17905739941234067,0.6312173606067853,0.7217610340967688,0.09054367348998349,0.23192999088872202,0.15687568016106646,-0.07505431072765556,0.0,0.0,0.0,2.106382978723404,2.182795698924731,0.07641272020132694,0.7360406091370558,0.6859903381642513,-0.05005027097280457,39,39.0,0.0
Wanshouxigong,7,3,0.06751245250063077,0.06751245250063077,POST_HOC_DIAGNOSTIC_ONLY,0.23559773772233328,0.15659393363177,-0.07900380409056329,0.0003246735076859737,0.032467246135108284,0.03214257262742231,0.0013844509123296387,0.20863160676585926,0.20724715585352962,0.6390832766337463,0.7215816626482082,0.08249838601446191,0.23559773772233328,0.15659393363177,-0.07900380409056329,0.0,0.0,0.0,2.0833333333333335,2.193548387096774,0.11021505376344054,0.7537688442211056,0.6908212560386473,-0.06294758818245827,40,40.0,0.0
Wanshouxigong,7,4,0.06751245250063077,0.06751245250063077,POST_HOC_DIAGNOSTIC_ONLY,0.1996346399960862,0.15573509552962572,-0.043899544466460466,0.010778489016465595,0.03186825985658277,0.021089770840117178,0.05616149891620095,0.20464991024696222,0.14848841133076127,0.6613864413746723,0.7221309072959585,0.06074446592128624,0.1996346399960862,0.15573509552962572,-0.043899544466460466,0.0,0.0,0.0,2.0306122448979593,2.193548387096774,0.1629361421988147,0.7474747474747475,0.6908212560386473,-0.05665349143610021,40,40.0,0.0
Wanshouxigong,7,5,0.06751245250063077,0.06751245250063077,POST_HOC_DIAGNOSTIC_ONLY,0.1899155419438582,0.15774473255508442,-0.032170809388773786,0.00916809634097244,0.03141844525770101,0.02225034891672857,0.049197748956088555,0.20209585144956504,0.1528981024934765,0.6754263662674914,0.722588005662668,0.04716163939517659,0.1899155419438582,0.15774473255508442,-0.032170809388773786,0.0,0.0,0.0,1.9230769230769231,2.21978021978022,0.29670329670329676,0.7688442211055276,0.6908212560386473,-0.07802296506688033,40,40.0,0.0
Wanshouxigong,7,6,0.06751245250063077,0.06751245250063077,POST_HOC_DIAGNOSTIC_ONLY,0.1914920331819927,0.15626082716478762,-0.035231206017205086,0.01298085910287849,0.03081518965936932,0.017834330556490828,0.06658105457434443,0.19652178929335629,0.12994073471901185,0.6728192700692591,0.7207104392296367,0.04789116916037761,0.1914920331819927,0.15626082716478762,-0.035231206017205086,0.0,0.0,0.0,2.0202020202020203,2.241758241758242,0.22155622155622146,0.7587939698492462,0.6893203883495146,-0.0694735814997316,41,41.0,0.0
Wanshouxigong,8,0,0.06751245250063077,0.06751245250063077,POST_HOC_DIAGNOSTIC_ONLY,0.17358386923649394,0.14170781663214455,-0.03187605260434939,0.010276144828441485,0.030214253452514724,0.01993810862407324,0.059221620029466675,0.21679638300615542,0.15757476297668874,0.6926700150973374,0.7365925591017016,0.04392254400436424,0.17358386923649394,0.14170781663214455,-0.03187605260434939,0.0,0.0,0.0,1.9550561797752808,2.2125,0.2574438202247191,0.7456647398843931,0.6740331491712708,-0.0716315907131223,42,42.0,0.0
Wanshouxigong,8,1,0.06751245250063077,0.06751245250063077,POST_HOC_DIAGNOSTIC_ONLY,0.1896968112512278,0.1411572099903488,-0.048539601260879,0.021301503736800537,0.031091835042047003,0.009790331305246466,0.11401699109559607,0.2182408334557096,0.10422384236011353,0.6880074098650073,0.738243460546661,0.05023605068165371,0.1896968112512278,0.1411572099903488,-0.048539601260879,0.0,0.0,0.0,1.9659090909090908,2.2098765432098766,0.24396745230078576,0.7325581395348837,0.6795580110497238,-0.05300012848515989,41,41.0,0.0
Wanshouxigong,8,2,0.06751245250063077,0.06751245250063077,POST_HOC_DIAGNOSTIC_ONLY,0.18285947751299797,0.14290954655907565,-0.039949930953922325,0.023820127703151256,0.0305330237790866,0.006712896075935344,0.13461260313195458,0.21550531796212452,0.08089271483016994,0.6880697194305757,0.7352862701416318,0.04721655071105613,0.18285947751299797,0.14290954655907565,-0.039949930953922325,0.0,0.0,0.0,1.9772727272727273,2.182926829268293,0.20565410199556555,0.7514450867052023,0.6795580110497238,-0.07188707565547847,39,39.0,0.0
Wanshouxigong,8,3,0.06751245250063077,0.06751245250063077,POST_HOC_DIAGNOSTIC_ONLY,0.1778742103820146,0.14186260147112872,-0.03601160891088587,0.01680544828268488,0.031279953589272755,0.014474505306587875,0.09352182606400572,0.22068725005297732,0.1271654239889716,0.6828702979068515,0.7379084439006433,0.055038145993791754,0.1778742103820146,0.14186260147112872,-0.03601160891088587,0.0,0.0,0.0,2.1625,2.2125,0.04999999999999982,0.7209302325581395,0.6740331491712708,-0.04689708338686871,42,42.0,0.0
Wanshouxigong,8,4,0.06751245250063077,0.06751245250063077,POST_HOC_DIAGNOSTIC_ONLY,0.1728707162530681,0.14267135802580702,-0.03019935822726108,0.015174338444405173,0.03152954860779262,0.016355210163387444,0.08709788709681458,0.2183312274123988,0.1312333403155842,0.6895245031781023,0.7373799535718315,0.04785545039372918,0.1728707162530681,0.14267135802580702,-0.03019935822726108,0.0,0.0,0.0,2.1097560975609757,2.2222222222222223,0.11246612466124661,0.7151162790697675,0.6795580110497238,-0.03555826802004369,42,42.0,0.0
Wanshouxigong,8,5,0.06751245250063077,0.06751245250063077,POST_HOC_DIAGNOSTIC_ONLY,0.1763610362286174,0.1411172326328392,-0.035243803595778195,0.0017219526119274982,0.029619413102500037,0.02789746049057254,0.009717291485719733,0.20797535565198072,0.198258064166261,0.6869369146206505,0.737768824156862,0.05083190953621142,0.1763610362286174,0.1411172326328392,-0.035243803595778195,0.0,0.0,0.0,2.0595238095238093,2.185185185185185,0.1256613756613758,0.7267441860465116,0.6850828729281768,-0.041661313118334764,40,40.0,0.0
Wanshouxigong,8,6,0.06751245250063077,0.06751245250063077,POST_HOC_DIAGNOSTIC_ONLY,0.18785085066838825,0.13987891569506392,-0.04797193497332433,3.659180221801451e-06,0.030855585752982164,0.03085192657276036,1.9223063048944004e-05,0.21727181432910384,0.2172525912660549,0.6739152400581843,0.7363108423996845,0.06239560234150021,0.18785085066838825,0.13987891569506392,-0.04797193497332433,0.0,0.0,0.0,2.023529411764706,2.2125,0.1889705882352941,0.7777777777777778,0.6833333333333333,-0.09444444444444444,42,42.0,0.0
Wanshouxigong,8,7,0.06751245250063077,0.06751245250063077,POST_HOC_DIAGNOSTIC_ONLY,0.17888871588933497,0.1394879099835899,-0.03940080590574507,0.010042297198762725,0.03233929192300088,0.022296994724238156,0.05578975247641933,0.2323503373079366,0.17656058483151726,0.6772839599351471,0.736355263599278,0.059071303664130936,0.17888871588933497,0.1394879099835899,-0.03940080590574507,0.0,0.0,0.0,2.0843373493975905,2.225,0.14066265060240957,0.75,0.6777777777777778,-0.07222222222222219,41,41.0,0.0
Wanshouxigong,9,0,0.06751245250063077,0.06751245250063077,POST_HOC_DIAGNOSTIC_ONLY,0.14712229552767433,0.12687149701839834,-0.020250798509275997,0.016353001323004077,0.029229591885226933,0.012876590562222855,0.11084753275784492,0.23303656463641828,0.12218903187857336,0.7214744658948156,0.7512965615302631,0.029822095635447576,0.14712229552767433,0.12687149701839834,-0.020250798509275997,0.0,0.0,0.0,2.012987012987013,2.23943661971831,0.22644960673129688,0.7207792207792207,0.6645962732919255,-0.05618294748729524,40,40.0,0.0
Wanshouxigong,9,1,0.06751245250063077,0.06751245250063077,POST_HOC_DIAGNOSTIC_ONLY,0.15565763460693183,0.12800883338994062,-0.027648801216991203,0.019476028915053258,0.030651082099663166,0.011175053184609908,0.1240133769969799,0.2413801860634454,0.11736680906646552,0.7111867980784856,0.7505433037143159,0.03935650563583026,0.15565763460693183,0.12800883338994062,-0.027648801216991203,0.0,0.0,0.0,1.9125,2.260869565217391,0.34836956521739104,0.756578947368421,0.6708074534161491,-0.0857714939522719,42,42.0,0.0
Wanshouxigong,9,2,0.06751245250063077,0.06751245250063077,POST_HOC_DIAGNOSTIC_ONLY,0.157707757191065,0.12872760129617972,-0.028980155894885284,0.018816278742163146,0.030486141162978004,0.011669862420814858,0.11803021855900153,0.24355587685531208,0.12552565829631054,0.7130529447664862,0.750784285449645,0.037731340683158865,0.157707757191065,0.12872760129617972,-0.028980155894885284,0.0,0.0,0.0,1.9375,2.242857142857143,0.3053571428571429,0.7662337662337663,0.6708074534161491,-0.09542631281761715,42,42.0,0.0
Wanshouxigong,9,3,0.06751245250063077,0.06751245250063077,POST_HOC_DIAGNOSTIC_ONLY,0.16371432288960128,0.1288455948306456,-0.03486872805895569,0.012964064595585465,0.029155514064349144,0.016191449468763677,0.07999703144844472,0.22571699805309725,0.14571996660465253,0.7068487148218834,0.7509526417524895,0.04410392693060616,0.16371432288960128,0.1288455948306456,-0.03486872805895569,0.0,0.0,0.0,1.9125,2.2142857142857144,0.3017857142857143,0.7631578947368421,0.6708074534161491,-0.09235044132069303,41,41.0,0.0
Wanshouxigong,9,4,0.06751245250063077,0.06751245250063077,POST_HOC_DIAGNOSTIC_ONLY,0.17123937657406932,0.12982659322239729,-0.04141278335167203,0.004334180958892691,0.029746800994711442,0.02541262003581875,0.025334106578333227,0.23543053636199696,0.21009642978366372,0.6923000475235762,0.7459271403013051,0.053627092777728924,0.17123937657406932,0.12982659322239729,-0.04141278335167203,0.0,0.0,0.0,2.0684931506849313,2.2285714285714286,0.1600782778864973,0.7,0.66875,-0.03125,44,44.0,0.0
Wanshouxigong,9,5,0.06751245250063077,0.06751245250063077,POST_HOC_DIAGNOSTIC_ONLY,0.17383234558091362,0.12978954938627954,-0.04404279619463408,-0.0004699081713408432,0.029841435718426828,0.03031134388976767,-0.0026741588333075335,0.2352868322962291,0.23796099112953664,0.6854577631668654,0.7458502731657008,0.0603925099988355,0.17383234558091362,0.12978954938627954,-0.04404279619463408,0.0,0.0,0.0,2.3968253968253967,2.1690140845070425,-0.22781131231835428,0.6733333333333333,0.66875,-0.004583333333333384,37,37.0,0.0
Wanshouxigong,9,6,0.06751245250063077,0.06751245250063077,POST_HOC_DIAGNOSTIC_ONLY,0.16457775424508236,0.12952876105891015,-0.03504899318617222,0.007467294486355215,0.029935043171198047,0.02246774868484283,0.04527239507871134,0.23405997863442532,0.18878758355571398,0.694242747892686,0.747567681240786,0.05332493334809996,0.16457775424508236,0.12952876105891015,-0.03504899318617222,0.0,0.0,0.0,2.0684931506849313,2.1971830985915495,0.12868994790661814,0.7333333333333333,0.66875,-0.06458333333333333,45,45.0,0.0
Wanshouxigong,9,7,0.06751245250063077,0.06751245250063077,POST_HOC_DIAGNOSTIC_ONLY,0.15107347750877634,0.13074889115252533,-0.020324586356251007,0.01972296497741712,0.028467087470991675,0.008744122493574556,0.13153250326915414,0.22276881736236842,0.09123631409321428,0.7080922848475464,0.7471597984012981,0.03906751355375171,0.15107347750877634,0.13074889115252533,-0.020324586356251007,0.0,0.0,0.0,1.876543209876543,2.211267605633803,0.3347243957572599,0.7549668874172185,0.6625,-0.09246688741721854,40,40.0,0.0
Wanshouxigong,9,8,0.06751245250063077,0.06751245250063077,POST_HOC_DIAGNOSTIC_ONLY,0.14125563954350598,0.12849917842101194,-0.01275646112249404,0.02275154065832392,0.030061998804342648,0.007310458146018727,0.16317248677804438,0.23526097574935315,0.07208848897130876,0.7132251937491121,0.748159999594862,0.03493480584574993,0.14125563954350598,0.12849917842101194,-0.01275646112249404,0.0,0.0,0.0,2.013157894736842,2.246376811594203,0.23321891685736107,0.7368421052631579,0.6625,-0.07434210526315788,45,45.0,0.0
Wanshouxigong,10,0,0.06751245250063077,0.06751245250063077,POST_HOC_DIAGNOSTIC_ONLY,0.17487339557763318,0.12192070284625457,-0.052952692731378606,0.01338905389803619,0.029722887945721966,0.016333834047685777,0.07577638900388349,0.24317490590165913,0.16739851689777563,0.7109535235946469,0.7589959741838924,0.0480424505892455,0.17487339557763318,0.12192070284625457,-0.052952692731378606,0.0,0.0,0.0,1.8831168831168832,2.3174603174603177,0.4343434343434345,0.7638888888888888,0.696551724137931,-0.06733716475095786,42,42.0,0.0
Wanshouxigong,10,1,0.06751245250063077,0.06751245250063077,POST_HOC_DIAGNOSTIC_ONLY,0.17408492347812685,0.12169522875710899,-0.05238969472101786,0.014164598385652217,0.030172214718224757,0.01600761633257254,0.08057883362377319,0.24986989720665076,0.16929106358287757,0.7096474131831519,0.7600435509367865,0.05039613775363461,0.17408492347812685,0.12169522875710899,-0.05238969472101786,0.0,0.0,0.0,2.1323529411764706,2.3225806451612905,0.19022770398481992,0.7222222222222222,0.7034482758620689,-0.018773946360153282,40,40.0,0.0
Wanshouxigong,10,2,0.06751245250063077,0.06751245250063077,POST_HOC_DIAGNOSTIC_ONLY,0.1553413703378659,0.12177943176026426,-0.03356193857760165,0.02145001492874525,0.030440394321549914,0.008990379392804664,0.13825621559524454,0.25024746888553817,0.11199125329029364,0.716290695797111,0.756414887137946,0.040124191340835,0.1553413703378659,0.12177943176026426,-0.03356193857760165,0.0,0.0,0.0,1.8571428571428572,2.3225806451612905,0.4654377880184333,0.7605633802816901,0.7013888888888888,-0.05917449139280129,41,41.0,0.0
Wanshouxigong,10,3,0.06751245250063077,0.06751245250063077,POST_HOC_DIAGNOSTIC_ONLY,0.15906734181902363,0.12012456672638261,-0.03894277509264102,0.01608964954478318,0.031752192520285404,0.015662542975502222,0.10055020746246646,0.27047456074493903,0.16992435328247257,0.7116814162166741,0.7584853420308469,0.04680392581417281,0.15906734181902363,0.12012456672638261,-0.03894277509264102,0.0,0.0,0.0,1.9066666666666667,2.3225806451612905,0.41591397849462375,0.7605633802816901,0.6944444444444444,-0.06611893583724571,44,44.0,0.0
Wanshouxigong,10,4,0.06751245250063077,0.06751245250063077,POST_HOC_DIAGNOSTIC_ONLY,0.15985981674754896,0.12057775335675058,-0.03928206339079837,0.017679189820087537,0.031142215866524915,0.013463026046437378,0.10995219590222699,0.258790450817606,0.148838254915379,0.7213117209630009,0.757353688061051,0.036041967098050076,0.15985981674754896,0.12057775335675058,-0.03928206339079837,0.0,0.0,0.0,1.8227848101265822,2.360655737704918,0.5378709275783358,0.7832167832167832,0.6944444444444444,-0.08877233877233881,43,43.0,0.0
Wanshouxigong,10,5,0.06751245250063077,0.06751245250063077,POST_HOC_DIAGNOSTIC_ONLY,0.15175987779135214,0.12082837637705754,-0.0309315014142946,0.021670836045126405,0.031154863186288153,0.009484027141161748,0.14204004459614655,0.2601744470293133,0.11813440243316675,0.7302198035228801,0.7586390164138005,0.02841921289092042,0.15175987779135214,0.12082837637705754,-0.0309315014142946,0.0,0.0,0.0,1.9726027397260273,2.338709677419355,0.3661069376933277,0.7762237762237763,0.7013888888888888,-0.07483488733488741,42,42.0,0.0
Wanshouxigong,10,6,0.06751245250063077,0.06751245250063077,POST_HOC_DIAGNOSTIC_ONLY,0.15381516984971974,0.12085607245676705,-0.03295909739295269,0.02535712064345205,0.03185378451564507,0.006496663872193022,0.1636038218177461,0.26116922452838803,0.09756540271064193,0.7283678540024043,0.7578519361260003,0.02948408212359599,0.15381516984971974,0.12085607245676705,-0.03295909739295269,0.0,0.0,0.0,2.0869565217391304,2.3442622950819674,0.257305773342837,0.7622377622377622,0.6944444444444444,-0.06779331779331776,42,42.0,0.0
Wanshouxigong,10,7,0.06751245250063077,0.06751245250063077,POST_HOC_DIAGNOSTIC_ONLY,0.15092438394721072,0.11927321124843833,-0.03165117269877239,0.026503804280302953,0.03058518359025605,0.0040813793099530975,0.1739681600297537,0.26067869561373247,0.08671053558397876,0.7307129968280952,0.7596467583227662,0.028933761494670973,0.15092438394721072,0.11927321124843833,-0.03165117269877239,0.0,0.0,0.0,2.0869565217391304,2.338709677419355,0.2517531556802246,0.7202797202797203,0.6944444444444444,-0.025835275835275895,41,41.0,0.0
Wanshouxigong,10,8,0.06751245250063077,0.06751245250063077,POST_HOC_DIAGNOSTIC_ONLY,0.15308343051539716,0.11933029344502478,-0.03375313707037238,0.023046814680263008,0.031214113886396395,0.008167299206133388,0.14912540077922729,0.2677369691716473,0.11861156839242001,0.7281561505156081,0.7605629020343301,0.032406751518721966,0.15308343051539716,0.11933029344502478,-0.03375313707037238,0.0,0.0,0.0,2.1176470588235294,2.338709677419355,0.22106261859582554,0.6993006993006993,0.7013888888888888,0.0020881895881895707,44,44.0,0.0
Wanshouxigong,10,9,0.06751245250063077,0.06751245250063077,POST_HOC_DIAGNOSTIC_ONLY,0.16362757292754054,0.12042277375515938,-0.04320479917238117,0.015824648832892082,0.030165389298876615,0.014340740465984533,0.09586898732034851,0.2550594294569368,0.1591904421365883,0.7181047390566666,0.7597217185149477,0.041616979458281134,0.16362757292754054,0.12042277375515938,-0.04320479917238117,0.0,0.0,0.0,2.0,2.3442622950819674,0.3442622950819674,0.7412587412587412,0.6944444444444444,-0.04681429681429683,44,44.0,0.0
Wanshouxigong,11,0,0.06751245250063077,0.06751245250063077,POST_HOC_DIAGNOSTIC_ONLY,0.15537086210619588,0.11370617445072988,-0.04166468765546601,0.007690883733739978,0.030438580492157006,0.02274769675841703,0.04910877961644294,0.266146672246519,0.21703789263007606,0.7187307490126779,0.7646141603001128,0.045883411287434894,0.15537086210619588,0.11370617445072988,-0.04166468765546601,0.0,0.0,0.0,1.8571428571428572,2.3392857142857144,0.4821428571428572,0.7829457364341085,0.6946564885496184,-0.08828924788449011,42,42.0,0.0
Wanshouxigong,11,1,0.06751245250063077,0.06751245250063077,POST_HOC_DIAGNOSTIC_ONLY,0.14987778087135437,0.11156188062341807,-0.038315900247936296,0.011623098506318366,0.031189171578851305,0.01956607307253294,0.07692236213078138,0.27394527095481397,0.1970229088240326,0.7275946158738913,0.7667871525713723,0.03919253669748102,0.14987778087135437,0.11156188062341807,-0.038315900247936296,0.0,0.0,0.0,1.8309859154929577,2.3392857142857144,0.5082997987927567,0.7209302325581395,0.6870229007633588,-0.03390733179478067,43,43.0,0.0
Wanshouxigong,11,2,0.06751245250063077,0.06751245250063077,POST_HOC_DIAGNOSTIC_ONLY,0.1468597994841661,0.11319233548948131,-0.0336674639946848,0.014481316550899154,0.029670502295382678,0.015189185744483524,0.0979547665146538,0.267036406459086,0.1690816399444322,0.735695505948398,0.7661270547843243,0.030431548835926248,0.1468597994841661,0.11319233548948131,-0.0336674639946848,0.0,0.0,0.0,2.0793650793650795,2.3392857142857144,0.2599206349206349,0.7538461538461538,0.6946564885496184,-0.059189665296535465,42,42.0,0.0
Wanshouxigong,11,3,0.06751245250063077,0.06751245250063077,POST_HOC_DIAGNOSTIC_ONLY,0.14101562392165037,0.11260980464618872,-0.028405819275461652,0.012887962468451992,0.02973291025941816,0.016844947790966167,0.09092862925394432,0.26372194524825493,0.1727933159943106,0.7402885067434423,0.7654816569596501,0.025193150216207827,0.14101562392165037,0.11260980464618872,-0.028405819275461652,0.0,0.0,0.0,2.2203389830508473,2.3392857142857144,0.1189467312348671,0.7307692307692307,0.6946564885496184,-0.03611274221961236,43,43.0,0.0
Wanshouxigong,11,4,0.06751245250063077,0.06751245250063077,POST_HOC_DIAGNOSTIC_ONLY,0.13751151675068726,0.1121473786690413,-0.025364138081645962,0.024261913612769144,0.030007578064907062,0.005745664452137918,0.17512636810698656,0.26795094198397557,0.092824573876989,0.7426764400010701,0.7671770588957632,0.024500618894693016,0.13751151675068726,0.1121473786690413,-0.025364138081645962,0.0,0.0,0.0,2.1475409836065573,2.4,0.2524590163934426,0.6846153846153846,0.6870229007633588,0.002407516147974187,43,43.0,0.0
Wanshouxigong,11,5,0.06751245250063077,0.06751245250063077,POST_HOC_DIAGNOSTIC_ONLY,0.1439068102704121,0.11170599303238743,-0.032200817238024676,0.03282551230034739,0.030476974448296126,-0.0023485378520512606,0.22609291432875758,0.27117593948421154,0.045083025155453954,0.7358410221738636,0.7671077046620763,0.03126668248821274,0.1439068102704121,0.11170599303238743,-0.032200817238024676,0.0,0.0,0.0,2.2203389830508473,2.381818181818182,0.16147919876733452,0.7384615384615385,0.6870229007633588,-0.05143863769817969,42,42.0,0.0
Wanshouxigong,11,6,0.06751245250063077,0.06751245250063077,POST_HOC_DIAGNOSTIC_ONLY,0.14511974309015824,0.1137668709554761,-0.031352872134682144,0.02883688169980322,0.02959543271886973,0.0007585510190665085,0.19678905617450076,0.2608302080086488,0.06404115183414805,0.7369232849310284,0.7657867958868446,0.028863510955816185,0.14511974309015824,0.1137668709554761,-0.031352872134682144,0.0,0.0,0.0,1.8714285714285714,2.381818181818182,0.5103896103896104,0.7076923076923077,0.6946564885496184,-0.013035819142689364,44,44.0,0.0
Wanshouxigong,11,7,0.06751245250063077,0.06751245250063077,POST_HOC_DIAGNOSTIC_ONLY,0.146019815857995,0.11282019144989829,-0.03319962440809672,0.02299566829285851,0.02993549126758905,0.006939822974730541,0.15567613592417762,0.2575819082795613,0.10190577235538367,0.7369210792614351,0.7661024805292742,0.02918140126783908,0.146019815857995,0.11282019144989829,-0.03319962440809672,0.0,0.0,0.0,1.9848484848484849,2.381818181818182,0.396969696969697,0.7461538461538462,0.6946564885496184,-0.0514973576042278,42,42.0,0.0
Wanshouxigong,11,8,0.06751245250063077,0.06751245250063077,POST_HOC_DIAGNOSTIC_ONLY,0.14977005143578564,0.11216038334366263,-0.037609668092123016,0.015080760345851896,0.030352666324529615,0.01527190597867772,0.09943999405961323,0.26922001916427074,0.1697800251046575,0.7320985822898974,0.7675885692760979,0.03548998698620043,0.14977005143578564,0.11216038334366263,-0.037609668092123016,0.0,0.0,0.0,1.955223880597015,2.381818181818182,0.4265943012211668,0.7538461538461538,0.6870229007633588,-0.06682325308279502,43,43.0,0.0
Wanshouxigong,11,9,0.06751245250063077,0.06751245250063077,POST_HOC_DIAGNOSTIC_ONLY,0.15502328823423922,0.11181367537029553,-0.04320961286394369,0.008630076214661341,0.03134975759503374,0.022719681380372402,0.055045765978640464,0.28105206665297217,0.2260063006743317,0.7256654849281968,0.7688906008297971,0.043225115901600275,0.15502328823423922,0.11181367537029553,-0.04320961286394369,0.0,0.0,0.0,2.0153846153846153,2.381818181818182,0.3664335664335665,0.7153846153846154,0.6870229007633588,-0.028361714621256584,43,43.0,0.0
Wanshouxigong,11,10,0.06751245250063077,0.06751245250063077,POST_HOC_DIAGNOSTIC_ONLY,0.13513245738433521,0.11137045584842377,-0.023762001535911445,0.015091090305570586,0.030987366058106782,0.015896275752536194,0.1102653110854407,0.2796802870093505,0.1694149759239098,0.7300792893200194,0.7651963238895546,0.03511703456953519,0.13513245738433521,0.11137045584842377,-0.023762001535911445,0.0,0.0,0.0,2.015625,2.4074074074074074,0.39178240740740744,0.7265625,0.6923076923076923,-0.03425480769230771,43,43.0,0.0
Wanshouxigong,12,0,0.06751245250063077,0.06751245250063077,POST_HOC_DIAGNOSTIC_ONLY,0.1350932072210118,0.10593103230225039,-0.029162174918761427,0.01971666157812561,0.028401246531405733,0.008684584953280124,0.14407622996745173,0.2776322533376569,0.13355602337020517,0.7504893414968009,0.7707764386160054,0.02028709711920451,0.1350932072210118,0.10593103230225039,-0.029162174918761427,0.0,0.0,0.0,2.0,2.3529411764705883,0.3529411764705883,0.7647058823529411,0.6833333333333333,-0.08137254901960778,44,44.0,0.0
Wanshouxigong,12,1,0.06751245250063077,0.06751245250063077,POST_HOC_DIAGNOSTIC_ONLY,0.15031532558616778,0.10719990273203603,-0.04311542285413175,0.022946975265532424,0.02780168467141844,0.0048547094058860145,0.15043616698084036,0.26639915120435465,0.11596298422351428,0.7324181479872179,0.7698764294049775,0.03745828141775953,0.15031532558616778,0.10719990273203603,-0.04311542285413175,0.0,0.0,0.0,2.1818181818181817,2.3333333333333335,0.15151515151515182,0.6890756302521008,0.6833333333333333,-0.005742296918767487,43,43.0,0.0
Wanshouxigong,12,2,0.06751245250063077,0.06751245250063077,POST_HOC_DIAGNOSTIC_ONLY,0.14752073992186704,0.10777757916491026,-0.039743160756956775,0.019484678703667196,0.02928370887414934,0.009799030170482143,0.13054626056445195,0.2730667754786666,0.14252051491421464,0.7182071178364887,0.7700890147738719,0.05188189693738321,0.14752073992186704,0.10777757916491026,-0.039743160756956775,0.0,0.0,0.0,2.2264150943396226,2.38,0.1535849056603773,0.6837606837606838,0.6833333333333333,-0.00042735042735042583,43,43.0,0.0
Wanshouxigong,12,3,0.06751245250063077,0.06751245250063077,POST_HOC_DIAGNOSTIC_ONLY,0.14177654497880635,0.1069777140776122,-0.03479883090119415,0.02396368870171988,0.029278248646003705,0.005314559944283825,0.16656225012140283,0.28121868896817853,0.1146564388467757,0.726880343356982,0.7720292016816699,0.045148858324687846,0.14177654497880635,0.1069777140776122,-0.03479883090119415,0.0,0.0,0.0,2.016949152542373,2.3529411764705883,0.3359920239282155,0.6864406779661016,0.6916666666666667,0.00522598870056501,44,44.0,0.0
Wanshouxigong,12,4,0.06751245250063077,0.06751245250063077,POST_HOC_DIAGNOSTIC_ONLY,0.13548672308073748,0.1065292990071851,-0.028957424073552382,0.023160946582226623,0.029051746171385832,0.00589079958915921,0.17043349996090004,0.26953485784191294,0.0991013578810129,0.7379339961441193,0.7730577876357826,0.035123791491663336,0.13548672308073748,0.1065292990071851,-0.028957424073552382,0.0,0.0,0.0,2.3333333333333335,2.372549019607843,0.039215686274509665,0.7203389830508474,0.6833333333333333,-0.03700564971751408,43,43.0,0.0
Wanshouxigong,12,5,0.06751245250063077,0.06751245250063077,POST_HOC_DIAGNOSTIC_ONLY,0.13200903180721957,0.10616061148782929,-0.025848420319390275,0.018925733515362912,0.02901082652267828,0.010085093007315367,0.14379752541612542,0.27434818658235643,0.130550661166231,0.7420730803346404,0.7738119195312491,0.03173883919660869,0.13200903180721957,0.10616061148782929,-0.025848420319390275,0.0,0.0,0.0,2.1636363636363636,2.4,0.23636363636363633,0.7542372881355932,0.6833333333333333,-0.07090395480225986,42,42.0,0.0
Wanshouxigong,12,6,0.06751245250063077,0.06751245250063077,POST_HOC_DIAGNOSTIC_ONLY,0.1342377178219324,0.10548889244864675,-0.028748825373285644,0.017794266162436564,0.03028594111357767,0.012491674951141105,0.13070850197156825,0.2822483760229121,0.15153987405134384,0.7472905806944858,0.7745101127919238,0.027219532097437993,0.1342377178219324,0.10548889244864675,-0.028748825373285644,0.0,0.0,0.0,2.0338983050847457,2.372549019607843,0.3386507145230975,0.7394957983193278,0.6916666666666667,-0.04782913165266112,42,42.0,0.0
Wanshouxigong,12,7,0.06751245250063077,0.06751245250063077,POST_HOC_DIAGNOSTIC_ONLY,0.13309410134129887,0.10454939847452342,-0.028544702866775448,0.010453201689891776,0.030267770094076475,0.019814568404184697,0.07735976932523005,0.2911742363986645,0.2138144670734345,0.7464807706262413,0.7753173536754726,0.028836583049231312,0.13309410134129887,0.10454939847452342,-0.028544702866775448,0.0,0.0,0.0,1.875,2.372549019607843,0.49754901960784315,0.7310924369747899,0.6833333333333333,-0.047759103641456524,44,44.0,0.0
Wanshouxigong,12,8,0.06751245250063077,0.06751245250063077,POST_HOC_DIAGNOSTIC_ONLY,0.12277590417371058,0.10433958424767292,-0.018436319926037656,0.013529243321621885,0.02981917586439901,0.016289932542777125,0.10872362923918595,0.286750754578757,0.17802712533957105,0.7552950077571752,0.7753351735545856,0.020040165797410414,0.12277590417371058,0.10433958424767292,-0.018436319926037656,0.0,0.0,0.0,1.791044776119403,2.4489795918367347,0.6579348157173317,0.773109243697479,0.6833333333333333,-0.08977591036414567,44,44.0,0.0
Wanshouxigong,12,9,0.06751245250063077,0.06751245250063077,POST_HOC_DIAGNOSTIC_ONLY,0.12101216143508117,0.1030245791498586,-0.01798758228522257,0.01153468877874378,0.028805788342040093,0.01727109956329631,0.09427893169796643,0.2735396742041704,0.179260742506204,0.7590446131485802,0.7773232193768699,0.018278606228289696,0.12101216143508117,0.1030245791498586,-0.01798758228522257,0.0,0.0,0.0,2.0,2.38,0.3799999999999999,0.7478991596638656,0.6833333333333333,-0.0645658263305322,43,43.0,0.0
Wanshouxigong,12,10,0.06751245250063077,0.06751245250063077,POST_HOC_DIAGNOSTIC_ONLY,0.12853214637468738,0.10469263192893183,-0.02383951444575555,0.01025012379717993,0.029555186727192814,0.019305062930012884,0.07878447737596117,0.2831016994525769,0.20431722207661573,0.752154559992307,0.7707356066444385,0.01858104665213156,0.12853214637468738,0.10469263192893183,-0.02383951444575555,0.0,0.0,0.0,1.9833333333333334,2.4,0.4166666666666665,0.788135593220339,0.680672268907563,-0.10746332431277594,43,43.0,0.0
Wanshouxigong,12,11,0.06751245250063077,0.06751245250063077,POST_HOC_DIAGNOSTIC_ONLY,0.12848977811888454,0.10527963497072344,-0.023210143148161097,0.01617946860062473,0.029462734017011476,0.013283265416386747,0.12391891199312058,0.28242028186656826,0.15850136987344768,0.7532035446321288,0.7699139085856973,0.016710363953568508,0.12848977811888454,0.10527963497072344,-0.023210143148161097,0.0,0.0,0.0,2.125,2.3529411764705883,0.2279411764705883,0.7796610169491526,0.680672268907563,-0.09898874804158952,42,42.0,0.0
Wanshouxigong,13,0,0.06751245250063077,0.06751245250063077,POST_HOC_DIAGNOSTIC_ONLY,0.1281405238865208,0.09983795301323783,-0.028302570873282973,0.01609011038612824,0.02814267909258252,0.012052568706454277,0.12306121630908796,0.2836743117641464,0.16061309545505847,0.7463426177359834,0.7787785642443102,0.03243594650832682,0.1281405238865208,0.09983795301323783,-0.028302570873282973,0.0,0.0,0.0,2.037037037037037,2.382978723404255,0.345941686367218,0.7522935779816514,0.6756756756756757,-0.07661790230597576,44,44.0,0.0
Wanshouxigong,13,1,0.06751245250063077,0.06751245250063077,POST_HOC_DIAGNOSTIC_ONLY,0.1191858715558549,0.09959016031885867,-0.01959571123699623,0.020424151049125438,0.028003834678932856,0.007579683629807418,0.16945614256649152,0.285113842202197,0.11565769963570546,0.7553858488478576,0.7804018892200604,0.02501604037220273,0.1191858715558549,0.09959016031885867,-0.01959571123699623,0.0,0.0,0.0,1.9642857142857142,2.391304347826087,0.4270186335403727,0.7431192660550459,0.6756756756756757,-0.0674435903793702,43,43.0,0.0
Wanshouxigong,13,2,0.06751245250063077,0.06751245250063077,POST_HOC_DIAGNOSTIC_ONLY,0.12137254315108009,0.09940275957496784,-0.021969783576112248,0.019155343943468833,0.027969746412817163,0.00881440246934833,0.1569042989051631,0.28198118049823084,0.12507688159306773,0.7550400189617739,0.7805417526199229,0.025501733658149006,0.12137254315108009,0.09940275957496784,-0.021969783576112248,0.0,0.0,0.0,1.8644067796610169,2.3617021276595747,0.4972953479985578,0.7706422018348624,0.6756756756756757,-0.09496652615918677,42,42.0,0.0
Wanshouxigong,13,3,0.06751245250063077,0.06751245250063077,POST_HOC_DIAGNOSTIC_ONLY,0.13160094433393119,0.09902493316236641,-0.03257601117156478,0.016365652644155883,0.028649620203444606,0.012283967559288723,0.12454117266488897,0.27904401514436467,0.1545028424794757,0.7508555594540418,0.7807430387591382,0.029887479305096387,0.13160094433393119,0.09902493316236641,-0.03257601117156478,0.0,0.0,0.0,1.896551724137931,2.3617021276595747,0.4651504035216436,0.7339449541284404,0.6756756756756757,-0.05826927845276475,43,43.0,0.0
Wanshouxigong,13,4,0.06751245250063077,0.06751245250063077,POST_HOC_DIAGNOSTIC_ONLY,0.13280439171265276,0.09881840741763738,-0.033985984295015384,0.013448328371047659,0.028040817773713617,0.014592489402665958,0.10123184173340427,0.279343133139209,0.17811129140580473,0.7446131782291427,0.7817311712579588,0.03711799302881602,0.13280439171265276,0.09881840741763738,-0.033985984295015384,0.0,0.0,0.0,1.9642857142857142,2.3617021276595747,0.39741641337386047,0.7339449541284404,0.6756756756756757,-0.05826927845276475,44,44.0,0.0
Wanshouxigong,13,5,0.06751245250063077,0.06751245250063077,POST_HOC_DIAGNOSTIC_ONLY,0.12539548495130567,0.09756742506172278,-0.027828059889582896,0.016893508335605215,0.028436789156128756,0.011543280820523541,0.13356091515607213,0.2790218171412783,0.1454609019852062,0.7551111643289513,0.7832455054608162,0.02813434113186486,0.12539548495130567,0.09756742506172278,-0.027828059889582896,0.0,0.0,0.0,1.85,2.3617021276595747,0.5117021276595746,0.7272727272727273,0.6756756756756757,-0.051597051597051635,44,44.0,0.0
Wanshouxigong,13,6,0.06751245250063077,0.06751245250063077,POST_HOC_DIAGNOSTIC_ONLY,0.1227226108239082,0.09944882064340946,-0.023273790180498743,0.01423236324775193,0.02861116384017029,0.01437880059241836,0.11434567510125111,0.2847237358505233,0.1703780607492722,0.7556658698967136,0.7766557482135155,0.02098987831680188,0.1227226108239082,0.09944882064340946,-0.023273790180498743,0.0,0.0,0.0,1.9642857142857142,2.391304347826087,0.4270186335403727,0.7614678899082569,0.6818181818181818,-0.0796497080900751,42,42.0,0.0
Wanshouxigong,13,7,0.06751245250063077,0.06751245250063077,POST_HOC_DIAGNOSTIC_ONLY,0.12347913548859442,0.09948598946688532,-0.0239931460217091,0.011069783547606534,0.03093985595543853,0.019870072407831993,0.08856575906092279,0.3099642596504255,0.22139850058950272,0.7556851305417094,0.7772579015671202,0.021572771025410775,0.12347913548859442,0.09948598946688532,-0.0239931460217091,0.0,0.0,0.0,2.037037037037037,2.422222222222222,0.38518518518518485,0.7522935779816514,0.6818181818181818,-0.07047539616346965,43,43.0,0.0
Wanshouxigong,13,8,0.06751245250063077,0.06751245250063077,POST_HOC_DIAGNOSTIC_ONLY,0.12529430175922884,0.09972882580007171,-0.025565475959157133,0.011055502761243985,0.030401883439916958,0.019346380678672975,0.08673655599691896,0.3049917198482006,0.21825516385128166,0.7538831571597845,0.7766860294033094,0.022802872243524952,0.12529430175922884,0.09972882580007171,-0.025565475959157133,0.0,0.0,0.0,2.037037037037037,2.422222222222222,0.38518518518518485,0.7247706422018348,0.6818181818181818,-0.04295246038365308,45,45.0,0.0
Wanshouxigong,13,9,0.06751245250063077,0.06751245250063077,POST_HOC_DIAGNOSTIC_ONLY,0.12241858626210111,0.10029333217715453,-0.02212525408494659,0.01556668380348103,0.02912350201761355,0.013556818214132519,0.12489851402812199,0.28510741780683235,0.16020890377871036,0.7575499507499511,0.7761734237930641,0.01862347304311296,0.12241858626210111,0.10029333217715453,-0.02212525408494659,0.0,0.0,0.0,2.3404255319148937,2.4130434782608696,0.07261794634597596,0.6972477064220184,0.6818181818181818,-0.01542952460383662,43,43.0,0.0
Wanshouxigong,13,10,0.06751245250063077,0.06751245250063077,POST_HOC_DIAGNOSTIC_ONLY,0.12324795101392494,0.10055378204832698,-0.022694168965597963,0.021961227489743863,0.028597340020274385,0.006636112530530522,0.17506551460435588,0.29158270100882533,0.11651718640446945,0.7586763361057017,0.7775940480679752,0.01891771196227343,0.12324795101392494,0.10055378204832698,-0.022694168965597963,0.0,0.0,0.0,2.1153846153846154,2.391304347826087,0.2759197324414715,0.7247706422018348,0.6727272727272727,-0.05204336947456212,44,44.0,0.0
Wanshouxigong,13,11,0.06751245250063077,0.06751245250063077,POST_HOC_DIAGNOSTIC_ONLY,0.11206830810723206,0.0992389095624533,-0.012829398544778756,0.0255152013504015,0.02891032874131686,0.0033951273909153604,0.22191804150824465,0.2903047076321469,0.06838666612390223,0.7524670293385547,0.7767998578499067,0.02433282851135199,0.11206830810723206,0.0992389095624533,-0.012829398544778756,0.0,0.0,0.0,2.18,2.391304347826087,0.21130434782608676,0.6851851851851852,0.6818181818181818,-0.0033670033670034627,43,43.0,0.0
Wanshouxigong,13,12,0.06751245250063077,0.06751245250063077,POST_HOC_DIAGNOSTIC_ONLY,0.1258805974831961,0.1004663675805997,-0.02541422990259641,0.019850200751503413,0.02846364593378874,0.008613445182285327,0.15394750460406137,0.2871581017947302,0.13321059719066886,0.739497244874716,0.777595907988231,0.03809866311351495,0.1258805974831961,0.1004663675805997,-0.02541422990259641,0.0,0.0,0.0,2.2708333333333335,2.4130434782608696,0.14221014492753614,0.7037037037037037,0.6727272727272727,-0.03097643097643099,44,44.0,0.0
Wanshouxigong,14,0,0.06751245250063077,0.06751245250063077,POST_HOC_DIAGNOSTIC_ONLY,0.10017495769936727,0.09590117587265633,-0.00427378182671094,0.019568141280449175,0.02709601178980823,0.007527870509359054,0.18980995270987125,0.2720476459394185,0.08223769322954724,0.7677307863045695,0.7827243033728748,0.014993517068305318,0.10017495769936727,0.09590117587265633,-0.00427378182671094,0.0,0.0,0.0,2.4047619047619047,2.372093023255814,-0.032668881506090486,0.67,0.6699029126213593,-9.70873786407811e-05,44,44.0,0.0
Wanshouxigong,14,1,0.06751245250063077,0.06751245250063077,POST_HOC_DIAGNOSTIC_ONLY,0.11459817524606995,0.0943085985541477,-0.02028957669192226,0.017080442624566494,0.027344261741204707,0.010263819116638213,0.14648157754266755,0.2758577349164206,0.12937615737375308,0.7572220120930578,0.784296683982975,0.02707467188991719,0.11459817524606995,0.0943085985541477,-0.02028957669192226,0.0,0.0,0.0,2.0816326530612246,2.372093023255814,0.2904603701945896,0.693069306930693,0.6699029126213593,-0.02316639430933376,44,44.0,0.0
Wanshouxigong,14,2,0.06751245250063077,0.06751245250063077,POST_HOC_DIAGNOSTIC_ONLY,0.12046360169446772,0.09501685635940826,-0.02544674533505946,0.01818683383635161,0.027794193948180737,0.009607360111829128,0.14857673865086474,0.29066905701465473,0.14209231836379,0.7551762261499468,0.7854366658129182,0.030260439662971317,0.12046360169446772,0.09501685635940826,-0.02544674533505946,0.0,0.0,0.0,2.0816326530612246,2.372093023255814,0.2904603701945896,0.7227722772277227,0.6796116504854369,-0.043160626742285824,43,43.0,0.0
Wanshouxigong,14,3,0.06751245250063077,0.06751245250063077,POST_HOC_DIAGNOSTIC_ONLY,0.10941883262423001,0.0941999293657546,-0.015218903258475414,0.018767548043262295,0.026396176616829872,0.007628628573567577,0.16945772320424266,0.2756571528400704,0.10619942963582776,0.7658528644667606,0.7855909384869081,0.01973807402014749,0.10941883262423001,0.0941999293657546,-0.015218903258475414,0.0,0.0,0.0,2.2666666666666666,2.395348837209302,0.12868217054263553,0.7029702970297029,0.6796116504854369,-0.023358646544266004,43,43.0,0.0
Wanshouxigong,14,4,0.06751245250063077,0.06751245250063077,POST_HOC_DIAGNOSTIC_ONLY,0.10733117087443188,0.09503428597017606,-0.012296884904255817,0.022672474342654812,0.027094816538961345,0.004422342196306533,0.20835054546302365,0.28327496806517477,0.07492442260215113,0.772044503216776,0.7860589571340932,0.01401445391731726,0.10733117087443188,0.09503428597017606,-0.012296884904255817,0.0,0.0,0.0,2.1914893617021276,2.395348837209302,0.20385947550717454,0.7156862745098039,0.6796116504854369,-0.03607462402436701,43,43.0,0.0
Wanshouxigong,14,5,0.06751245250063077,0.06751245250063077,POST_HOC_DIAGNOSTIC_ONLY,0.10021733595202272,0.09383145218407653,-0.006385883767946188,0.028201871621740194,0.026568471650137638,-0.001633399971602556,0.2773261392972792,0.2848903092497362,0.007564169952457012,0.7792582457939053,0.7869166262818132,0.007658380487907901,0.10021733595202272,0.09383145218407653,-0.006385883767946188,0.0,0.0,0.0,2.239130434782609,2.395348837209302,0.15621840242669327,0.7156862745098039,0.6796116504854369,-0.03607462402436701,43,43.0,0.0
Wanshouxigong,14,6,0.06751245250063077,0.06751245250063077,POST_HOC_DIAGNOSTIC_ONLY,0.10637927822240309,0.09333433780804912,-0.013044940414353973,0.02419729111240024,0.028532989656470175,0.004335698544069934,0.2237980857026698,0.29932946661010934,0.07553138090743955,0.7733945483546133,0.7815989061341205,0.008204357779507232,0.10637927822240309,0.09333433780804912,-0.013044940414353973,0.0,0.0,0.0,2.0816326530612246,2.4047619047619047,0.3231292517006801,0.7227722772277227,0.6764705882352942,-0.04630168899242859,44,44.0,0.0
Wanshouxigong,14,7,0.06751245250063077,0.06751245250063077,POST_HOC_DIAGNOSTIC_ONLY,0.1163548070348268,0.09392479220739693,-0.022430014827429873,0.018603568156714236,0.028501498625627817,0.00989793046891358,0.15727662326658814,0.30422189982261433,0.14694527655602618,0.7636354808344985,0.7814484195347587,0.01781293870026024,0.1163548070348268,0.09392479220739693,-0.022430014827429873,0.0,0.0,0.0,2.0,2.4285714285714284,0.4285714285714284,0.7722772277227723,0.6764705882352942,-0.09580663948747814,44,44.0,0.0
Wanshouxigong,14,8,0.06751245250063077,0.06751245250063077,POST_HOC_DIAGNOSTIC_ONLY,0.12568335523631488,0.09475549165947857,-0.030927863576836315,0.012037434744856397,0.027893086395444418,0.01585565165058802,0.09453270835343892,0.29861961345559923,0.20408690510216032,0.7545127687539009,0.7812462664125195,0.026733497658618544,0.12568335523631488,0.09475549165947857,-0.030927863576836315,0.0,0.0,0.0,1.8888888888888888,2.4285714285714284,0.5396825396825395,0.8118811881188119,0.6764705882352942,-0.13541059988351778,44,44.0,0.0
Wanshouxigong,14,9,0.06751245250063077,0.06751245250063077,POST_HOC_DIAGNOSTIC_ONLY,0.1337582567697468,0.09422950307493726,-0.03952875369480953,0.009474981930192625,0.029036802958170904,0.01956182102797828,0.06970902574948849,0.3024252254173858,0.2327161996678973,0.7465232092839253,0.7807257341318542,0.03420252484792885,0.1337582567697468,0.09422950307493726,-0.03952875369480953,0.0,0.0,0.0,1.9245283018867925,2.4285714285714284,0.5040431266846359,0.7524752475247525,0.6666666666666666,-0.08580858085808585,43,43.0,0.0
Wanshouxigong,14,10,0.06751245250063077,0.06751245250063077,POST_HOC_DIAGNOSTIC_ONLY,0.1328022696140711,0.09651220594364442,-0.036290063670426684,0.011439316275067305,0.02838445319578863,0.016945136920721325,0.08468623036107235,0.2945950575298181,0.20990882716874576,0.7471755497188788,0.7810654847471035,0.03388993502822468,0.1328022696140711,0.09651220594364442,-0.036290063670426684,0.0,0.0,0.0,1.7894736842105263,2.4285714285714284,0.639097744360902,0.7821782178217822,0.6666666666666666,-0.11551155115511558,44,44.0,0.0
Wanshouxigong,14,11,0.06751245250063077,0.06751245250063077,POST_HOC_DIAGNOSTIC_ONLY,0.13189468538092022,0.09545170843994359,-0.03644297694097663,0.008551217151680926,0.028504148415070235,0.01995293126338931,0.06373276133327817,0.29488752357649206,0.2311547622432139,0.7485569239450174,0.7813455588453563,0.0327886349003389,0.13189468538092022,0.09545170843994359,-0.03644297694097663,0.0,0.0,0.0,2.125,2.340909090909091,0.21590909090909083,0.7524752475247525,0.6666666666666666,-0.08580858085808585,44,44.0,0.0
Wanshouxigong,14,12,0.06751245250063077,0.06751245250063077,POST_HOC_DIAGNOSTIC_ONLY,0.11010284423072553,0.09547756389725744,-0.01462528033346809,0.011805753690602726,0.028376005465269225,0.0165702517746665,0.10629211548866743,0.2957411472581786,0.1894490317695112,0.7529755774743084,0.782172233967633,0.02919665649332459,0.11010284423072553,0.09547756389725744,-0.01462528033346809,0.0,0.0,0.0,2.2222222222222223,2.4047619047619047,0.18253968253968234,0.696969696969697,0.6764705882352942,-0.02049910873440286,44,44.0,0.0
Wanshouxigong,14,13,0.06751245250063077,0.06751245250063077,POST_HOC_DIAGNOSTIC_ONLY,0.1049572363913047,0.09599307565044216,-0.00896416074086255,0.016106787916599197,0.027768956261678107,0.01166216834507891,0.15036343952365147,0.29223037028451826,0.1418669307608668,0.7570777920200529,0.782086799735402,0.025009007715349085,0.1049572363913047,0.09599307565044216,-0.00896416074086255,0.0,0.0,0.0,2.3255813953488373,2.4285714285714284,0.10299003322259104,0.6767676767676768,0.6666666666666666,-0.010101010101010166,44,44.0,0.0
