station,condition,N,observed_score,null_median,observed_minus_null_median,signed_robust_z,absolute_robust_z,upper_tail_local_p,lower_tail_local_p,two_sided_local_p,rank_among_128_ascending,null_quantile,effect_direction,status
Aotizhongxin,baseline,6,0.042398565670278214,0.1919546849344719,-0.14955611926419368,-2.8116313037496203,2.8116313037496203,0.9921875,0.015625,0.03125,2,0.01171875,NEGATIVE,POST_HOC_DIAGNOSTIC_ONLY
Aotizhongxin,baseline,7,0.05121368162670764,0.21077590053761314,-0.1595622189109055,-2.933882052499044,2.933882052499044,1.0,0.0078125,0.015625,1,0.00390625,NEGATIVE,POST_HOC_DIAGNOSTIC_ONLY
Aotizhongxin,baseline,8,0.08523223531221406,0.2333554092153114,-0.14812317390309732,-2.257858142971961,2.257858142971961,1.0,0.0078125,0.015625,1,0.00390625,NEGATIVE,POST_HOC_DIAGNOSTIC_ONLY
Aotizhongxin,baseline,9,0.09032450577931138,0.23539949095718923,-0.14507498517787787,-2.243433001359782,2.243433001359782,0.984375,0.0234375,0.046875,3,0.01953125,NEGATIVE,POST_HOC_DIAGNOSTIC_ONLY
Aotizhongxin,baseline,10,0.028324471031466975,0.2608160120291812,-0.2324915409977142,-3.426075508128701,3.426075508128701,1.0,0.0078125,0.015625,1,0.00390625,NEGATIVE,POST_HOC_DIAGNOSTIC_ONLY
Aotizhongxin,baseline,11,0.0039816523927861365,0.27386812792160203,-0.2698864755288159,-4.01612351693864,4.01612351693864,1.0,0.0078125,0.015625,1,0.00390625,NEGATIVE,POST_HOC_DIAGNOSTIC_ONLY
Aotizhongxin,baseline,12,0.06922958596102725,0.28550627529624295,-0.2162766893352157,-3.4395987779110744,3.4395987779110744,1.0,0.0078125,0.015625,1,0.00390625,NEGATIVE,POST_HOC_DIAGNOSTIC_ONLY
Aotizhongxin,baseline,13,0.03778641600037275,0.2958763973475344,-0.25808998134716166,-3.6775738382082626,3.6775738382082626,1.0,0.0078125,0.015625,1,0.00390625,NEGATIVE,POST_HOC_DIAGNOSTIC_ONLY
Aotizhongxin,baseline,14,0.09911133690934501,0.29156996694115506,-0.19245863003181005,-2.8318279204889287,2.8318279204889287,1.0,0.0078125,0.015625,1,0.00390625,NEGATIVE,POST_HOC_DIAGNOSTIC_ONLY
Aotizhongxin,calibration_scale_095,6,0.04244867399502582,0.19211992939598413,-0.14967125540095833,-2.8200799317727383,2.8200799317727383,0.9921875,0.015625,0.03125,2,0.01171875,NEGATIVE,POST_HOC_DIAGNOSTIC_ONLY
Aotizhongxin,calibration_scale_095,7,0.051228703171286666,0.210974544751671,-0.15974584158038432,-2.94518189886979,2.94518189886979,1.0,0.0078125,0.015625,1,0.00390625,NEGATIVE,POST_HOC_DIAGNOSTIC_ONLY
Aotizhongxin,calibration_scale_095,8,0.08523199866964999,0.23356168350289788,-0.14832968483324788,-2.261739844482463,2.261739844482463,1.0,0.0078125,0.015625,1,0.00390625,NEGATIVE,POST_HOC_DIAGNOSTIC_ONLY
Aotizhongxin,calibration_scale_095,9,0.09039103000205771,0.23545378154692345,-0.14506275154486575,-2.238533420291712,2.238533420291712,0.984375,0.0234375,0.046875,3,0.01953125,NEGATIVE,POST_HOC_DIAGNOSTIC_ONLY
Aotizhongxin,calibration_scale_095,10,0.028417661060306843,0.26091474157919,-0.23249708051888313,-3.4293943346394133,3.4293943346394133,1.0,0.0078125,0.015625,1,0.00390625,NEGATIVE,POST_HOC_DIAGNOSTIC_ONLY
Aotizhongxin,calibration_scale_095,11,0.004157205126809716,0.27411002544613655,-0.2699528203193268,-4.0270155002590275,4.0270155002590275,1.0,0.0078125,0.015625,1,0.00390625,NEGATIVE,POST_HOC_DIAGNOSTIC_ONLY
Aotizhongxin,calibration_scale_095,12,0.0694607705601545,0.28579078024456617,-0.21633000968441168,-3.434432138294769,3.434432138294769,1.0,0.0078125,0.015625,1,0.00390625,NEGATIVE,POST_HOC_DIAGNOSTIC_ONLY
Aotizhongxin,calibration_scale_095,13,0.03790566635315086,0.2959409617968722,-0.25803529544372134,-3.6714847597860163,3.6714847597860163,1.0,0.0078125,0.015625,1,0.00390625,NEGATIVE,POST_HOC_DIAGNOSTIC_ONLY
Aotizhongxin,calibration_scale_095,14,0.09927820119875173,0.2915487319698805,-0.19227053077112877,-2.818499310682311,2.818499310682311,1.0,0.0078125,0.015625,1,0.00390625,NEGATIVE,POST_HOC_DIAGNOSTIC_ONLY
Aotizhongxin,calibration_scale_105,6,0.04235335995474632,0.19180444581595865,-0.14945108586121233,-2.803942971400136,2.803942971400136,0.9921875,0.015625,0.03125,2,0.01171875,NEGATIVE,POST_HOC_DIAGNOSTIC_ONLY
Aotizhongxin,calibration_scale_105,7,0.05120003416976177,0.21059532527340677,-0.159395291103645,-2.9236505723547186,2.9236505723547186,1.0,0.0078125,0.015625,1,0.00390625,NEGATIVE,POST_HOC_DIAGNOSTIC_ONLY
Aotizhongxin,calibration_scale_105,8,0.08523235618371192,0.23316811827888848,-0.14793576209517656,-2.254361999720114,2.254361999720114,1.0,0.0078125,0.015625,1,0.00390625,NEGATIVE,POST_HOC_DIAGNOSTIC_ONLY
Aotizhongxin,calibration_scale_105,9,0.09026383067471128,0.23535039840007235,-0.14508656772536108,-2.2384327468963208,2.2384327468963208,0.984375,0.0234375,0.046875,3,0.01953125,NEGATIVE,POST_HOC_DIAGNOSTIC_ONLY
Aotizhongxin,calibration_scale_105,10,0.02823997688011498,0.2606928816902001,-0.23245290481008513,-3.425093079644383,3.425093079644383,1.0,0.0078125,0.015625,1,0.00390625,NEGATIVE,POST_HOC_DIAGNOSTIC_ONLY
Aotizhongxin,calibration_scale_105,11,0.0038216557479113676,0.2736483584356045,-0.2698267026876931,-4.006284747885285,4.006284747885285,1.0,0.0078125,0.015625,1,0.00390625,NEGATIVE,POST_HOC_DIAGNOSTIC_ONLY
Aotizhongxin,calibration_scale_105,12,0.06901905135036003,0.28524734495475973,-0.2162282936043997,-3.444326603797644,3.444326603797644,1.0,0.0078125,0.015625,1,0.00390625,NEGATIVE,POST_HOC_DIAGNOSTIC_ONLY
Aotizhongxin,calibration_scale_105,13,0.0376779761813084,0.29581818640631125,-0.25814021022500283,-3.6832085337373055,3.6832085337373055,1.0,0.0078125,0.015625,1,0.00390625,NEGATIVE,POST_HOC_DIAGNOSTIC_ONLY
Aotizhongxin,calibration_scale_105,14,0.09895936607589542,0.2915895589579258,-0.1926301928820304,-2.8440480200120835,2.8440480200120835,1.0,0.0078125,0.015625,1,0.00390625,NEGATIVE,POST_HOC_DIAGNOSTIC_ONLY
Aotizhongxin,sensor_noise_001,6,0.04168660170599663,0.19178518328836838,-0.15009858158237174,-2.8195237686526418,2.8195237686526418,0.9921875,0.015625,0.03125,2,0.01171875,NEGATIVE,POST_HOC_DIAGNOSTIC_ONLY
Aotizhongxin,sensor_noise_001,7,0.048773816558497864,0.2088503818007139,-0.16007656524221606,-2.941170130370984,2.941170130370984,1.0,0.0078125,0.015625,1,0.00390625,NEGATIVE,POST_HOC_DIAGNOSTIC_ONLY
Aotizhongxin,sensor_noise_001,8,0.08514782054935041,0.2323965629204009,-0.14724874237105048,-2.211855050665235,2.211855050665235,1.0,0.0078125,0.015625,1,0.00390625,NEGATIVE,POST_HOC_DIAGNOSTIC_ONLY
Aotizhongxin,sensor_noise_001,9,0.08839108847715628,0.23471245262688722,-0.14632136414973096,-2.263832171039559,2.263832171039559,0.984375,0.0234375,0.046875,3,0.01953125,NEGATIVE,POST_HOC_DIAGNOSTIC_ONLY
Aotizhongxin,sensor_noise_001,10,0.028051959803081467,0.25866456902442686,-0.23061260922134538,-3.379838472513323,3.379838472513323,1.0,0.0078125,0.015625,1,0.00390625,NEGATIVE,POST_HOC_DIAGNOSTIC_ONLY
Aotizhongxin,sensor_noise_001,11,0.0032899207913693607,0.2718600274863953,-0.26857010669502596,-3.969303983560134,3.969303983560134,1.0,0.0078125,0.015625,1,0.00390625,NEGATIVE,POST_HOC_DIAGNOSTIC_ONLY
Aotizhongxin,sensor_noise_001,12,0.06824673803179253,0.2836649239097953,-0.21541818587800277,-3.4255656099003886,3.4255656099003886,1.0,0.0078125,0.015625,1,0.00390625,NEGATIVE,POST_HOC_DIAGNOSTIC_ONLY
Aotizhongxin,sensor_noise_001,13,0.037345865283947774,0.2940452237641093,-0.2566993584801615,-3.543070554114525,3.543070554114525,1.0,0.0078125,0.015625,1,0.00390625,NEGATIVE,POST_HOC_DIAGNOSTIC_ONLY
Aotizhongxin,sensor_noise_001,14,0.09935794896663552,0.2889962044626955,-0.18963825549606,-2.7409576607326427,2.7409576607326427,1.0,0.0078125,0.015625,1,0.00390625,NEGATIVE,POST_HOC_DIAGNOSTIC_ONLY
Aotizhongxin,outage_6h_30d,6,0.0444032968194584,0.19498170956048202,-0.15057841274102363,-2.892255278189677,2.892255278189677,0.9921875,0.015625,0.03125,2,0.01171875,NEGATIVE,POST_HOC_DIAGNOSTIC_ONLY
Aotizhongxin,outage_6h_30d,7,0.051262771096007215,0.2099703031212484,-0.15870753202524118,-3.210135120686182,3.210135120686182,1.0,0.0078125,0.015625,1,0.00390625,NEGATIVE,POST_HOC_DIAGNOSTIC_ONLY
Aotizhongxin,outage_6h_30d,8,0.09016421230006683,0.22697786174013476,-0.13681364944006794,-1.915767130785275,1.915767130785275,0.9921875,0.015625,0.03125,2,0.01171875,NEGATIVE,POST_HOC_DIAGNOSTIC_ONLY
Aotizhongxin,outage_6h_30d,9,0.09590236351880364,0.22562795425882626,-0.1297255907400226,-1.8965293094042228,1.8965293094042228,0.96875,0.0390625,0.078125,5,0.03515625,NEGATIVE,POST_HOC_DIAGNOSTIC_ONLY
Aotizhongxin,outage_6h_30d,10,0.03924381152869447,0.258524530788123,-0.21928071925942852,-3.1944768140715443,3.1944768140715443,1.0,0.0078125,0.015625,1,0.00390625,NEGATIVE,POST_HOC_DIAGNOSTIC_ONLY
Aotizhongxin,outage_6h_30d,11,-0.03777547361409404,0.26985798688353735,-0.3076334604976314,-4.511731225302562,4.511731225302562,1.0,0.0078125,0.015625,1,0.00390625,NEGATIVE,POST_HOC_DIAGNOSTIC_ONLY
Aotizhongxin,outage_6h_30d,12,0.11732508708684002,0.2801169931682834,-0.1627919060814434,-2.595400515431769,2.595400515431769,1.0,0.0078125,0.015625,1,0.00390625,NEGATIVE,POST_HOC_DIAGNOSTIC_ONLY
Aotizhongxin,outage_6h_30d,13,0.0501135067296673,0.2790732368395972,-0.22895973010992993,-3.1251136229730605,3.1251136229730605,1.0,0.0078125,0.015625,1,0.00390625,NEGATIVE,POST_HOC_DIAGNOSTIC_ONLY
Aotizhongxin,outage_6h_30d,14,0.12333861625397022,0.2804371672008087,-0.15709855094683847,-2.2974842154515227,2.2974842154515227,0.984375,0.0234375,0.046875,3,0.01953125,NEGATIVE,POST_HOC_DIAGNOSTIC_ONLY
Aotizhongxin,outage_24h_90d,6,0.042918530600185634,0.17946985321434883,-0.1365513226141632,-2.4294005352566495,2.4294005352566495,0.9921875,0.015625,0.03125,2,0.01171875,NEGATIVE,POST_HOC_DIAGNOSTIC_ONLY
Aotizhongxin,outage_24h_90d,7,0.047222187715663375,0.19348484809984204,-0.14626266038417868,-2.91506664140155,2.91506664140155,1.0,0.0078125,0.015625,1,0.00390625,NEGATIVE,POST_HOC_DIAGNOSTIC_ONLY
Aotizhongxin,outage_24h_90d,8,0.08204630189977624,0.2117296322543229,-0.12968333035454666,-1.7236324459522463,1.7236324459522463,0.9921875,0.015625,0.03125,2,0.01171875,NEGATIVE,POST_HOC_DIAGNOSTIC_ONLY
Aotizhongxin,outage_24h_90d,9,0.07935188949835549,0.21612477340259523,-0.13677288390423975,-2.008330211275139,2.008330211275139,0.96875,0.0390625,0.078125,5,0.03515625,NEGATIVE,POST_HOC_DIAGNOSTIC_ONLY
Aotizhongxin,outage_24h_90d,10,0.022196141148051778,0.23883603430265005,-0.21663989315459828,-3.1850958533599436,3.1850958533599436,1.0,0.0078125,0.015625,1,0.00390625,NEGATIVE,POST_HOC_DIAGNOSTIC_ONLY
Aotizhongxin,outage_24h_90d,11,-0.040219329787709146,0.24699973980829912,-0.2872190695960083,-3.9367831652630096,3.9367831652630096,1.0,0.0078125,0.015625,1,0.00390625,NEGATIVE,POST_HOC_DIAGNOSTIC_ONLY
Aotizhongxin,outage_24h_90d,12,0.09378767533547962,0.26263112209095113,-0.16884344675547153,-2.645861598083333,2.645861598083333,1.0,0.0078125,0.015625,1,0.00390625,NEGATIVE,POST_HOC_DIAGNOSTIC_ONLY
Aotizhongxin,outage_24h_90d,13,0.05104121030922803,0.2676567469743377,-0.2166155366651097,-2.61233711344706,2.61233711344706,0.9921875,0.015625,0.03125,2,0.01171875,NEGATIVE,POST_HOC_DIAGNOSTIC_ONLY
Aotizhongxin,outage_24h_90d,14,0.14016446845831101,0.26826318824757267,-0.12809871978926166,-1.6822595880946778,1.6822595880946778,0.9453125,0.0625,0.125,8,0.05859375,NEGATIVE,POST_HOC_DIAGNOSTIC_ONLY
Aotizhongxin,day_order_swap_010,6,0.10743701047702932,0.1931690736354654,-0.08573206315843608,-1.548683691420581,1.548683691420581,0.9453125,0.0625,0.125,8,0.05859375,NEGATIVE,POST_HOC_DIAGNOSTIC_ONLY
Aotizhongxin,day_order_swap_010,7,0.07741025843852908,0.20869889325618132,-0.13128863481765224,-2.416748259433008,2.416748259433008,1.0,0.0078125,0.015625,1,0.00390625,NEGATIVE,POST_HOC_DIAGNOSTIC_ONLY
Aotizhongxin,day_order_swap_010,8,0.13147044449205034,0.24103500040272127,-0.10956455591067094,-1.5280080354861618,1.5280080354861618,0.9453125,0.0625,0.125,8,0.05859375,NEGATIVE,POST_HOC_DIAGNOSTIC_ONLY
Aotizhongxin,day_order_swap_010,9,0.0922174155854218,0.23901169292310895,-0.14679427733768713,-2.470821269477354,2.470821269477354,0.9921875,0.015625,0.03125,2,0.01171875,NEGATIVE,POST_HOC_DIAGNOSTIC_ONLY
Aotizhongxin,day_order_swap_010,10,0.05409738712023818,0.25842116629593753,-0.20432377917569935,-2.8406369609607385,2.8406369609607385,1.0,0.0078125,0.015625,1,0.00390625,NEGATIVE,POST_HOC_DIAGNOSTIC_ONLY
Aotizhongxin,day_order_swap_010,11,-0.011670895628978054,0.2727729979629469,-0.28444389359192496,-4.492667884333673,4.492667884333673,1.0,0.0078125,0.015625,1,0.00390625,NEGATIVE,POST_HOC_DIAGNOSTIC_ONLY
Aotizhongxin,day_order_swap_010,12,0.04060999758087162,0.2885234416668215,-0.24791344408594987,-3.7637034035949997,3.7637034035949997,1.0,0.0078125,0.015625,1,0.00390625,NEGATIVE,POST_HOC_DIAGNOSTIC_ONLY
Aotizhongxin,day_order_swap_010,13,-0.007108559029579016,0.3018391276681791,-0.30894768669775813,-4.4790454717888215,4.4790454717888215,1.0,0.0078125,0.015625,1,0.00390625,NEGATIVE,POST_HOC_DIAGNOSTIC_ONLY
Aotizhongxin,day_order_swap_010,14,0.03305908512562259,0.28857329791278236,-0.25551421278715974,-3.807385237670264,3.807385237670264,1.0,0.0078125,0.015625,1,0.00390625,NEGATIVE,POST_HOC_DIAGNOSTIC_ONLY
Aotizhongxin,cyclic_adjacency,6,0.042398565670278214,0.1919546849344719,-0.14955611926419368,-2.8116313037496203,2.8116313037496203,0.9921875,0.015625,0.03125,2,0.01171875,NEGATIVE,POST_HOC_DIAGNOSTIC_ONLY
Aotizhongxin,cyclic_adjacency,7,0.05121368162670764,0.21077590053761314,-0.1595622189109055,-2.933882052499044,2.933882052499044,1.0,0.0078125,0.015625,1,0.00390625,NEGATIVE,POST_HOC_DIAGNOSTIC_ONLY
Aotizhongxin,cyclic_adjacency,8,0.08523223531221406,0.2333554092153114,-0.14812317390309732,-2.257858142971961,2.257858142971961,1.0,0.0078125,0.015625,1,0.00390625,NEGATIVE,POST_HOC_DIAGNOSTIC_ONLY
Aotizhongxin,cyclic_adjacency,9,0.09032450577931138,0.23539949095718923,-0.14507498517787787,-2.243433001359782,2.243433001359782,0.984375,0.0234375,0.046875,3,0.01953125,NEGATIVE,POST_HOC_DIAGNOSTIC_ONLY
Aotizhongxin,cyclic_adjacency,10,0.028324471031466975,0.2608160120291812,-0.2324915409977142,-3.426075508128701,3.426075508128701,1.0,0.0078125,0.015625,1,0.00390625,NEGATIVE,POST_HOC_DIAGNOSTIC_ONLY
Aotizhongxin,cyclic_adjacency,11,0.0039816523927861365,0.27386812792160203,-0.2698864755288159,-4.01612351693864,4.01612351693864,1.0,0.0078125,0.015625,1,0.00390625,NEGATIVE,POST_HOC_DIAGNOSTIC_ONLY
Aotizhongxin,cyclic_adjacency,12,0.06922958596102725,0.28550627529624295,-0.2162766893352157,-3.4395987779110744,3.4395987779110744,1.0,0.0078125,0.015625,1,0.00390625,NEGATIVE,POST_HOC_DIAGNOSTIC_ONLY
Aotizhongxin,cyclic_adjacency,13,0.03778641600037275,0.2958763973475344,-0.25808998134716166,-3.6775738382082626,3.6775738382082626,1.0,0.0078125,0.015625,1,0.00390625,NEGATIVE,POST_HOC_DIAGNOSTIC_ONLY
Aotizhongxin,cyclic_adjacency,14,0.09911133690934501,0.29156996694115506,-0.19245863003181005,-2.8318279204889287,2.8318279204889287,1.0,0.0078125,0.015625,1,0.00390625,NEGATIVE,POST_HOC_DIAGNOSTIC_ONLY
Changping,baseline,6,0.09098058713332569,0.21567636814881563,-0.12469578101548995,-2.180168200436828,2.180168200436828,1.0,0.0078125,0.015625,1,0.00390625,NEGATIVE,POST_HOC_DIAGNOSTIC_ONLY
Changping,baseline,7,0.0811835559382069,0.2431010206471469,-0.16191746470893997,-2.8200251283291484,2.8200251283291484,1.0,0.0078125,0.015625,1,0.00390625,NEGATIVE,POST_HOC_DIAGNOSTIC_ONLY
Changping,baseline,8,0.1546458352517882,0.2634299466580692,-0.10878411140628097,-1.6702551279225566,1.6702551279225566,0.9453125,0.0625,0.125,8,0.05859375,NEGATIVE,POST_HOC_DIAGNOSTIC_ONLY
Changping,baseline,9,0.11855247985527774,0.274141232224361,-0.15558875236908326,-2.3308350603718573,2.3308350603718573,0.9921875,0.015625,0.03125,2,0.01171875,NEGATIVE,POST_HOC_DIAGNOSTIC_ONLY
Changping,baseline,10,0.0650538658962167,0.2874996760017626,-0.22244581010554593,-4.641519319288808,4.641519319288808,1.0,0.0078125,0.015625,1,0.00390625,NEGATIVE,POST_HOC_DIAGNOSTIC_ONLY
Changping,baseline,11,0.10999622989894046,0.30526153959622654,-0.19526530969728606,-3.4941573464222815,3.4941573464222815,1.0,0.0078125,0.015625,1,0.00390625,NEGATIVE,POST_HOC_DIAGNOSTIC_ONLY
Changping,baseline,12,0.11894854148845155,0.31751269912429253,-0.19856415763584098,-3.065465906994662,3.065465906994662,0.9921875,0.015625,0.03125,2,0.01171875,NEGATIVE,POST_HOC_DIAGNOSTIC_ONLY
Changping,baseline,13,0.07919654894717107,0.30939721494852546,-0.2302006660013544,-3.624175001327874,3.624175001327874,1.0,0.0078125,0.015625,1,0.00390625,NEGATIVE,POST_HOC_DIAGNOSTIC_ONLY
Changping,baseline,14,0.11865294737245595,0.31739201362669944,-0.19873906625424348,-3.300537449559307,3.300537449559307,1.0,0.0078125,0.015625,1,0.00390625,NEGATIVE,POST_HOC_DIAGNOSTIC_ONLY
Changping,calibration_scale_095,6,0.09094840225445004,0.21576893639649872,-0.12482053414204868,-2.1741645880134772,2.1741645880134772,1.0,0.0078125,0.015625,1,0.00390625,NEGATIVE,POST_HOC_DIAGNOSTIC_ONLY
Changping,calibration_scale_095,7,0.08130626937317983,0.24326761536798358,-0.16196134599480375,-2.8256282296252357,2.8256282296252357,1.0,0.0078125,0.015625,1,0.00390625,NEGATIVE,POST_HOC_DIAGNOSTIC_ONLY
Changping,calibration_scale_095,8,0.15455079466142221,0.26357658331511213,-0.10902578865368992,-1.6763358041764567,1.6763358041764567,0.9453125,0.0625,0.125,8,0.05859375,NEGATIVE,POST_HOC_DIAGNOSTIC_ONLY
Changping,calibration_scale_095,9,0.11854174988406753,0.2742301313559053,-0.15568838147183778,-2.325363925806013,2.325363925806013,0.9921875,0.015625,0.03125,2,0.01171875,NEGATIVE,POST_HOC_DIAGNOSTIC_ONLY
Changping,calibration_scale_095,10,0.06505958412547902,0.28763226883372445,-0.22257268470824543,-4.6525672204470165,4.6525672204470165,1.0,0.0078125,0.015625,1,0.00390625,NEGATIVE,POST_HOC_DIAGNOSTIC_ONLY
Changping,calibration_scale_095,11,0.10998404258289625,0.30549266753994786,-0.19550862495705162,-3.5215314025548254,3.5215314025548254,1.0,0.0078125,0.015625,1,0.00390625,NEGATIVE,POST_HOC_DIAGNOSTIC_ONLY
Changping,calibration_scale_095,12,0.1189430191854051,0.3174885546975849,-0.1985455355121798,-3.0599515974758686,3.0599515974758686,0.9921875,0.015625,0.03125,2,0.01171875,NEGATIVE,POST_HOC_DIAGNOSTIC_ONLY
Changping,calibration_scale_095,13,0.07922457641692235,0.30947892666935944,-0.2302543502524371,-3.6248705307751523,3.6248705307751523,1.0,0.0078125,0.015625,1,0.00390625,NEGATIVE,POST_HOC_DIAGNOSTIC_ONLY
Changping,calibration_scale_095,14,0.1186462262223305,0.3175266381751037,-0.19888041195277317,-3.3163780316750535,3.3163780316750535,1.0,0.0078125,0.015625,1,0.00390625,NEGATIVE,POST_HOC_DIAGNOSTIC_ONLY
Changping,calibration_scale_105,6,0.09101052444207125,0.21559273261719697,-0.12458220817512572,-2.1857075999742905,2.1857075999742905,1.0,0.0078125,0.015625,1,0.00390625,NEGATIVE,POST_HOC_DIAGNOSTIC_ONLY
Changping,calibration_scale_105,7,0.08106957746377925,0.24294876201955265,-0.16187918455577338,-2.814921753188499,2.814921753188499,1.0,0.0078125,0.015625,1,0.00390625,NEGATIVE,POST_HOC_DIAGNOSTIC_ONLY
Changping,calibration_scale_105,8,0.15473169520297095,0.26329619556640194,-0.10856450036343099,-1.6647427323060102,1.6647427323060102,0.9375,0.0703125,0.140625,9,0.06640625,NEGATIVE,POST_HOC_DIAGNOSTIC_ONLY
Changping,calibration_scale_105,9,0.11856266918480375,0.27405999379868995,-0.1554973246138862,-2.3358874411591293,2.3358874411591293,0.9921875,0.015625,0.03125,2,0.01171875,NEGATIVE,POST_HOC_DIAGNOSTIC_ONLY
Changping,calibration_scale_105,10,0.06504893039651881,0.2873789998316618,-0.222330069435143,-4.631430898507776,4.631430898507776,1.0,0.0078125,0.015625,1,0.00390625,NEGATIVE,POST_HOC_DIAGNOSTIC_ONLY
Changping,calibration_scale_105,11,0.1100076798841102,0.3050505765151799,-0.19504289663106972,-3.469512449582031,3.469512449582031,1.0,0.0078125,0.015625,1,0.00390625,NEGATIVE,POST_HOC_DIAGNOSTIC_ONLY
Changping,calibration_scale_105,12,0.11895407642068355,0.31753393806590713,-0.19857986164522357,-3.070424961293062,3.070424961293062,0.9921875,0.015625,0.03125,2,0.01171875,NEGATIVE,POST_HOC_DIAGNOSTIC_ONLY
Changping,calibration_scale_105,13,0.07917116222658038,0.3093217287810348,-0.23015056655445443,-3.619626192041719,3.619626192041719,1.0,0.0078125,0.015625,1,0.00390625,NEGATIVE,POST_HOC_DIAGNOSTIC_ONLY
Changping,calibration_scale_105,14,0.11865943213780866,0.3172693383054279,-0.19860990616761925,-3.285171542005433,3.285171542005433,1.0,0.0078125,0.015625,1,0.00390625,NEGATIVE,POST_HOC_DIAGNOSTIC_ONLY
Changping,sensor_noise_001,6,0.0920211077858783,0.21749937930022817,-0.12547827151434987,-2.247719177686636,2.247719177686636,1.0,0.0078125,0.015625,1,0.00390625,NEGATIVE,POST_HOC_DIAGNOSTIC_ONLY
Changping,sensor_noise_001,7,0.08267414465573579,0.24400911071439849,-0.1613349660586627,-2.8032902292800284,2.8032902292800284,1.0,0.0078125,0.015625,1,0.00390625,NEGATIVE,POST_HOC_DIAGNOSTIC_ONLY
Changping,sensor_noise_001,8,0.15527218421674355,0.264598100421876,-0.10932591620513243,-1.7755143353780407,1.7755143353780407,0.953125,0.0546875,0.109375,7,0.05078125,NEGATIVE,POST_HOC_DIAGNOSTIC_ONLY
Changping,sensor_noise_001,9,0.11958486933197678,0.27583014411065304,-0.15624527477867628,-2.373549675701798,2.373549675701798,0.9921875,0.015625,0.03125,2,0.01171875,NEGATIVE,POST_HOC_DIAGNOSTIC_ONLY
Changping,sensor_noise_001,10,0.06479233229281452,0.2896256826971413,-0.22483335040432678,-4.809596040562694,4.809596040562694,1.0,0.0078125,0.015625,1,0.00390625,NEGATIVE,POST_HOC_DIAGNOSTIC_ONLY
Changping,sensor_noise_001,11,0.10977549573327496,0.30768064641967496,-0.19790515068640002,-3.554973378859396,3.554973378859396,1.0,0.0078125,0.015625,1,0.00390625,NEGATIVE,POST_HOC_DIAGNOSTIC_ONLY
Changping,sensor_noise_001,12,0.11724348599241975,0.3167434652468965,-0.19949997925447677,-3.061763779715608,3.061763779715608,0.9921875,0.015625,0.03125,2,0.01171875,NEGATIVE,POST_HOC_DIAGNOSTIC_ONLY
Changping,sensor_noise_001,13,0.07888567685633421,0.31060571556475314,-0.23172003870841892,-3.6556386258381393,3.6556386258381393,1.0,0.0078125,0.015625,1,0.00390625,NEGATIVE,POST_HOC_DIAGNOSTIC_ONLY
Changping,sensor_noise_001,14,0.11707466538910231,0.3179754644809558,-0.2009007990918535,-3.4326262009464483,3.4326262009464483,1.0,0.0078125,0.015625,1,0.00390625,NEGATIVE,POST_HOC_DIAGNOSTIC_ONLY
Changping,outage_6h_30d,6,0.08746738982162981,0.20993771595414604,-0.12247032613251622,-2.1592384591437574,2.1592384591437574,1.0,0.0078125,0.015625,1,0.00390625,NEGATIVE,POST_HOC_DIAGNOSTIC_ONLY
Changping,outage_6h_30d,7,0.07880378069129221,0.23166720491631618,-0.15286342422502397,-2.2945438049157234,2.2945438049157234,1.0,0.0078125,0.015625,1,0.00390625,NEGATIVE,POST_HOC_DIAGNOSTIC_ONLY
Changping,outage_6h_30d,8,0.15354464233239098,0.2563406733320725,-0.10279603099968151,-1.5689358764818966,1.5689358764818966,0.9296875,0.078125,0.15625,10,0.07421875,NEGATIVE,POST_HOC_DIAGNOSTIC_ONLY
Changping,outage_6h_30d,9,0.1301536735040797,0.2613970348160325,-0.1312433613119528,-2.0313362295766426,2.0313362295766426,0.984375,0.0234375,0.046875,3,0.01953125,NEGATIVE,POST_HOC_DIAGNOSTIC_ONLY
Changping,outage_6h_30d,10,0.06817562810306349,0.28489794192792944,-0.21672231382486595,-4.3468430483720075,4.3468430483720075,1.0,0.0078125,0.015625,1,0.00390625,NEGATIVE,POST_HOC_DIAGNOSTIC_ONLY
Changping,outage_6h_30d,11,0.0570058995170792,0.3018302843324731,-0.24482438481539393,-4.103276514432034,4.103276514432034,1.0,0.0078125,0.015625,1,0.00390625,NEGATIVE,POST_HOC_DIAGNOSTIC_ONLY
Changping,outage_6h_30d,12,0.1424040033664222,0.30192697896177256,-0.15952297559535036,-2.131307435249301,2.131307435249301,0.984375,0.0234375,0.046875,3,0.01953125,NEGATIVE,POST_HOC_DIAGNOSTIC_ONLY
Changping,outage_6h_30d,13,0.06752752083172729,0.3023929455985117,-0.2348654247667844,-3.3141608977764743,3.3141608977764743,1.0,0.0078125,0.015625,1,0.00390625,NEGATIVE,POST_HOC_DIAGNOSTIC_ONLY
Changping,outage_6h_30d,14,0.1117434945820452,0.3010298239484019,-0.1892863293663567,-2.6759782999156325,2.6759782999156325,1.0,0.0078125,0.015625,1,0.00390625,NEGATIVE,POST_HOC_DIAGNOSTIC_ONLY
Changping,outage_24h_90d,6,0.0886275505044768,0.19875038484452748,-0.11012283434005067,-2.0074250699297878,2.0074250699297878,0.9921875,0.015625,0.03125,2,0.01171875,NEGATIVE,POST_HOC_DIAGNOSTIC_ONLY
Changping,outage_24h_90d,7,0.07278584622151435,0.22316405037489317,-0.15037820415337882,-2.527645881430202,2.527645881430202,1.0,0.0078125,0.015625,1,0.00390625,NEGATIVE,POST_HOC_DIAGNOSTIC_ONLY
Changping,outage_24h_90d,8,0.14771942476879868,0.2387232174483944,-0.09100379267959571,-1.3800429777798335,1.3800429777798335,0.921875,0.0859375,0.171875,11,0.08203125,NEGATIVE,POST_HOC_DIAGNOSTIC_ONLY
Changping,outage_24h_90d,9,0.10777542222238455,0.25414339442699907,-0.1463679722046145,-2.3269862910940873,2.3269862910940873,0.9921875,0.015625,0.03125,2,0.01171875,NEGATIVE,POST_HOC_DIAGNOSTIC_ONLY
Changping,outage_24h_90d,10,0.061394526473673564,0.27257307295661276,-0.2111785464829392,-4.304791025098207,4.304791025098207,1.0,0.0078125,0.015625,1,0.00390625,NEGATIVE,POST_HOC_DIAGNOSTIC_ONLY
Changping,outage_24h_90d,11,0.045858573348507146,0.28962695201779015,-0.243768378669283,-3.5958113058024392,3.5958113058024392,1.0,0.0078125,0.015625,1,0.00390625,NEGATIVE,POST_HOC_DIAGNOSTIC_ONLY
Changping,outage_24h_90d,12,0.131547555749506,0.2886730073508338,-0.1571254516013278,-2.088584851455712,2.088584851455712,0.984375,0.0234375,0.046875,3,0.01953125,NEGATIVE,POST_HOC_DIAGNOSTIC_ONLY
Changping,outage_24h_90d,13,0.07884891616775525,0.29698729014457226,-0.218138373976817,-2.965128012263005,2.965128012263005,1.0,0.0078125,0.015625,1,0.00390625,NEGATIVE,POST_HOC_DIAGNOSTIC_ONLY
Changping,outage_24h_90d,14,0.11162048216786444,0.2967009202305991,-0.18508043806273464,-2.739260125456593,2.739260125456593,1.0,0.0078125,0.015625,1,0.00390625,NEGATIVE,POST_HOC_DIAGNOSTIC_ONLY
Changping,day_order_swap_010,6,0.09295653141370526,0.2191761718524851,-0.12621964043877987,-1.9672072543173098,1.9672072543173098,1.0,0.0078125,0.015625,1,0.00390625,NEGATIVE,POST_HOC_DIAGNOSTIC_ONLY
Changping,day_order_swap_010,7,0.08739959299744401,0.23774171676548098,-0.15034212376803696,-2.604609234045338,2.604609234045338,1.0,0.0078125,0.015625,1,0.00390625,NEGATIVE,POST_HOC_DIAGNOSTIC_ONLY
Changping,day_order_swap_010,8,0.16495014035500077,0.2598818047763342,-0.09493166442133344,-1.5690517482489224,1.5690517482489224,0.9375,0.0703125,0.140625,9,0.06640625,NEGATIVE,POST_HOC_DIAGNOSTIC_ONLY
Changping,day_order_swap_010,9,0.1373218298718128,0.2666169111987194,-0.1292950813269066,-2.1764304829164614,2.1764304829164614,0.984375,0.0234375,0.046875,3,0.01953125,NEGATIVE,POST_HOC_DIAGNOSTIC_ONLY
Changping,day_order_swap_010,10,0.08080236336957729,0.2856792416510162,-0.2048768782814389,-4.041650292224018,4.041650292224018,1.0,0.0078125,0.015625,1,0.00390625,NEGATIVE,POST_HOC_DIAGNOSTIC_ONLY
Changping,day_order_swap_010,11,0.18651823034579357,0.3065639427310037,-0.12004571238521011,-1.9942833611448367,1.9942833611448367,0.9609375,0.046875,0.09375,6,0.04296875,NEGATIVE,POST_HOC_DIAGNOSTIC_ONLY
Changping,day_order_swap_010,12,0.15640600325158696,0.3014722023018498,-0.14506619905026283,-2.04298218630765,2.04298218630765,0.9765625,0.03125,0.0625,4,0.02734375,NEGATIVE,POST_HOC_DIAGNOSTIC_ONLY
Changping,day_order_swap_010,13,0.1041046993080322,0.3074681543396749,-0.2033634550316427,-2.8053133020268053,2.8053133020268053,1.0,0.0078125,0.015625,1,0.00390625,NEGATIVE,POST_HOC_DIAGNOSTIC_ONLY
Changping,day_order_swap_010,14,0.12660285413794442,0.3064496816827529,-0.17984682754480846,-2.538594677960667,2.538594677960667,0.9921875,0.015625,0.03125,2,0.01171875,NEGATIVE,POST_HOC_DIAGNOSTIC_ONLY
Changping,cyclic_adjacency,6,0.09098058713332569,0.21567636814881563,-0.12469578101548995,-2.180168200436828,2.180168200436828,1.0,0.0078125,0.015625,1,0.00390625,NEGATIVE,POST_HOC_DIAGNOSTIC_ONLY
Changping,cyclic_adjacency,7,0.0811835559382069,0.2431010206471469,-0.16191746470893997,-2.8200251283291484,2.8200251283291484,1.0,0.0078125,0.015625,1,0.00390625,NEGATIVE,POST_HOC_DIAGNOSTIC_ONLY
Changping,cyclic_adjacency,8,0.1546458352517882,0.2634299466580692,-0.10878411140628097,-1.6702551279225566,1.6702551279225566,0.9453125,0.0625,0.125,8,0.05859375,NEGATIVE,POST_HOC_DIAGNOSTIC_ONLY
Changping,cyclic_adjacency,9,0.11855247985527774,0.274141232224361,-0.15558875236908326,-2.3308350603718573,2.3308350603718573,0.9921875,0.015625,0.03125,2,0.01171875,NEGATIVE,POST_HOC_DIAGNOSTIC_ONLY
Changping,cyclic_adjacency,10,0.0650538658962167,0.2874996760017626,-0.22244581010554593,-4.641519319288808,4.641519319288808,1.0,0.0078125,0.015625,1,0.00390625,NEGATIVE,POST_HOC_DIAGNOSTIC_ONLY
Changping,cyclic_adjacency,11,0.10999622989894046,0.30526153959622654,-0.19526530969728606,-3.4941573464222815,3.4941573464222815,1.0,0.0078125,0.015625,1,0.00390625,NEGATIVE,POST_HOC_DIAGNOSTIC_ONLY
Changping,cyclic_adjacency,12,0.11894854148845155,0.31751269912429253,-0.19856415763584098,-3.065465906994662,3.065465906994662,0.9921875,0.015625,0.03125,2,0.01171875,NEGATIVE,POST_HOC_DIAGNOSTIC_ONLY
Changping,cyclic_adjacency,13,0.07919654894717107,0.30939721494852546,-0.2302006660013544,-3.624175001327874,3.624175001327874,1.0,0.0078125,0.015625,1,0.00390625,NEGATIVE,POST_HOC_DIAGNOSTIC_ONLY
Changping,cyclic_adjacency,14,0.11865294737245595,0.31739201362669944,-0.19873906625424348,-3.300537449559307,3.300537449559307,1.0,0.0078125,0.015625,1,0.00390625,NEGATIVE,POST_HOC_DIAGNOSTIC_ONLY
Dingling,baseline,6,0.0971053786821765,0.2535917905257804,-0.1564864118436039,-3.2936155552208337,3.2936155552208337,1.0,0.0078125,0.015625,1,0.00390625,NEGATIVE,POST_HOC_DIAGNOSTIC_ONLY
Dingling,baseline,7,0.137419944038602,0.2629988334720255,-0.12557888943342352,-2.2732202060387126,2.2732202060387126,0.984375,0.0234375,0.046875,3,0.01953125,NEGATIVE,POST_HOC_DIAGNOSTIC_ONLY
Dingling,baseline,8,0.17915688758948242,0.2799898605351979,-0.1008329729457155,-1.8344922823564367,1.8344922823564367,0.9453125,0.0625,0.125,8,0.05859375,NEGATIVE,POST_HOC_DIAGNOSTIC_ONLY
Dingling,baseline,9,0.08183899920183461,0.2938463593077575,-0.21200736010592286,-3.6082834109953486,3.6082834109953486,1.0,0.0078125,0.015625,1,0.00390625,NEGATIVE,POST_HOC_DIAGNOSTIC_ONLY
Dingling,baseline,10,0.05082228062679051,0.3098994124058625,-0.259077131779072,-4.153680389042672,4.153680389042672,1.0,0.0078125,0.015625,1,0.00390625,NEGATIVE,POST_HOC_DIAGNOSTIC_ONLY
Dingling,baseline,11,0.1083638514401326,0.32001563892245527,-0.21165178748232266,-3.2703223365891145,3.2703223365891145,1.0,0.0078125,0.015625,1,0.00390625,NEGATIVE,POST_HOC_DIAGNOSTIC_ONLY
Dingling,baseline,12,0.12135130549103278,0.3269177419318338,-0.20556643644080103,-3.3702635077272785,3.3702635077272785,1.0,0.0078125,0.015625,1,0.00390625,NEGATIVE,POST_HOC_DIAGNOSTIC_ONLY
Dingling,baseline,13,0.05760111043482595,0.31676749659500647,-0.2591663861601805,-4.136833166927519,4.136833166927519,1.0,0.0078125,0.015625,1,0.00390625,NEGATIVE,POST_HOC_DIAGNOSTIC_ONLY
Dingling,baseline,14,0.06696672765571203,0.31884268456077225,-0.2518759569050602,-3.368269048520984,3.368269048520984,1.0,0.0078125,0.015625,1,0.00390625,NEGATIVE,POST_HOC_DIAGNOSTIC_ONLY
Dingling,calibration_scale_095,6,0.097143284922364,0.25380786356375873,-0.15666457864139471,-3.2932037329605413,3.2932037329605413,1.0,0.0078125,0.015625,1,0.00390625,NEGATIVE,POST_HOC_DIAGNOSTIC_ONLY
Dingling,calibration_scale_095,7,0.13740626639350018,0.2630595608857791,-0.1256532944922789,-2.2822936921513595,2.2822936921513595,0.984375,0.0234375,0.046875,3,0.01953125,NEGATIVE,POST_HOC_DIAGNOSTIC_ONLY
Dingling,calibration_scale_095,8,0.17906403788231132,0.2801742055509813,-0.10111016766867001,-1.834197427333659,1.834197427333659,0.9453125,0.0625,0.125,8,0.05859375,NEGATIVE,POST_HOC_DIAGNOSTIC_ONLY
Dingling,calibration_scale_095,9,0.08182655476148254,0.2940462361712922,-0.21221968140980968,-3.610124270681135,3.610124270681135,1.0,0.0078125,0.015625,1,0.00390625,NEGATIVE,POST_HOC_DIAGNOSTIC_ONLY
Dingling,calibration_scale_095,10,0.050897832885030254,0.3101522045555868,-0.25925437167055654,-4.175431660133961,4.175431660133961,1.0,0.0078125,0.015625,1,0.00390625,NEGATIVE,POST_HOC_DIAGNOSTIC_ONLY
Dingling,calibration_scale_095,11,0.10851341759195715,0.32010260942013036,-0.2115891918281732,-3.266616843498884,3.266616843498884,1.0,0.0078125,0.015625,1,0.00390625,NEGATIVE,POST_HOC_DIAGNOSTIC_ONLY
Dingling,calibration_scale_095,12,0.12139782742370495,0.32705785459887005,-0.2056600271751651,-3.371154577048094,3.371154577048094,1.0,0.0078125,0.015625,1,0.00390625,NEGATIVE,POST_HOC_DIAGNOSTIC_ONLY
Dingling,calibration_scale_095,13,0.05763337291389527,0.31685198555479044,-0.2592186126408952,-4.131424472854775,4.131424472854775,1.0,0.0078125,0.015625,1,0.00390625,NEGATIVE,POST_HOC_DIAGNOSTIC_ONLY
Dingling,calibration_scale_095,14,0.06703092912699748,0.3188069137207051,-0.2517759845937076,-3.3820329933553315,3.3820329933553315,1.0,0.0078125,0.015625,1,0.00390625,NEGATIVE,POST_HOC_DIAGNOSTIC_ONLY
Dingling,calibration_scale_105,6,0.09707125246456753,0.25339479146890026,-0.1563235390043327,-3.2918747339970236,3.2918747339970236,1.0,0.0078125,0.015625,1,0.00390625,NEGATIVE,POST_HOC_DIAGNOSTIC_ONLY
Dingling,calibration_scale_105,7,0.13743211176282674,0.26294323936448183,-0.1255111276016551,-2.2632418115439794,2.2632418115439794,0.984375,0.0234375,0.046875,3,0.01953125,NEGATIVE,POST_HOC_DIAGNOSTIC_ONLY
Dingling,calibration_scale_105,8,0.1792411754683198,0.2798214008704839,-0.1005802254021641,-1.8347971604404865,1.8347971604404865,0.9375,0.0703125,0.140625,9,0.06640625,NEGATIVE,POST_HOC_DIAGNOSTIC_ONLY
Dingling,calibration_scale_105,9,0.08185085703578993,0.29366389143680227,-0.21181303440101235,-3.6076165015298005,3.6076165015298005,1.0,0.0078125,0.015625,1,0.00390625,NEGATIVE,POST_HOC_DIAGNOSTIC_ONLY
Dingling,calibration_scale_105,10,0.050753569673792305,0.3096687888214659,-0.2589152191476736,-4.145025539825182,4.145025539825182,1.0,0.0078125,0.015625,1,0.00390625,NEGATIVE,POST_HOC_DIAGNOSTIC_ONLY
Dingling,calibration_scale_105,11,0.10822737169432176,0.31993660409453956,-0.2117092324002178,-3.2737451304327343,3.2737451304327343,1.0,0.0078125,0.015625,1,0.00390625,NEGATIVE,POST_HOC_DIAGNOSTIC_ONLY
Dingling,calibration_scale_105,12,0.12130921611426951,0.3267899082465043,-0.20548069213223477,-3.3694816778803887,3.3694816778803887,1.0,0.0078125,0.015625,1,0.00390625,NEGATIVE,POST_HOC_DIAGNOSTIC_ONLY
Dingling,calibration_scale_105,13,0.0575721483529654,0.31669068191373967,-0.2591185335607743,-4.141765995044473,4.141765995044473,1.0,0.0078125,0.015625,1,0.00390625,NEGATIVE,POST_HOC_DIAGNOSTIC_ONLY
Dingling,calibration_scale_105,14,0.06690898577711092,0.31887584475061753,-0.2519668589735066,-3.3558119506411006,3.3558119506411006,1.0,0.0078125,0.015625,1,0.00390625,NEGATIVE,POST_HOC_DIAGNOSTIC_ONLY
Dingling,sensor_noise_001,6,0.09968702401576171,0.2552882918705721,-0.1556012678548104,-3.185329328524686,3.185329328524686,1.0,0.0078125,0.015625,1,0.00390625,NEGATIVE,POST_HOC_DIAGNOSTIC_ONLY
Dingling,sensor_noise_001,7,0.14006644439684743,0.2656131605229162,-0.1255467161260688,-2.2655595437707943,2.2655595437707943,0.984375,0.0234375,0.046875,3,0.01953125,NEGATIVE,POST_HOC_DIAGNOSTIC_ONLY
Dingling,sensor_noise_001,8,0.18134402158247678,0.2822971613371744,-0.10095313975469764,-1.793795044269695,1.793795044269695,0.9375,0.0703125,0.140625,9,0.06640625,NEGATIVE,POST_HOC_DIAGNOSTIC_ONLY
Dingling,sensor_noise_001,9,0.08354696943696047,0.2974335230443091,-0.21388655360734862,-3.718424521205489,3.718424521205489,1.0,0.0078125,0.015625,1,0.00390625,NEGATIVE,POST_HOC_DIAGNOSTIC_ONLY
Dingling,sensor_noise_001,10,0.05234474896108451,0.3114405185176718,-0.2590957695565873,-4.167960165624971,4.167960165624971,1.0,0.0078125,0.015625,1,0.00390625,NEGATIVE,POST_HOC_DIAGNOSTIC_ONLY
Dingling,sensor_noise_001,11,0.11087249526641701,0.32080620379403385,-0.20993370852761684,-3.2225670123569707,3.2225670123569707,1.0,0.0078125,0.015625,1,0.00390625,NEGATIVE,POST_HOC_DIAGNOSTIC_ONLY
Dingling,sensor_noise_001,12,0.12319404428899153,0.32811962046170495,-0.20492557617271343,-3.5127330845200317,3.5127330845200317,1.0,0.0078125,0.015625,1,0.00390625,NEGATIVE,POST_HOC_DIAGNOSTIC_ONLY
Dingling,sensor_noise_001,13,0.059268417051382034,0.31878450261410624,-0.2595160855627242,-4.116471262361162,4.116471262361162,1.0,0.0078125,0.015625,1,0.00390625,NEGATIVE,POST_HOC_DIAGNOSTIC_ONLY
Dingling,sensor_noise_001,14,0.06871807378987542,0.3200485486861476,-0.2513304748962722,-3.303957297345442,3.303957297345442,1.0,0.0078125,0.015625,1,0.00390625,NEGATIVE,POST_HOC_DIAGNOSTIC_ONLY
Dingling,outage_6h_30d,6,0.09727941998874004,0.2503673446347546,-0.15308792464601453,-3.175083690619756,3.175083690619756,1.0,0.0078125,0.015625,1,0.00390625,NEGATIVE,POST_HOC_DIAGNOSTIC_ONLY
Dingling,outage_6h_30d,7,0.14264527837691052,0.25872734338255515,-0.11608206500564464,-2.0849132590228545,2.0849132590228545,0.9765625,0.03125,0.0625,4,0.02734375,NEGATIVE,POST_HOC_DIAGNOSTIC_ONLY
Dingling,outage_6h_30d,8,0.17769366646412796,0.2766794007528018,-0.09898573428867383,-1.8008552916959206,1.8008552916959206,0.9453125,0.0625,0.125,8,0.05859375,NEGATIVE,POST_HOC_DIAGNOSTIC_ONLY
Dingling,outage_6h_30d,9,0.08697976282598686,0.29184596186815853,-0.20486619904217168,-3.5173957612586224,3.5173957612586224,1.0,0.0078125,0.015625,1,0.00390625,NEGATIVE,POST_HOC_DIAGNOSTIC_ONLY
Dingling,outage_6h_30d,10,0.05987780229714171,0.3104371978949252,-0.2505593955977835,-4.197272111358624,4.197272111358624,1.0,0.0078125,0.015625,1,0.00390625,NEGATIVE,POST_HOC_DIAGNOSTIC_ONLY
Dingling,outage_6h_30d,11,0.07589908836573821,0.3092863380800621,-0.2333872497143239,-3.5424594742713587,3.5424594742713587,1.0,0.0078125,0.015625,1,0.00390625,NEGATIVE,POST_HOC_DIAGNOSTIC_ONLY
Dingling,outage_6h_30d,12,0.16390816414342183,0.31713035585341526,-0.15322219170999343,-2.4695535739301286,2.4695535739301286,1.0,0.0078125,0.015625,1,0.00390625,NEGATIVE,POST_HOC_DIAGNOSTIC_ONLY
Dingling,outage_6h_30d,13,0.06389959620983768,0.31467308031398433,-0.2507734841041467,-3.859105988720838,3.859105988720838,1.0,0.0078125,0.015625,1,0.00390625,NEGATIVE,POST_HOC_DIAGNOSTIC_ONLY
Dingling,outage_6h_30d,14,0.08516776883463083,0.30750863930739,-0.22234087047275913,-2.942705260503268,2.942705260503268,1.0,0.0078125,0.015625,1,0.00390625,NEGATIVE,POST_HOC_DIAGNOSTIC_ONLY
Dingling,outage_24h_90d,6,0.09257840640681078,0.2326581793523199,-0.1400797729455091,-2.688471968759154,2.688471968759154,1.0,0.0078125,0.015625,1,0.00390625,NEGATIVE,POST_HOC_DIAGNOSTIC_ONLY
Dingling,outage_24h_90d,7,0.13594816067800963,0.2373833493506946,-0.10143518867268497,-1.6789326028771665,1.6789326028771665,0.9765625,0.03125,0.0625,4,0.02734375,NEGATIVE,POST_HOC_DIAGNOSTIC_ONLY
Dingling,outage_24h_90d,8,0.17707601193324787,0.264162429517153,-0.08708641758390515,-1.589049433834038,1.589049433834038,0.9296875,0.078125,0.15625,10,0.07421875,NEGATIVE,POST_HOC_DIAGNOSTIC_ONLY
Dingling,outage_24h_90d,9,0.06361086658444583,0.27892751217275397,-0.21531664558830815,-4.066390742424729,4.066390742424729,1.0,0.0078125,0.015625,1,0.00390625,NEGATIVE,POST_HOC_DIAGNOSTIC_ONLY
Dingling,outage_24h_90d,10,0.03955760393358437,0.28788790158878674,-0.24833029765520237,-4.0851861430626295,4.0851861430626295,1.0,0.0078125,0.015625,1,0.00390625,NEGATIVE,POST_HOC_DIAGNOSTIC_ONLY
Dingling,outage_24h_90d,11,0.05852900990801106,0.28404082993432234,-0.22551182002631126,-3.740120505960625,3.740120505960625,1.0,0.0078125,0.015625,1,0.00390625,NEGATIVE,POST_HOC_DIAGNOSTIC_ONLY
Dingling,outage_24h_90d,12,0.1409711024266149,0.30407991362191017,-0.16310881119529527,-2.6277531136196397,2.6277531136196397,1.0,0.0078125,0.015625,1,0.00390625,NEGATIVE,POST_HOC_DIAGNOSTIC_ONLY
Dingling,outage_24h_90d,13,0.04674738405387884,0.2997609248178691,-0.25301354076399024,-3.734524380873871,3.734524380873871,1.0,0.0078125,0.015625,1,0.00390625,NEGATIVE,POST_HOC_DIAGNOSTIC_ONLY
Dingling,outage_24h_90d,14,0.07145040021870075,0.2910540260869956,-0.21960362586829485,-2.917499326389279,2.917499326389279,1.0,0.0078125,0.015625,1,0.00390625,NEGATIVE,POST_HOC_DIAGNOSTIC_ONLY
Dingling,day_order_swap_010,6,0.07951533779460025,0.250837929735824,-0.17132259194122373,-3.083038325275039,3.083038325275039,1.0,0.0078125,0.015625,1,0.00390625,NEGATIVE,POST_HOC_DIAGNOSTIC_ONLY
Dingling,day_order_swap_010,7,0.1504236529007384,0.2628482224027524,-0.11242456950201402,-2.247408744662836,2.247408744662836,0.96875,0.0390625,0.078125,5,0.03515625,NEGATIVE,POST_HOC_DIAGNOSTIC_ONLY
Dingling,day_order_swap_010,8,0.17887151097835471,0.2780362799636045,-0.09916476898524981,-1.6290201212312716,1.6290201212312716,0.953125,0.0546875,0.109375,7,0.05078125,NEGATIVE,POST_HOC_DIAGNOSTIC_ONLY
Dingling,day_order_swap_010,9,0.05652185494014075,0.2987015372422392,-0.24217968230209844,-4.011012126255918,4.011012126255918,1.0,0.0078125,0.015625,1,0.00390625,NEGATIVE,POST_HOC_DIAGNOSTIC_ONLY
Dingling,day_order_swap_010,10,0.07032872162031255,0.3035183197137686,-0.23318959809345602,-3.570912743269964,3.570912743269964,1.0,0.0078125,0.015625,1,0.00390625,NEGATIVE,POST_HOC_DIAGNOSTIC_ONLY
Dingling,day_order_swap_010,11,0.10245242786102088,0.3127040800628557,-0.21025165220183484,-3.5641485533836286,3.5641485533836286,1.0,0.0078125,0.015625,1,0.00390625,NEGATIVE,POST_HOC_DIAGNOSTIC_ONLY
Dingling,day_order_swap_010,12,0.10481344228977836,0.32561913605494697,-0.22080569376516862,-3.752300984748771,3.752300984748771,1.0,0.0078125,0.015625,1,0.00390625,NEGATIVE,POST_HOC_DIAGNOSTIC_ONLY
Dingling,day_order_swap_010,13,0.050783463173856125,0.3120105822350318,-0.2612271190611757,-3.627527683776518,3.627527683776518,1.0,0.0078125,0.015625,1,0.00390625,NEGATIVE,POST_HOC_DIAGNOSTIC_ONLY
Dingling,day_order_swap_010,14,0.04820461238384261,0.3039072437175505,-0.2557026313337079,-3.7775324942332253,3.7775324942332253,1.0,0.0078125,0.015625,1,0.00390625,NEGATIVE,POST_HOC_DIAGNOSTIC_ONLY
Dingling,cyclic_adjacency,6,0.0971053786821765,0.2535917905257804,-0.1564864118436039,-3.2936155552208337,3.2936155552208337,1.0,0.0078125,0.015625,1,0.00390625,NEGATIVE,POST_HOC_DIAGNOSTIC_ONLY
Dingling,cyclic_adjacency,7,0.137419944038602,0.2629988334720255,-0.12557888943342352,-2.2732202060387126,2.2732202060387126,0.984375,0.0234375,0.046875,3,0.01953125,NEGATIVE,POST_HOC_DIAGNOSTIC_ONLY
Dingling,cyclic_adjacency,8,0.17915688758948242,0.2799898605351979,-0.1008329729457155,-1.8344922823564367,1.8344922823564367,0.9453125,0.0625,0.125,8,0.05859375,NEGATIVE,POST_HOC_DIAGNOSTIC_ONLY
Dingling,cyclic_adjacency,9,0.08183899920183461,0.2938463593077575,-0.21200736010592286,-3.6082834109953486,3.6082834109953486,1.0,0.0078125,0.015625,1,0.00390625,NEGATIVE,POST_HOC_DIAGNOSTIC_ONLY
Dingling,cyclic_adjacency,10,0.05082228062679051,0.3098994124058625,-0.259077131779072,-4.153680389042672,4.153680389042672,1.0,0.0078125,0.015625,1,0.00390625,NEGATIVE,POST_HOC_DIAGNOSTIC_ONLY
Dingling,cyclic_adjacency,11,0.1083638514401326,0.32001563892245527,-0.21165178748232266,-3.2703223365891145,3.2703223365891145,1.0,0.0078125,0.015625,1,0.00390625,NEGATIVE,POST_HOC_DIAGNOSTIC_ONLY
Dingling,cyclic_adjacency,12,0.12135130549103278,0.3269177419318338,-0.20556643644080103,-3.3702635077272785,3.3702635077272785,1.0,0.0078125,0.015625,1,0.00390625,NEGATIVE,POST_HOC_DIAGNOSTIC_ONLY
Dingling,cyclic_adjacency,13,0.05760111043482595,0.31676749659500647,-0.2591663861601805,-4.136833166927519,4.136833166927519,1.0,0.0078125,0.015625,1,0.00390625,NEGATIVE,POST_HOC_DIAGNOSTIC_ONLY
Dingling,cyclic_adjacency,14,0.06696672765571203,0.31884268456077225,-0.2518759569050602,-3.368269048520984,3.368269048520984,1.0,0.0078125,0.015625,1,0.00390625,NEGATIVE,POST_HOC_DIAGNOSTIC_ONLY
Dongsi,baseline,6,0.1185743045010828,0.2655871909268978,-0.147012886425815,-3.2890481785445367,3.2890481785445367,1.0,0.0078125,0.015625,1,0.00390625,NEGATIVE,POST_HOC_DIAGNOSTIC_ONLY
Dongsi,baseline,7,0.14134637965120983,0.2842504224037612,-0.14290404275255136,-2.728586544967005,2.728586544967005,0.9921875,0.015625,0.03125,2,0.01171875,NEGATIVE,POST_HOC_DIAGNOSTIC_ONLY
Dongsi,baseline,8,0.18777808964249584,0.31581444174452344,-0.1280363521020276,-2.337176795057438,2.337176795057438,0.96875,0.0390625,0.078125,5,0.03515625,NEGATIVE,POST_HOC_DIAGNOSTIC_ONLY
Dongsi,baseline,9,0.22155679300434372,0.3230317167215412,-0.10147492371719746,-1.6643535709394448,1.6643535709394448,0.9296875,0.078125,0.15625,10,0.07421875,NEGATIVE,POST_HOC_DIAGNOSTIC_ONLY
Dongsi,baseline,10,0.1274472008691857,0.3330591096644795,-0.20561190879529379,-2.721200958401001,2.721200958401001,1.0,0.0078125,0.015625,1,0.00390625,NEGATIVE,POST_HOC_DIAGNOSTIC_ONLY
Dongsi,baseline,11,0.11464153436251304,0.34882674299394734,-0.2341852086314343,-3.498349445031612,3.498349445031612,1.0,0.0078125,0.015625,1,0.00390625,NEGATIVE,POST_HOC_DIAGNOSTIC_ONLY
Dongsi,baseline,12,0.19907683414532562,0.3484923508873796,-0.149415516742054,-2.585265292433533,2.585265292433533,0.9921875,0.015625,0.03125,2,0.01171875,NEGATIVE,POST_HOC_DIAGNOSTIC_ONLY
Dongsi,baseline,13,0.17045823018591544,0.350165533650702,-0.17970730346478658,-2.669867902582834,2.669867902582834,1.0,0.0078125,0.015625,1,0.00390625,NEGATIVE,POST_HOC_DIAGNOSTIC_ONLY
Dongsi,baseline,14,0.1966416521862122,0.34825495375082605,-0.15161330156461383,-1.8501402573346286,1.8501402573346286,0.9765625,0.03125,0.0625,4,0.02734375,NEGATIVE,POST_HOC_DIAGNOSTIC_ONLY
Dongsi,calibration_scale_095,6,0.11847091204898182,0.2655370195883858,-0.14706610753940402,-3.276168584452505,3.276168584452505,1.0,0.0078125,0.015625,1,0.00390625,NEGATIVE,POST_HOC_DIAGNOSTIC_ONLY
Dongsi,calibration_scale_095,7,0.14126030505058373,0.28419760190344723,-0.1429372968528635,-2.729411028116782,2.729411028116782,0.9921875,0.015625,0.03125,2,0.01171875,NEGATIVE,POST_HOC_DIAGNOSTIC_ONLY
Dongsi,calibration_scale_095,8,0.18754864773464017,0.3157784616396606,-0.12822981390502045,-2.3447126252352057,2.3447126252352057,0.96875,0.0390625,0.078125,5,0.03515625,NEGATIVE,POST_HOC_DIAGNOSTIC_ONLY
Dongsi,calibration_scale_095,9,0.22143420274109368,0.3229054036676798,-0.1014712009265861,-1.668056923967903,1.668056923967903,0.9296875,0.078125,0.15625,10,0.07421875,NEGATIVE,POST_HOC_DIAGNOSTIC_ONLY
Dongsi,calibration_scale_095,10,0.12733021868239344,0.33316610335945557,-0.20583588467706213,-2.70792046241297,2.70792046241297,1.0,0.0078125,0.015625,1,0.00390625,NEGATIVE,POST_HOC_DIAGNOSTIC_ONLY
Dongsi,calibration_scale_095,11,0.11446968798404768,0.34858027044691,-0.23411058246286232,-3.5060006283695095,3.5060006283695095,1.0,0.0078125,0.015625,1,0.00390625,NEGATIVE,POST_HOC_DIAGNOSTIC_ONLY
Dongsi,calibration_scale_095,12,0.19898243207768967,0.34820878586105886,-0.14922635378336918,-2.5754328595870493,2.5754328595870493,0.9921875,0.015625,0.03125,2,0.01171875,NEGATIVE,POST_HOC_DIAGNOSTIC_ONLY
Dongsi,calibration_scale_095,13,0.1702900771187399,0.3500456462642187,-0.1797555691454788,-2.674604955788167,2.674604955788167,1.0,0.0078125,0.015625,1,0.00390625,NEGATIVE,POST_HOC_DIAGNOSTIC_ONLY
Dongsi,calibration_scale_095,14,0.19639072744540925,0.3479629168075481,-0.15157218936213884,-1.8503945049077977,1.8503945049077977,0.9765625,0.03125,0.0625,4,0.02734375,NEGATIVE,POST_HOC_DIAGNOSTIC_ONLY
Dongsi,calibration_scale_105,6,0.11867018575062774,0.2656346749771251,-0.14696448922649738,-3.3009540234370203,3.3009540234370203,1.0,0.0078125,0.015625,1,0.00390625,NEGATIVE,POST_HOC_DIAGNOSTIC_ONLY
Dongsi,calibration_scale_105,7,0.14142601256384846,0.28430008929773,-0.14287407673388153,-2.727896681368407,2.727896681368407,0.9921875,0.015625,0.03125,2,0.01171875,NEGATIVE,POST_HOC_DIAGNOSTIC_ONLY
Dongsi,calibration_scale_105,8,0.18798898504634373,0.31584812817298163,-0.1278591431266379,-2.3303129668041906,2.3303129668041906,0.96875,0.0390625,0.078125,5,0.03515625,NEGATIVE,POST_HOC_DIAGNOSTIC_ONLY
Dongsi,calibration_scale_105,9,0.22167046737779272,0.3231488557008626,-0.10147838832306988,-1.660984400313207,1.660984400313207,0.9296875,0.078125,0.15625,10,0.07421875,NEGATIVE,POST_HOC_DIAGNOSTIC_ONLY
Dongsi,calibration_scale_105,10,0.1275556015396472,0.33296250159051066,-0.20540690005086346,-2.733524830267852,2.733524830267852,1.0,0.0078125,0.015625,1,0.00390625,NEGATIVE,POST_HOC_DIAGNOSTIC_ONLY
Dongsi,calibration_scale_105,11,0.11480048347791072,0.3490534063797541,-0.2342529229018434,-3.4992996495609128,3.4992996495609128,1.0,0.0078125,0.015625,1,0.00390625,NEGATIVE,POST_HOC_DIAGNOSTIC_ONLY
Dongsi,calibration_scale_105,12,0.19916542610001753,0.3487540694388424,-0.14958864333882488,-2.5943566851826483,2.5943566851826483,0.9921875,0.015625,0.03125,2,0.01171875,NEGATIVE,POST_HOC_DIAGNOSTIC_ONLY
Dongsi,calibration_scale_105,13,0.1706130370419945,0.3502777302354845,-0.17966469319349,-2.665608804975673,2.665608804975673,1.0,0.0078125,0.015625,1,0.00390625,NEGATIVE,POST_HOC_DIAGNOSTIC_ONLY
Dongsi,calibration_scale_105,14,0.19687312566017173,0.3485243661180561,-0.15165124045788436,-1.8499029217974774,1.8499029217974774,0.9765625,0.03125,0.0625,4,0.02734375,NEGATIVE,POST_HOC_DIAGNOSTIC_ONLY
Dongsi,sensor_noise_001,6,0.11768522926146104,0.26236503173091175,-0.14467980246945072,-3.058407891044868,3.058407891044868,1.0,0.0078125,0.015625,1,0.00390625,NEGATIVE,POST_HOC_DIAGNOSTIC_ONLY
Dongsi,sensor_noise_001,7,0.14034841313658603,0.28149173671934086,-0.14114332358275483,-2.6696263843025956,2.6696263843025956,0.9921875,0.015625,0.03125,2,0.01171875,NEGATIVE,POST_HOC_DIAGNOSTIC_ONLY
Dongsi,sensor_noise_001,8,0.18422552243789722,0.3133499646295935,-0.1291244421916963,-2.3378661708416897,2.3378661708416897,0.96875,0.0390625,0.078125,5,0.03515625,NEGATIVE,POST_HOC_DIAGNOSTIC_ONLY
Dongsi,sensor_noise_001,9,0.21838730772389156,0.31948721047528206,-0.1010999027513905,-1.6555725727661537,1.6555725727661537,0.9296875,0.078125,0.15625,10,0.07421875,NEGATIVE,POST_HOC_DIAGNOSTIC_ONLY
Dongsi,sensor_noise_001,10,0.12475595653108637,0.3327505631059084,-0.20799460657482202,-2.6702020915629197,2.6702020915629197,1.0,0.0078125,0.015625,1,0.00390625,NEGATIVE,POST_HOC_DIAGNOSTIC_ONLY
Dongsi,sensor_noise_001,11,0.11089134387586302,0.3484325164410286,-0.23754117256516555,-3.4898397636308696,3.4898397636308696,1.0,0.0078125,0.015625,1,0.00390625,NEGATIVE,POST_HOC_DIAGNOSTIC_ONLY
Dongsi,sensor_noise_001,12,0.19543385606682134,0.34805744780832115,-0.1526235917414998,-2.5668198080651554,2.5668198080651554,0.9921875,0.015625,0.03125,2,0.01171875,NEGATIVE,POST_HOC_DIAGNOSTIC_ONLY
Dongsi,sensor_noise_001,13,0.16922306899655884,0.3478628998665901,-0.17863983087003124,-2.6706972100637683,2.6706972100637683,1.0,0.0078125,0.015625,1,0.00390625,NEGATIVE,POST_HOC_DIAGNOSTIC_ONLY
Dongsi,sensor_noise_001,14,0.1932638867042079,0.3464431483828601,-0.1531792616786522,-1.8706777653438256,1.8706777653438256,0.9765625,0.03125,0.0625,4,0.02734375,NEGATIVE,POST_HOC_DIAGNOSTIC_ONLY
Dongsi,outage_6h_30d,6,0.119983733763467,0.2768263456599668,-0.15684261189649978,-3.517583470656695,3.517583470656695,1.0,0.0078125,0.015625,1,0.00390625,NEGATIVE,POST_HOC_DIAGNOSTIC_ONLY
Dongsi,outage_6h_30d,7,0.14526730013977912,0.29362417806443075,-0.14835687792465163,-2.9429410233322986,2.9429410233322986,0.984375,0.0234375,0.046875,3,0.01953125,NEGATIVE,POST_HOC_DIAGNOSTIC_ONLY
Dongsi,outage_6h_30d,8,0.19555783403589086,0.31768542483850687,-0.12212759080261601,-2.1282446577993377,2.1282446577993377,0.9609375,0.046875,0.09375,6,0.04296875,NEGATIVE,POST_HOC_DIAGNOSTIC_ONLY
Dongsi,outage_6h_30d,9,0.23489703352688354,0.3218612312319797,-0.08696419770509614,-1.4090397885992247,1.4090397885992247,0.9296875,0.078125,0.15625,10,0.07421875,NEGATIVE,POST_HOC_DIAGNOSTIC_ONLY
Dongsi,outage_6h_30d,10,0.152640235102981,0.3388013851558514,-0.1861611500528704,-2.4947861626792824,2.4947861626792824,1.0,0.0078125,0.015625,1,0.00390625,NEGATIVE,POST_HOC_DIAGNOSTIC_ONLY
Dongsi,outage_6h_30d,11,0.10163387617574558,0.3505114680976288,-0.2488775919218832,-4.02578575136979,4.02578575136979,1.0,0.0078125,0.015625,1,0.00390625,NEGATIVE,POST_HOC_DIAGNOSTIC_ONLY
Dongsi,outage_6h_30d,12,0.2464908483307055,0.3577662000911071,-0.1112753517604016,-1.8765146565005577,1.8765146565005577,0.9453125,0.0625,0.125,8,0.05859375,NEGATIVE,POST_HOC_DIAGNOSTIC_ONLY
Dongsi,outage_6h_30d,13,0.2100477936073298,0.36364335611232135,-0.15359556250499154,-2.43822328138227,2.43822328138227,0.9765625,0.03125,0.0625,4,0.02734375,NEGATIVE,POST_HOC_DIAGNOSTIC_ONLY
Dongsi,outage_6h_30d,14,0.24714711045300097,0.3500141154765947,-0.10286700502359375,-1.265010919799671,1.265010919799671,0.921875,0.0859375,0.171875,11,0.08203125,NEGATIVE,POST_HOC_DIAGNOSTIC_ONLY
Dongsi,outage_24h_90d,6,0.11606468033909288,0.2580368920039196,-0.1419722116648267,-3.3683977832952023,3.3683977832952023,0.9765625,0.03125,0.0625,4,0.02734375,NEGATIVE,POST_HOC_DIAGNOSTIC_ONLY
Dongsi,outage_24h_90d,7,0.1356284859051321,0.28052061709391035,-0.14489213118877825,-3.0559449921760455,3.0559449921760455,0.984375,0.0234375,0.046875,3,0.01953125,NEGATIVE,POST_HOC_DIAGNOSTIC_ONLY
Dongsi,outage_24h_90d,8,0.18325636742445592,0.2998489165787216,-0.11659254915426567,-2.0600583500573384,2.0600583500573384,0.96875,0.0390625,0.078125,5,0.03515625,NEGATIVE,POST_HOC_DIAGNOSTIC_ONLY
Dongsi,outage_24h_90d,9,0.2165107282473391,0.30540204589323566,-0.08889131764589656,-1.4362928474990453,1.4362928474990453,0.9375,0.0703125,0.140625,9,0.06640625,NEGATIVE,POST_HOC_DIAGNOSTIC_ONLY
Dongsi,outage_24h_90d,10,0.13346774933140745,0.3224876204342518,-0.18901987110284432,-2.429275207397276,2.429275207397276,1.0,0.0078125,0.015625,1,0.00390625,NEGATIVE,POST_HOC_DIAGNOSTIC_ONLY
Dongsi,outage_24h_90d,11,0.08156096286928174,0.3366939780296178,-0.25513301516033604,-3.733455286471256,3.733455286471256,1.0,0.0078125,0.015625,1,0.00390625,NEGATIVE,POST_HOC_DIAGNOSTIC_ONLY
Dongsi,outage_24h_90d,12,0.23110671832625965,0.34230387279241536,-0.11119715446615572,-1.7144828733706108,1.7144828733706108,0.9453125,0.0625,0.125,8,0.05859375,NEGATIVE,POST_HOC_DIAGNOSTIC_ONLY
Dongsi,outage_24h_90d,13,0.20633704254195678,0.3482474023685324,-0.14191035982657563,-2.0705060650513207,2.0705060650513207,0.96875,0.0390625,0.078125,5,0.03515625,NEGATIVE,POST_HOC_DIAGNOSTIC_ONLY
Dongsi,outage_24h_90d,14,0.22592409180516426,0.33388882851012397,-0.10796473670495971,-1.3639284388086743,1.3639284388086743,0.921875,0.0859375,0.171875,11,0.08203125,NEGATIVE,POST_HOC_DIAGNOSTIC_ONLY
Dongsi,day_order_swap_010,6,0.14545725641858956,0.26260470522951423,-0.11714744881092468,-2.4322075923055717,2.4322075923055717,0.9765625,0.03125,0.0625,4,0.02734375,NEGATIVE,POST_HOC_DIAGNOSTIC_ONLY
Dongsi,day_order_swap_010,7,0.1897698534504526,0.2859561897689279,-0.09618633631847529,-1.6148961854422248,1.6148961854422248,0.9375,0.0703125,0.140625,9,0.06640625,NEGATIVE,POST_HOC_DIAGNOSTIC_ONLY
Dongsi,day_order_swap_010,8,0.19597903043547826,0.31149393776572953,-0.11551490733025127,-1.9518077158594493,1.9518077158594493,0.9453125,0.0625,0.125,8,0.05859375,NEGATIVE,POST_HOC_DIAGNOSTIC_ONLY
Dongsi,day_order_swap_010,9,0.2720178936664812,0.32753231671822436,-0.055514423051743145,-0.9266954844270336,0.9266954844270336,0.765625,0.2421875,0.484375,31,0.23828125,NEGATIVE,POST_HOC_DIAGNOSTIC_ONLY
Dongsi,day_order_swap_010,10,0.14126720198767084,0.3387838776308946,-0.19751667564322378,-2.676516774235259,2.676516774235259,1.0,0.0078125,0.015625,1,0.00390625,NEGATIVE,POST_HOC_DIAGNOSTIC_ONLY
Dongsi,day_order_swap_010,11,0.1299524746918098,0.353070317424839,-0.22311784273302923,-2.8367372483889697,2.8367372483889697,1.0,0.0078125,0.015625,1,0.00390625,NEGATIVE,POST_HOC_DIAGNOSTIC_ONLY
Dongsi,day_order_swap_010,12,0.24545475376444867,0.3546605631520856,-0.10920580938763694,-1.6940135816024982,1.6940135816024982,0.9375,0.0703125,0.140625,9,0.06640625,NEGATIVE,POST_HOC_DIAGNOSTIC_ONLY
Dongsi,day_order_swap_010,13,0.22116120356565946,0.3573633240132606,-0.13620212044760113,-2.1009430303072465,2.1009430303072465,0.9453125,0.0625,0.125,8,0.05859375,NEGATIVE,POST_HOC_DIAGNOSTIC_ONLY
Dongsi,day_order_swap_010,14,0.2585878139669123,0.34191660779057836,-0.08332879382366604,-0.9626749950161474,0.9626749950161474,0.890625,0.1171875,0.234375,15,0.11328125,NEGATIVE,POST_HOC_DIAGNOSTIC_ONLY
Dongsi,cyclic_adjacency,6,0.1185743045010828,0.2655871909268978,-0.147012886425815,-3.2890481785445367,3.2890481785445367,1.0,0.0078125,0.015625,1,0.00390625,NEGATIVE,POST_HOC_DIAGNOSTIC_ONLY
Dongsi,cyclic_adjacency,7,0.14134637965120983,0.2842504224037612,-0.14290404275255136,-2.728586544967005,2.728586544967005,0.9921875,0.015625,0.03125,2,0.01171875,NEGATIVE,POST_HOC_DIAGNOSTIC_ONLY
Dongsi,cyclic_adjacency,8,0.18777808964249584,0.31581444174452344,-0.1280363521020276,-2.337176795057438,2.337176795057438,0.96875,0.0390625,0.078125,5,0.03515625,NEGATIVE,POST_HOC_DIAGNOSTIC_ONLY
Dongsi,cyclic_adjacency,9,0.22155679300434372,0.3230317167215412,-0.10147492371719746,-1.6643535709394448,1.6643535709394448,0.9296875,0.078125,0.15625,10,0.07421875,NEGATIVE,POST_HOC_DIAGNOSTIC_ONLY
Dongsi,cyclic_adjacency,10,0.1274472008691857,0.3330591096644795,-0.20561190879529379,-2.721200958401001,2.721200958401001,1.0,0.0078125,0.015625,1,0.00390625,NEGATIVE,POST_HOC_DIAGNOSTIC_ONLY
Dongsi,cyclic_adjacency,11,0.11464153436251304,0.34882674299394734,-0.2341852086314343,-3.498349445031612,3.498349445031612,1.0,0.0078125,0.015625,1,0.00390625,NEGATIVE,POST_HOC_DIAGNOSTIC_ONLY
Dongsi,cyclic_adjacency,12,0.19907683414532562,0.3484923508873796,-0.149415516742054,-2.585265292433533,2.585265292433533,0.9921875,0.015625,0.03125,2,0.01171875,NEGATIVE,POST_HOC_DIAGNOSTIC_ONLY
Dongsi,cyclic_adjacency,13,0.17045823018591544,0.350165533650702,-0.17970730346478658,-2.669867902582834,2.669867902582834,1.0,0.0078125,0.015625,1,0.00390625,NEGATIVE,POST_HOC_DIAGNOSTIC_ONLY
Dongsi,cyclic_adjacency,14,0.1966416521862122,0.34825495375082605,-0.15161330156461383,-1.8501402573346286,1.8501402573346286,0.9765625,0.03125,0.0625,4,0.02734375,NEGATIVE,POST_HOC_DIAGNOSTIC_ONLY
Guanyuan,baseline,6,0.060597859987225854,0.22126584258801457,-0.1606679826007887,-2.5526908877142915,2.5526908877142915,1.0,0.0078125,0.015625,1,0.00390625,NEGATIVE,POST_HOC_DIAGNOSTIC_ONLY
Guanyuan,baseline,7,0.10990165233674855,0.2394765942751888,-0.12957494193844027,-2.5425562514389157,2.5425562514389157,0.9921875,0.015625,0.03125,2,0.01171875,NEGATIVE,POST_HOC_DIAGNOSTIC_ONLY
Guanyuan,baseline,8,0.17937051761134942,0.253668789758734,-0.0742982721473846,-1.2543684632530054,1.2543684632530054,0.9140625,0.09375,0.1875,12,0.08984375,NEGATIVE,POST_HOC_DIAGNOSTIC_ONLY
Guanyuan,baseline,9,0.12954156807443562,0.279641803765039,-0.15010023569060338,-2.747444074652266,2.747444074652266,1.0,0.0078125,0.015625,1,0.00390625,NEGATIVE,POST_HOC_DIAGNOSTIC_ONLY
Guanyuan,baseline,10,0.03576971316816593,0.2774419336438219,-0.24167222047565598,-3.815765694900804,3.815765694900804,1.0,0.0078125,0.015625,1,0.00390625,NEGATIVE,POST_HOC_DIAGNOSTIC_ONLY
Guanyuan,baseline,11,0.023503332655450942,0.28844682194188187,-0.2649434892864309,-4.132184018181395,4.132184018181395,1.0,0.0078125,0.015625,1,0.00390625,NEGATIVE,POST_HOC_DIAGNOSTIC_ONLY
Guanyuan,baseline,12,0.1305800320261272,0.3007591579488779,-0.17017912592275072,-2.4504487578849248,2.4504487578849248,1.0,0.0078125,0.015625,1,0.00390625,NEGATIVE,POST_HOC_DIAGNOSTIC_ONLY
Guanyuan,baseline,13,0.07069121337626268,0.28538727396626584,-0.21469606059000318,-3.1861945176986297,3.1861945176986297,1.0,0.0078125,0.015625,1,0.00390625,NEGATIVE,POST_HOC_DIAGNOSTIC_ONLY
Guanyuan,baseline,14,0.08181287347318278,0.2972889406822669,-0.21547606720908413,-3.0844562039067287,3.0844562039067287,1.0,0.0078125,0.015625,1,0.00390625,NEGATIVE,POST_HOC_DIAGNOSTIC_ONLY
Guanyuan,calibration_scale_095,6,0.06064856355332385,0.221456388202921,-0.16080782464959714,-2.5474238116827608,2.5474238116827608,1.0,0.0078125,0.015625,1,0.00390625,NEGATIVE,POST_HOC_DIAGNOSTIC_ONLY
Guanyuan,calibration_scale_095,7,0.1099520458542468,0.23963252355956077,-0.129680477705314,-2.5520543577099257,2.5520543577099257,0.9921875,0.015625,0.03125,2,0.01171875,NEGATIVE,POST_HOC_DIAGNOSTIC_ONLY
Guanyuan,calibration_scale_095,8,0.1793668386901713,0.25371491340170915,-0.07434807471153784,-1.2521535915606663,1.2521535915606663,0.9140625,0.09375,0.1875,12,0.08984375,NEGATIVE,POST_HOC_DIAGNOSTIC_ONLY
Guanyuan,calibration_scale_095,9,0.12960964897918978,0.27978849541668527,-0.1501788464374955,-2.7419137653716508,2.7419137653716508,1.0,0.0078125,0.015625,1,0.00390625,NEGATIVE,POST_HOC_DIAGNOSTIC_ONLY
Guanyuan,calibration_scale_095,10,0.03583383296054022,0.27752671085069336,-0.24169287789015315,-3.8208658571246836,3.8208658571246836,1.0,0.0078125,0.015625,1,0.00390625,NEGATIVE,POST_HOC_DIAGNOSTIC_ONLY
Guanyuan,calibration_scale_095,11,0.023594491324483505,0.2885822194446304,-0.2649877281201469,-4.139523187944309,4.139523187944309,1.0,0.0078125,0.015625,1,0.00390625,NEGATIVE,POST_HOC_DIAGNOSTIC_ONLY
Guanyuan,calibration_scale_095,12,0.13071090351475792,0.3007521994131278,-0.1700412958983699,-2.4426529098700303,2.4426529098700303,1.0,0.0078125,0.015625,1,0.00390625,NEGATIVE,POST_HOC_DIAGNOSTIC_ONLY
Guanyuan,calibration_scale_095,13,0.07076223406388454,0.28550051720201963,-0.2147382831381351,-3.185538181405925,3.185538181405925,1.0,0.0078125,0.015625,1,0.00390625,NEGATIVE,POST_HOC_DIAGNOSTIC_ONLY
Guanyuan,calibration_scale_095,14,0.08189376724739142,0.2972351880844225,-0.2153414208370311,-3.0784644693013066,3.0784644693013066,1.0,0.0078125,0.015625,1,0.00390625,NEGATIVE,POST_HOC_DIAGNOSTIC_ONLY
Guanyuan,calibration_scale_105,6,0.06055201029149488,0.22109247579588617,-0.1605404655043913,-2.557513079806145,2.557513079806145,1.0,0.0078125,0.015625,1,0.00390625,NEGATIVE,POST_HOC_DIAGNOSTIC_ONLY
Guanyuan,calibration_scale_105,7,0.10985581905036129,0.23933500772325608,-0.1294791886728948,-2.538278910001292,2.538278910001292,0.9921875,0.015625,0.03125,2,0.01171875,NEGATIVE,POST_HOC_DIAGNOSTIC_ONLY
Guanyuan,calibration_scale_105,8,0.1793736792718014,0.2536268445767347,-0.07425316530493328,-1.2557130795349443,1.2557130795349443,0.9140625,0.09375,0.1875,12,0.08984375,NEGATIVE,POST_HOC_DIAGNOSTIC_ONLY
Guanyuan,calibration_scale_105,9,0.1294797790310746,0.27950825106721433,-0.15002847203613973,-2.7430875173845104,2.7430875173845104,1.0,0.0078125,0.015625,1,0.00390625,NEGATIVE,POST_HOC_DIAGNOSTIC_ONLY
Guanyuan,calibration_scale_105,10,0.03571164187347652,0.2773647911265891,-0.2416531492531126,-3.8241009392681384,3.8241009392681384,1.0,0.0078125,0.015625,1,0.00390625,NEGATIVE,POST_HOC_DIAGNOSTIC_ONLY
Guanyuan,calibration_scale_105,11,0.023420553595208435,0.2883241132068922,-0.26490355961168377,-4.125540265127411,4.125540265127411,1.0,0.0078125,0.015625,1,0.00390625,NEGATIVE,POST_HOC_DIAGNOSTIC_ONLY
Guanyuan,calibration_scale_105,12,0.13046111887265965,0.30076598688449224,-0.1703048680118326,-2.4576087698881954,2.4576087698881954,1.0,0.0078125,0.015625,1,0.00390625,NEGATIVE,POST_HOC_DIAGNOSTIC_ONLY
Guanyuan,calibration_scale_105,13,0.07062659460412937,0.2852847577717521,-0.21465816316762273,-3.1867844180523504,3.1867844180523504,1.0,0.0078125,0.015625,1,0.00390625,NEGATIVE,POST_HOC_DIAGNOSTIC_ONLY
Guanyuan,calibration_scale_105,14,0.08173975328330355,0.2973378763601999,-0.21559812307689638,-3.0898862670245166,3.0898862670245166,1.0,0.0078125,0.015625,1,0.00390625,NEGATIVE,POST_HOC_DIAGNOSTIC_ONLY
Guanyuan,sensor_noise_001,6,0.06152880648360207,0.2219983216157549,-0.16046951513215282,-2.609011833099054,2.609011833099054,1.0,0.0078125,0.015625,1,0.00390625,NEGATIVE,POST_HOC_DIAGNOSTIC_ONLY
Guanyuan,sensor_noise_001,7,0.1098035467167913,0.2418994252140734,-0.1320958784972821,-2.7389325157684064,2.7389325157684064,0.9921875,0.015625,0.03125,2,0.01171875,NEGATIVE,POST_HOC_DIAGNOSTIC_ONLY
Guanyuan,sensor_noise_001,8,0.18037241524879735,0.2550527714714221,-0.07468035622262473,-1.2411692398009209,1.2411692398009209,0.9140625,0.09375,0.1875,12,0.08984375,NEGATIVE,POST_HOC_DIAGNOSTIC_ONLY
Guanyuan,sensor_noise_001,9,0.1303841599909294,0.2816064000305833,-0.1512222400396539,-2.756692690351708,2.756692690351708,1.0,0.0078125,0.015625,1,0.00390625,NEGATIVE,POST_HOC_DIAGNOSTIC_ONLY
Guanyuan,sensor_noise_001,10,0.03617751559383422,0.2781328553707122,-0.24195533977687797,-3.838540108264918,3.838540108264918,1.0,0.0078125,0.015625,1,0.00390625,NEGATIVE,POST_HOC_DIAGNOSTIC_ONLY
Guanyuan,sensor_noise_001,11,0.02590604139633903,0.2885654311759951,-0.2626593897796561,-3.9994820698147406,3.9994820698147406,1.0,0.0078125,0.015625,1,0.00390625,NEGATIVE,POST_HOC_DIAGNOSTIC_ONLY
Guanyuan,sensor_noise_001,12,0.13073226648576766,0.30209745116255876,-0.1713651846767911,-2.5409660735371014,2.5409660735371014,1.0,0.0078125,0.015625,1,0.00390625,NEGATIVE,POST_HOC_DIAGNOSTIC_ONLY
Guanyuan,sensor_noise_001,13,0.07124688701369863,0.28711422774599354,-0.2158673407322949,-3.162131706209411,3.162131706209411,1.0,0.0078125,0.015625,1,0.00390625,NEGATIVE,POST_HOC_DIAGNOSTIC_ONLY
Guanyuan,sensor_noise_001,14,0.08367102833017047,0.2981322946279586,-0.2144612662977881,-3.1916724428958876,3.1916724428958876,1.0,0.0078125,0.015625,1,0.00390625,NEGATIVE,POST_HOC_DIAGNOSTIC_ONLY
Guanyuan,outage_6h_30d,6,0.05122980747389658,0.22308507530927646,-0.17185526783537988,-2.8102522524896543,2.8102522524896543,1.0,0.0078125,0.015625,1,0.00390625,NEGATIVE,POST_HOC_DIAGNOSTIC_ONLY
Guanyuan,outage_6h_30d,7,0.07687978642274804,0.23738448529648748,-0.16050469887373944,-2.980082317752815,2.980082317752815,1.0,0.0078125,0.015625,1,0.00390625,NEGATIVE,POST_HOC_DIAGNOSTIC_ONLY
Guanyuan,outage_6h_30d,8,0.15917370466958183,0.2589335200458961,-0.09975981537631426,-1.4434459899393652,1.4434459899393652,0.9453125,0.0625,0.125,8,0.05859375,NEGATIVE,POST_HOC_DIAGNOSTIC_ONLY
Guanyuan,outage_6h_30d,9,0.12674901273084224,0.2789149305131687,-0.15216591778232644,-2.4789004171335156,2.4789004171335156,0.9921875,0.015625,0.03125,2,0.01171875,NEGATIVE,POST_HOC_DIAGNOSTIC_ONLY
Guanyuan,outage_6h_30d,10,0.045099883130440506,0.28259660779647255,-0.23749672466603206,-3.554600653283663,3.554600653283663,1.0,0.0078125,0.015625,1,0.00390625,NEGATIVE,POST_HOC_DIAGNOSTIC_ONLY
Guanyuan,outage_6h_30d,11,0.0385643965426563,0.3002254243810278,-0.2616610278383715,-4.158703685148898,4.158703685148898,1.0,0.0078125,0.015625,1,0.00390625,NEGATIVE,POST_HOC_DIAGNOSTIC_ONLY
Guanyuan,outage_6h_30d,12,0.14189576136982757,0.31253439065296706,-0.1706386292831395,-2.1570638185294073,2.1570638185294073,1.0,0.0078125,0.015625,1,0.00390625,NEGATIVE,POST_HOC_DIAGNOSTIC_ONLY
Guanyuan,outage_6h_30d,13,0.10355844598415917,0.2973561948556825,-0.19379774887152332,-3.0128049001179105,3.0128049001179105,1.0,0.0078125,0.015625,1,0.00390625,NEGATIVE,POST_HOC_DIAGNOSTIC_ONLY
Guanyuan,outage_6h_30d,14,0.0876397959895427,0.30325953660627014,-0.21561974061672745,-3.2801520812397698,3.2801520812397698,1.0,0.0078125,0.015625,1,0.00390625,NEGATIVE,POST_HOC_DIAGNOSTIC_ONLY
Guanyuan,outage_24h_90d,6,0.04732412140719704,0.2039782985936661,-0.15665417718646907,-2.553047483039413,2.553047483039413,1.0,0.0078125,0.015625,1,0.00390625,NEGATIVE,POST_HOC_DIAGNOSTIC_ONLY
Guanyuan,outage_24h_90d,7,0.06753669518914977,0.22230530081508235,-0.1547686056259326,-2.814991862344858,2.814991862344858,1.0,0.0078125,0.015625,1,0.00390625,NEGATIVE,POST_HOC_DIAGNOSTIC_ONLY
Guanyuan,outage_24h_90d,8,0.1534341878885309,0.23047531003877006,-0.07704112215023917,-1.2255595923018219,1.2255595923018219,0.90625,0.1015625,0.203125,13,0.09765625,NEGATIVE,POST_HOC_DIAGNOSTIC_ONLY
Guanyuan,outage_24h_90d,9,0.1043101990027676,0.25539355855639595,-0.15108335955362834,-2.5691372975185085,2.5691372975185085,0.9921875,0.015625,0.03125,2,0.01171875,NEGATIVE,POST_HOC_DIAGNOSTIC_ONLY
Guanyuan,outage_24h_90d,10,0.022988230749559378,0.2586591704222963,-0.23567093967273692,-3.747045809300623,3.747045809300623,1.0,0.0078125,0.015625,1,0.00390625,NEGATIVE,POST_HOC_DIAGNOSTIC_ONLY
Guanyuan,outage_24h_90d,11,0.025304541835284453,0.276493003007374,-0.25118846117208954,-4.358085026948002,4.358085026948002,1.0,0.0078125,0.015625,1,0.00390625,NEGATIVE,POST_HOC_DIAGNOSTIC_ONLY
Guanyuan,outage_24h_90d,12,0.1178049443351519,0.2893721616233886,-0.17156721728823668,-2.608861603288584,2.608861603288584,1.0,0.0078125,0.015625,1,0.00390625,NEGATIVE,POST_HOC_DIAGNOSTIC_ONLY
Guanyuan,outage_24h_90d,13,0.07672198068900594,0.27770666429430374,-0.2009846836052978,-2.628300118110979,2.628300118110979,1.0,0.0078125,0.015625,1,0.00390625,NEGATIVE,POST_HOC_DIAGNOSTIC_ONLY
Guanyuan,outage_24h_90d,14,0.09818752983239515,0.284917496793139,-0.18672996696074384,-2.6937893076430663,2.6937893076430663,1.0,0.0078125,0.015625,1,0.00390625,NEGATIVE,POST_HOC_DIAGNOSTIC_ONLY
Guanyuan,day_order_swap_010,6,0.09159661816512774,0.21436690439903447,-0.12277028623390673,-2.366339914144876,2.366339914144876,1.0,0.0078125,0.015625,1,0.00390625,NEGATIVE,POST_HOC_DIAGNOSTIC_ONLY
Guanyuan,day_order_swap_010,7,0.14879000073157908,0.23636820443968493,-0.08757820370810585,-1.66126878831626,1.66126878831626,0.953125,0.0546875,0.109375,7,0.05078125,NEGATIVE,POST_HOC_DIAGNOSTIC_ONLY
Guanyuan,day_order_swap_010,8,0.18896453693377546,0.25692019435201086,-0.0679556574182354,-1.10301471241217,1.10301471241217,0.84375,0.1640625,0.328125,21,0.16015625,NEGATIVE,POST_HOC_DIAGNOSTIC_ONLY
Guanyuan,day_order_swap_010,9,0.12909340600222077,0.2722284960727335,-0.1431350900705127,-2.263801886964479,2.263801886964479,0.9765625,0.03125,0.0625,4,0.02734375,NEGATIVE,POST_HOC_DIAGNOSTIC_ONLY
Guanyuan,day_order_swap_010,10,0.038453184793183964,0.2757929595096216,-0.23733977471643766,-3.6945064988971135,3.6945064988971135,1.0,0.0078125,0.015625,1,0.00390625,NEGATIVE,POST_HOC_DIAGNOSTIC_ONLY
Guanyuan,day_order_swap_010,11,0.019955256232877975,0.2944687112898421,-0.2745134550569641,-4.717836723979361,4.717836723979361,1.0,0.0078125,0.015625,1,0.00390625,NEGATIVE,POST_HOC_DIAGNOSTIC_ONLY
Guanyuan,day_order_swap_010,12,0.10967617005226576,0.29463750358561447,-0.1849613335333487,-2.7827952148538935,2.7827952148538935,1.0,0.0078125,0.015625,1,0.00390625,NEGATIVE,POST_HOC_DIAGNOSTIC_ONLY
Guanyuan,day_order_swap_010,13,0.07237972699210636,0.28663847561619815,-0.21425874862409178,-3.1299777141700993,3.1299777141700993,1.0,0.0078125,0.015625,1,0.00390625,NEGATIVE,POST_HOC_DIAGNOSTIC_ONLY
Guanyuan,day_order_swap_010,14,0.035096459013615015,0.3005720452107064,-0.2654755861970914,-4.134794450081688,4.134794450081688,1.0,0.0078125,0.015625,1,0.00390625,NEGATIVE,POST_HOC_DIAGNOSTIC_ONLY
Guanyuan,cyclic_adjacency,6,0.060597859987225854,0.22126584258801457,-0.1606679826007887,-2.5526908877142915,2.5526908877142915,1.0,0.0078125,0.015625,1,0.00390625,NEGATIVE,POST_HOC_DIAGNOSTIC_ONLY
Guanyuan,cyclic_adjacency,7,0.10990165233674855,0.2394765942751888,-0.12957494193844027,-2.5425562514389157,2.5425562514389157,0.9921875,0.015625,0.03125,2,0.01171875,NEGATIVE,POST_HOC_DIAGNOSTIC_ONLY
Guanyuan,cyclic_adjacency,8,0.17937051761134942,0.253668789758734,-0.0742982721473846,-1.2543684632530054,1.2543684632530054,0.9140625,0.09375,0.1875,12,0.08984375,NEGATIVE,POST_HOC_DIAGNOSTIC_ONLY
Guanyuan,cyclic_adjacency,9,0.12954156807443562,0.279641803765039,-0.15010023569060338,-2.747444074652266,2.747444074652266,1.0,0.0078125,0.015625,1,0.00390625,NEGATIVE,POST_HOC_DIAGNOSTIC_ONLY
Guanyuan,cyclic_adjacency,10,0.03576971316816593,0.2774419336438219,-0.24167222047565598,-3.815765694900804,3.815765694900804,1.0,0.0078125,0.015625,1,0.00390625,NEGATIVE,POST_HOC_DIAGNOSTIC_ONLY
Guanyuan,cyclic_adjacency,11,0.023503332655450942,0.28844682194188187,-0.2649434892864309,-4.132184018181395,4.132184018181395,1.0,0.0078125,0.015625,1,0.00390625,NEGATIVE,POST_HOC_DIAGNOSTIC_ONLY
Guanyuan,cyclic_adjacency,12,0.1305800320261272,0.3007591579488779,-0.17017912592275072,-2.4504487578849248,2.4504487578849248,1.0,0.0078125,0.015625,1,0.00390625,NEGATIVE,POST_HOC_DIAGNOSTIC_ONLY
Guanyuan,cyclic_adjacency,13,0.07069121337626268,0.28538727396626584,-0.21469606059000318,-3.1861945176986297,3.1861945176986297,1.0,0.0078125,0.015625,1,0.00390625,NEGATIVE,POST_HOC_DIAGNOSTIC_ONLY
Guanyuan,cyclic_adjacency,14,0.08181287347318278,0.2972889406822669,-0.21547606720908413,-3.0844562039067287,3.0844562039067287,1.0,0.0078125,0.015625,1,0.00390625,NEGATIVE,POST_HOC_DIAGNOSTIC_ONLY
Gucheng,baseline,6,0.06794184630283903,0.21657854198073448,-0.14863669567789545,-2.843107576457276,2.843107576457276,0.9921875,0.015625,0.03125,2,0.01171875,NEGATIVE,POST_HOC_DIAGNOSTIC_ONLY
Gucheng,baseline,7,0.12020492394111468,0.23472318114656707,-0.11451825720545239,-2.4505042674215933,2.4505042674215933,0.9765625,0.03125,0.0625,4,0.02734375,NEGATIVE,POST_HOC_DIAGNOSTIC_ONLY
Gucheng,baseline,8,0.14532757342516656,0.251573588063645,-0.10624601463847844,-1.5467834290171638,1.5467834290171638,0.921875,0.0859375,0.171875,11,0.08203125,NEGATIVE,POST_HOC_DIAGNOSTIC_ONLY
Gucheng,baseline,9,0.1292742675010137,0.2593969090053282,-0.1301226415043145,-2.174892944161708,2.174892944161708,0.984375,0.0234375,0.046875,3,0.01953125,NEGATIVE,POST_HOC_DIAGNOSTIC_ONLY
Gucheng,baseline,10,0.023847573073487626,0.2684602202671121,-0.24461264719362447,-3.7801273010767713,3.7801273010767713,1.0,0.0078125,0.015625,1,0.00390625,NEGATIVE,POST_HOC_DIAGNOSTIC_ONLY
Gucheng,baseline,11,0.010040354764375923,0.2798644642334235,-0.26982410946904756,-4.624297568235065,4.624297568235065,1.0,0.0078125,0.015625,1,0.00390625,NEGATIVE,POST_HOC_DIAGNOSTIC_ONLY
Gucheng,baseline,12,0.09623984265322409,0.2837443383496663,-0.18750449569644217,-2.714282783980445,2.714282783980445,1.0,0.0078125,0.015625,1,0.00390625,NEGATIVE,POST_HOC_DIAGNOSTIC_ONLY
Gucheng,baseline,13,0.0296374516032035,0.2896572846037299,-0.2600198330005264,-3.6158582787174036,3.6158582787174036,1.0,0.0078125,0.015625,1,0.00390625,NEGATIVE,POST_HOC_DIAGNOSTIC_ONLY
Gucheng,baseline,14,0.04328018994955709,0.2983774725910214,-0.2550972826414643,-3.5935627835332262,3.5935627835332262,1.0,0.0078125,0.015625,1,0.00390625,NEGATIVE,POST_HOC_DIAGNOSTIC_ONLY
Gucheng,calibration_scale_095,6,0.0679534793807614,0.2165519160130005,-0.1485984366322391,-2.841556707032925,2.841556707032925,0.9921875,0.015625,0.03125,2,0.01171875,NEGATIVE,POST_HOC_DIAGNOSTIC_ONLY
Gucheng,calibration_scale_095,7,0.12015261148896943,0.23486924393220865,-0.11471663244323922,-2.444031373302322,2.444031373302322,0.9765625,0.03125,0.0625,4,0.02734375,NEGATIVE,POST_HOC_DIAGNOSTIC_ONLY
Gucheng,calibration_scale_095,8,0.14525099182101606,0.251699427875474,-0.10644843605445795,-1.5501954440893526,1.5501954440893526,0.921875,0.0859375,0.171875,11,0.08203125,NEGATIVE,POST_HOC_DIAGNOSTIC_ONLY
Gucheng,calibration_scale_095,9,0.12930655848371708,0.2595252181247624,-0.13021865964104534,-2.175956279060347,2.175956279060347,0.984375,0.0234375,0.046875,3,0.01953125,NEGATIVE,POST_HOC_DIAGNOSTIC_ONLY
Gucheng,calibration_scale_095,10,0.023838517102896167,0.2685452761882096,-0.24470675908531345,-3.7798265867801146,3.7798265867801146,1.0,0.0078125,0.015625,1,0.00390625,NEGATIVE,POST_HOC_DIAGNOSTIC_ONLY
Gucheng,calibration_scale_095,11,0.010012889364786507,0.2799542129841675,-0.269941323619381,-4.635394742526445,4.635394742526445,1.0,0.0078125,0.015625,1,0.00390625,NEGATIVE,POST_HOC_DIAGNOSTIC_ONLY
Gucheng,calibration_scale_095,12,0.09627809480854795,0.28384178636580043,-0.1875636915572525,-2.720183154152891,2.720183154152891,1.0,0.0078125,0.015625,1,0.00390625,NEGATIVE,POST_HOC_DIAGNOSTIC_ONLY
Gucheng,calibration_scale_095,13,0.02964758960106342,0.2897134201553175,-0.2600658305542541,-3.620691007189944,3.620691007189944,1.0,0.0078125,0.015625,1,0.00390625,NEGATIVE,POST_HOC_DIAGNOSTIC_ONLY
Gucheng,calibration_scale_095,14,0.04325932611071812,0.2984469295469631,-0.25518760343624497,-3.585855136330896,3.585855136330896,1.0,0.0078125,0.015625,1,0.00390625,NEGATIVE,POST_HOC_DIAGNOSTIC_ONLY
Gucheng,calibration_scale_105,6,0.06793154118568288,0.21660275853939595,-0.14867121735371308,-2.845130071923185,2.845130071923185,0.9921875,0.015625,0.03125,2,0.01171875,NEGATIVE,POST_HOC_DIAGNOSTIC_ONLY
Gucheng,calibration_scale_105,7,0.12025259046983652,0.23459029209796875,-0.11433770162813223,-2.45645736941171,2.45645736941171,0.9765625,0.03125,0.0625,4,0.02734375,NEGATIVE,POST_HOC_DIAGNOSTIC_ONLY
Gucheng,calibration_scale_105,8,0.14539706193895433,0.25145878123984294,-0.10606171930088862,-1.5436895765807706,1.5436895765807706,0.921875,0.0859375,0.171875,11,0.08203125,NEGATIVE,POST_HOC_DIAGNOSTIC_ONLY
Gucheng,calibration_scale_105,9,0.12924497213360378,0.25928026419013667,-0.1300352920565329,-2.1739140643320187,2.1739140643320187,0.984375,0.0234375,0.046875,3,0.01953125,NEGATIVE,POST_HOC_DIAGNOSTIC_ONLY
Gucheng,calibration_scale_105,10,0.0238559673733814,0.26838299044432734,-0.24452702307094593,-3.7803895610556104,3.7803895610556104,1.0,0.0078125,0.015625,1,0.00390625,NEGATIVE,POST_HOC_DIAGNOSTIC_ONLY
Gucheng,calibration_scale_105,11,0.010065507354331328,0.27980071988472227,-0.26973521253039096,-4.612431278221072,4.612431278221072,1.0,0.0078125,0.015625,1,0.00390625,NEGATIVE,POST_HOC_DIAGNOSTIC_ONLY
Gucheng,calibration_scale_105,12,0.09620522719656861,0.28365621930258117,-0.18745099210601257,-2.712698559895101,2.712698559895101,1.0,0.0078125,0.015625,1,0.00390625,NEGATIVE,POST_HOC_DIAGNOSTIC_ONLY
Gucheng,calibration_scale_105,13,0.029628198320558356,0.28960620099605605,-0.2599780026754977,-3.611461958240457,3.611461958240457,1.0,0.0078125,0.015625,1,0.00390625,NEGATIVE,POST_HOC_DIAGNOSTIC_ONLY
Gucheng,calibration_scale_105,14,0.043299542877252656,0.2983141739719058,-0.25501463109465317,-3.6005756648046807,3.6005756648046807,1.0,0.0078125,0.015625,1,0.00390625,NEGATIVE,POST_HOC_DIAGNOSTIC_ONLY
Gucheng,sensor_noise_001,6,0.0663666584248798,0.21773799982862485,-0.15137134140374503,-2.872966009322649,2.872966009322649,1.0,0.0078125,0.015625,1,0.00390625,NEGATIVE,POST_HOC_DIAGNOSTIC_ONLY
Gucheng,sensor_noise_001,7,0.11838803575999815,0.23619326803665391,-0.11780523227665576,-2.7405467618576784,2.7405467618576784,0.9765625,0.03125,0.0625,4,0.02734375,NEGATIVE,POST_HOC_DIAGNOSTIC_ONLY
Gucheng,sensor_noise_001,8,0.14562695180807972,0.2542706795574809,-0.10864372774940118,-1.5299002744924313,1.5299002744924313,0.921875,0.0859375,0.171875,11,0.08203125,NEGATIVE,POST_HOC_DIAGNOSTIC_ONLY
Gucheng,sensor_noise_001,9,0.12926323314603094,0.2601246927770337,-0.13086145963100276,-2.189080618527603,2.189080618527603,0.984375,0.0234375,0.046875,3,0.01953125,NEGATIVE,POST_HOC_DIAGNOSTIC_ONLY
Gucheng,sensor_noise_001,10,0.023585998098806935,0.26883116831086334,-0.2452451702120564,-3.7792734446537724,3.7792734446537724,1.0,0.0078125,0.015625,1,0.00390625,NEGATIVE,POST_HOC_DIAGNOSTIC_ONLY
Gucheng,sensor_noise_001,11,0.011146683096868072,0.2797950672394895,-0.26864838414262143,-4.5545139941826935,4.5545139941826935,1.0,0.0078125,0.015625,1,0.00390625,NEGATIVE,POST_HOC_DIAGNOSTIC_ONLY
Gucheng,sensor_noise_001,12,0.09492036589368365,0.283459097417153,-0.1885387315234694,-2.785304119652049,2.785304119652049,1.0,0.0078125,0.015625,1,0.00390625,NEGATIVE,POST_HOC_DIAGNOSTIC_ONLY
Gucheng,sensor_noise_001,13,0.0296865868102608,0.28974181931177795,-0.26005523250151713,-3.6814675604178353,3.6814675604178353,1.0,0.0078125,0.015625,1,0.00390625,NEGATIVE,POST_HOC_DIAGNOSTIC_ONLY
Gucheng,sensor_noise_001,14,0.041143508676165,0.2986753206296016,-0.2575318119534366,-3.7805277961589088,3.7805277961589088,1.0,0.0078125,0.015625,1,0.00390625,NEGATIVE,POST_HOC_DIAGNOSTIC_ONLY
Gucheng,outage_6h_30d,6,0.05773321074606267,0.21203917961953023,-0.15430596887346756,-2.9794723312070004,2.9794723312070004,1.0,0.0078125,0.015625,1,0.00390625,NEGATIVE,POST_HOC_DIAGNOSTIC_ONLY
Gucheng,outage_6h_30d,7,0.0941512721477109,0.23014344202660425,-0.13599216987889334,-3.259517320429805,3.259517320429805,0.984375,0.0234375,0.046875,3,0.01953125,NEGATIVE,POST_HOC_DIAGNOSTIC_ONLY
Gucheng,outage_6h_30d,8,0.1151259243848155,0.2516649837804915,-0.136539059395676,-1.8199535154809077,1.8199535154809077,0.9609375,0.046875,0.09375,6,0.04296875,NEGATIVE,POST_HOC_DIAGNOSTIC_ONLY
Gucheng,outage_6h_30d,9,0.10873306522312381,0.25697112047151055,-0.14823805524838674,-2.24000762791744,2.24000762791744,0.9921875,0.015625,0.03125,2,0.01171875,NEGATIVE,POST_HOC_DIAGNOSTIC_ONLY
Gucheng,outage_6h_30d,10,0.028126758267161343,0.26256222046613825,-0.2344354621989769,-3.6734712055576453,3.6734712055576453,1.0,0.0078125,0.015625,1,0.00390625,NEGATIVE,POST_HOC_DIAGNOSTIC_ONLY
Gucheng,outage_6h_30d,11,0.021757850309461646,0.2786930405787701,-0.25693519026930844,-4.388447701379103,4.388447701379103,1.0,0.0078125,0.015625,1,0.00390625,NEGATIVE,POST_HOC_DIAGNOSTIC_ONLY
Gucheng,outage_6h_30d,12,0.0984464310660887,0.291955842028412,-0.19350941096232332,-2.9864913888626075,2.9864913888626075,1.0,0.0078125,0.015625,1,0.00390625,NEGATIVE,POST_HOC_DIAGNOSTIC_ONLY
Gucheng,outage_6h_30d,13,0.04593087844683691,0.2937374361161436,-0.2478065576693067,-3.376220643171777,3.376220643171777,1.0,0.0078125,0.015625,1,0.00390625,NEGATIVE,POST_HOC_DIAGNOSTIC_ONLY
Gucheng,outage_6h_30d,14,0.053529179719953586,0.2950734337415666,-0.241544254021613,-3.098126049343893,3.098126049343893,1.0,0.0078125,0.015625,1,0.00390625,NEGATIVE,POST_HOC_DIAGNOSTIC_ONLY
Gucheng,outage_24h_90d,6,0.0549042285094998,0.2028998127927228,-0.147995584283223,-2.998080888090695,2.998080888090695,1.0,0.0078125,0.015625,1,0.00390625,NEGATIVE,POST_HOC_DIAGNOSTIC_ONLY
Gucheng,outage_24h_90d,7,0.08933274369211842,0.21941050992447306,-0.13007776623235462,-2.771545739695802,2.771545739695802,0.9921875,0.015625,0.03125,2,0.01171875,NEGATIVE,POST_HOC_DIAGNOSTIC_ONLY
Gucheng,outage_24h_90d,8,0.11221293882612689,0.23630267098940425,-0.12408973216327736,-1.7099835852324416,1.7099835852324416,0.953125,0.0546875,0.109375,7,0.05078125,NEGATIVE,POST_HOC_DIAGNOSTIC_ONLY
Gucheng,outage_24h_90d,9,0.08557326757801445,0.24924568754612048,-0.16367241996810603,-2.573672186588867,2.573672186588867,0.9921875,0.015625,0.03125,2,0.01171875,NEGATIVE,POST_HOC_DIAGNOSTIC_ONLY
Gucheng,outage_24h_90d,10,0.006306282274876115,0.24486686040066666,-0.23856057812579054,-3.579771626714655,3.579771626714655,1.0,0.0078125,0.015625,1,0.00390625,NEGATIVE,POST_HOC_DIAGNOSTIC_ONLY
Gucheng,outage_24h_90d,11,0.012380221370815125,0.2638283747508845,-0.2514481533800694,-4.67162556412017,4.67162556412017,1.0,0.0078125,0.015625,1,0.00390625,NEGATIVE,POST_HOC_DIAGNOSTIC_ONLY
Gucheng,outage_24h_90d,12,0.08646755266825118,0.26762116056727653,-0.18115360789902535,-2.874314662627947,2.874314662627947,1.0,0.0078125,0.015625,1,0.00390625,NEGATIVE,POST_HOC_DIAGNOSTIC_ONLY
Gucheng,outage_24h_90d,13,0.03262552698151756,0.2812298023079759,-0.24860427532645835,-3.2963676197170835,3.2963676197170835,1.0,0.0078125,0.015625,1,0.00390625,NEGATIVE,POST_HOC_DIAGNOSTIC_ONLY
Gucheng,outage_24h_90d,14,0.04829330874488498,0.280195678339325,-0.23190236959444005,-2.9921726398618826,2.9921726398618826,1.0,0.0078125,0.015625,1,0.00390625,NEGATIVE,POST_HOC_DIAGNOSTIC_ONLY
Gucheng,day_order_swap_010,6,0.08362121398294134,0.2054983615886682,-0.12187714760572685,-2.1910757395998606,2.1910757395998606,0.9765625,0.03125,0.0625,4,0.02734375,NEGATIVE,POST_HOC_DIAGNOSTIC_ONLY
Gucheng,day_order_swap_010,7,0.10928179765475857,0.23227724205190967,-0.1229954443971511,-2.416872302828275,2.416872302828275,0.9609375,0.046875,0.09375,6,0.04296875,NEGATIVE,POST_HOC_DIAGNOSTIC_ONLY
Gucheng,day_order_swap_010,8,0.1842473062359185,0.2501090814802482,-0.06586177524432968,-0.909003012029451,0.909003012029451,0.8046875,0.203125,0.40625,26,0.19921875,NEGATIVE,POST_HOC_DIAGNOSTIC_ONLY
Gucheng,day_order_swap_010,9,0.10822454004583154,0.26209571972226653,-0.153871179676435,-2.499062077029105,2.499062077029105,0.9921875,0.015625,0.03125,2,0.01171875,NEGATIVE,POST_HOC_DIAGNOSTIC_ONLY
Gucheng,day_order_swap_010,10,0.08339718958079356,0.26819066679662523,-0.18479347721583167,-2.649757497386577,2.649757497386577,1.0,0.0078125,0.015625,1,0.00390625,NEGATIVE,POST_HOC_DIAGNOSTIC_ONLY
Gucheng,day_order_swap_010,11,-0.01595270420902987,0.2853087795710312,-0.30126148378006107,-4.521955190787373,4.521955190787373,1.0,0.0078125,0.015625,1,0.00390625,NEGATIVE,POST_HOC_DIAGNOSTIC_ONLY
Gucheng,day_order_swap_010,12,0.09507075456460229,0.29781470844616054,-0.20274395388155825,-2.7850579697408904,2.7850579697408904,1.0,0.0078125,0.015625,1,0.00390625,NEGATIVE,POST_HOC_DIAGNOSTIC_ONLY
Gucheng,day_order_swap_010,13,0.031206331938717916,0.29594278817409236,-0.26473645623537445,-4.39242883668016,4.39242883668016,1.0,0.0078125,0.015625,1,0.00390625,NEGATIVE,POST_HOC_DIAGNOSTIC_ONLY
Gucheng,day_order_swap_010,14,0.0511829525712769,0.3052743575603022,-0.25409140498902527,-3.4915903395030954,3.4915903395030954,1.0,0.0078125,0.015625,1,0.00390625,NEGATIVE,POST_HOC_DIAGNOSTIC_ONLY
Gucheng,cyclic_adjacency,6,0.06794184630283903,0.21657854198073448,-0.14863669567789545,-2.843107576457276,2.843107576457276,0.9921875,0.015625,0.03125,2,0.01171875,NEGATIVE,POST_HOC_DIAGNOSTIC_ONLY
Gucheng,cyclic_adjacency,7,0.12020492394111468,0.23472318114656707,-0.11451825720545239,-2.4505042674215933,2.4505042674215933,0.9765625,0.03125,0.0625,4,0.02734375,NEGATIVE,POST_HOC_DIAGNOSTIC_ONLY
Gucheng,cyclic_adjacency,8,0.14532757342516656,0.251573588063645,-0.10624601463847844,-1.5467834290171638,1.5467834290171638,0.921875,0.0859375,0.171875,11,0.08203125,NEGATIVE,POST_HOC_DIAGNOSTIC_ONLY
Gucheng,cyclic_adjacency,9,0.1292742675010137,0.2593969090053282,-0.1301226415043145,-2.174892944161708,2.174892944161708,0.984375,0.0234375,0.046875,3,0.01953125,NEGATIVE,POST_HOC_DIAGNOSTIC_ONLY
Gucheng,cyclic_adjacency,10,0.023847573073487626,0.2684602202671121,-0.24461264719362447,-3.7801273010767713,3.7801273010767713,1.0,0.0078125,0.015625,1,0.00390625,NEGATIVE,POST_HOC_DIAGNOSTIC_ONLY
Gucheng,cyclic_adjacency,11,0.010040354764375923,0.2798644642334235,-0.26982410946904756,-4.624297568235065,4.624297568235065,1.0,0.0078125,0.015625,1,0.00390625,NEGATIVE,POST_HOC_DIAGNOSTIC_ONLY
Gucheng,cyclic_adjacency,12,0.09623984265322409,0.2837443383496663,-0.18750449569644217,-2.714282783980445,2.714282783980445,1.0,0.0078125,0.015625,1,0.00390625,NEGATIVE,POST_HOC_DIAGNOSTIC_ONLY
Gucheng,cyclic_adjacency,13,0.0296374516032035,0.2896572846037299,-0.2600198330005264,-3.6158582787174036,3.6158582787174036,1.0,0.0078125,0.015625,1,0.00390625,NEGATIVE,POST_HOC_DIAGNOSTIC_ONLY
Gucheng,cyclic_adjacency,14,0.04328018994955709,0.2983774725910214,-0.2550972826414643,-3.5935627835332262,3.5935627835332262,1.0,0.0078125,0.015625,1,0.00390625,NEGATIVE,POST_HOC_DIAGNOSTIC_ONLY
Huairou,baseline,6,0.10039049929906783,0.23033273335666707,-0.12994223405759925,-2.4714275221983413,2.4714275221983413,0.984375,0.0234375,0.046875,3,0.01953125,NEGATIVE,POST_HOC_DIAGNOSTIC_ONLY
Huairou,baseline,7,0.08533629193618246,0.23923889908859838,-0.15390260715241594,-2.3213559140721722,2.3213559140721722,0.984375,0.0234375,0.046875,3,0.01953125,NEGATIVE,POST_HOC_DIAGNOSTIC_ONLY
Huairou,baseline,8,0.1392268693491087,0.2625465552860084,-0.12331968593689971,-2.640257374245898,2.640257374245898,0.984375,0.0234375,0.046875,3,0.01953125,NEGATIVE,POST_HOC_DIAGNOSTIC_ONLY
Huairou,baseline,9,0.10130858810339882,0.27665156124138873,-0.1753429731379899,-3.0553303752025687,3.0553303752025687,0.9921875,0.015625,0.03125,2,0.01171875,NEGATIVE,POST_HOC_DIAGNOSTIC_ONLY
Huairou,baseline,10,0.08849247246133657,0.3108212288371158,-0.22232875637577926,-3.5542219159727306,3.5542219159727306,1.0,0.0078125,0.015625,1,0.00390625,NEGATIVE,POST_HOC_DIAGNOSTIC_ONLY
Huairou,baseline,11,0.09576735334987536,0.3216431185001333,-0.22587576515025792,-3.664413243746475,3.664413243746475,1.0,0.0078125,0.015625,1,0.00390625,NEGATIVE,POST_HOC_DIAGNOSTIC_ONLY
Huairou,baseline,12,0.09151280278603838,0.3291141721472858,-0.2376013693612474,-3.8305916714976096,3.8305916714976096,1.0,0.0078125,0.015625,1,0.00390625,NEGATIVE,POST_HOC_DIAGNOSTIC_ONLY
Huairou,baseline,13,0.07004092826653933,0.3144338175480327,-0.24439288928149333,-3.483811346513712,3.483811346513712,1.0,0.0078125,0.015625,1,0.00390625,NEGATIVE,POST_HOC_DIAGNOSTIC_ONLY
Huairou,baseline,14,0.07692783986801553,0.3134832718537023,-0.23655543198568674,-3.813083231823295,3.813083231823295,1.0,0.0078125,0.015625,1,0.00390625,NEGATIVE,POST_HOC_DIAGNOSTIC_ONLY
Huairou,calibration_scale_095,6,0.10040895898805288,0.23025590999095466,-0.12984695100290178,-2.479106759639119,2.479106759639119,0.984375,0.0234375,0.046875,3,0.01953125,NEGATIVE,POST_HOC_DIAGNOSTIC_ONLY
Huairou,calibration_scale_095,7,0.08532921917127784,0.23945280467390573,-0.1541235855026279,-2.3209398054847195,2.3209398054847195,0.984375,0.0234375,0.046875,3,0.01953125,NEGATIVE,POST_HOC_DIAGNOSTIC_ONLY
Huairou,calibration_scale_095,8,0.1391123687138509,0.2625896657734961,-0.12347729705964516,-2.640858027073227,2.640858027073227,0.984375,0.0234375,0.046875,3,0.01953125,NEGATIVE,POST_HOC_DIAGNOSTIC_ONLY
Huairou,calibration_scale_095,9,0.10134833323769125,0.27673122503794567,-0.1753828918002544,-3.0452040554296986,3.0452040554296986,0.9921875,0.015625,0.03125,2,0.01171875,NEGATIVE,POST_HOC_DIAGNOSTIC_ONLY
Huairou,calibration_scale_095,10,0.08846333472908625,0.3107219477724768,-0.22225861304339056,-3.5316929196178,3.5316929196178,1.0,0.0078125,0.015625,1,0.00390625,NEGATIVE,POST_HOC_DIAGNOSTIC_ONLY
Huairou,calibration_scale_095,11,0.09577808714449704,0.3216909943824582,-0.22591290723796115,-3.6688923614163076,3.6688923614163076,1.0,0.0078125,0.015625,1,0.00390625,NEGATIVE,POST_HOC_DIAGNOSTIC_ONLY
Huairou,calibration_scale_095,12,0.09149747279479781,0.32926695523278604,-0.23776948243798823,-3.8083154464339333,3.8083154464339333,1.0,0.0078125,0.015625,1,0.00390625,NEGATIVE,POST_HOC_DIAGNOSTIC_ONLY
Huairou,calibration_scale_095,13,0.07006005700317068,0.31451695422175285,-0.24445689721858216,-3.4895157507029455,3.4895157507029455,1.0,0.0078125,0.015625,1,0.00390625,NEGATIVE,POST_HOC_DIAGNOSTIC_ONLY
Huairou,calibration_scale_095,14,0.07686740783461878,0.31353493914064084,-0.23666753130602208,-3.8040900143669405,3.8040900143669405,1.0,0.0078125,0.015625,1,0.00390625,NEGATIVE,POST_HOC_DIAGNOSTIC_ONLY
Huairou,calibration_scale_105,6,0.10037418226431868,0.2304037352054064,-0.13002955294108773,-2.4643909213848163,2.4643909213848163,0.984375,0.0234375,0.046875,3,0.01953125,NEGATIVE,POST_HOC_DIAGNOSTIC_ONLY
Huairou,calibration_scale_105,7,0.0853423619293884,0.23904351162678128,-0.15370114969739287,-2.3217571599752898,2.3217571599752898,0.984375,0.0234375,0.046875,3,0.01953125,NEGATIVE,POST_HOC_DIAGNOSTIC_ONLY
Huairou,calibration_scale_105,8,0.1393311087748703,0.26250637285744344,-0.12317526408257315,-2.639642919623223,2.639642919623223,0.9765625,0.03125,0.0625,4,0.02734375,NEGATIVE,POST_HOC_DIAGNOSTIC_ONLY
Huairou,calibration_scale_105,9,0.1012727271129012,0.27657914879877266,-0.17530642168587146,-3.049361100853169,3.049361100853169,0.9921875,0.015625,0.03125,2,0.01171875,NEGATIVE,POST_HOC_DIAGNOSTIC_ONLY
Huairou,calibration_scale_105,10,0.08851928471451838,0.310913056730731,-0.22239377201621263,-3.5449363766833857,3.5449363766833857,1.0,0.0078125,0.015625,1,0.00390625,NEGATIVE,POST_HOC_DIAGNOSTIC_ONLY
Huairou,calibration_scale_105,11,0.09575788329503415,0.32159971830399586,-0.2258418350089617,-3.659650333467961,3.659650333467961,1.0,0.0078125,0.015625,1,0.00390625,NEGATIVE,POST_HOC_DIAGNOSTIC_ONLY
Huairou,calibration_scale_105,12,0.0915271653218861,0.32897531869757674,-0.23744815337569064,-3.8512254825136765,3.8512254825136765,1.0,0.0078125,0.015625,1,0.00390625,NEGATIVE,POST_HOC_DIAGNOSTIC_ONLY
Huairou,calibration_scale_105,13,0.0700232842343774,0.3143587339467823,-0.24433544971240492,-3.478624553309523,3.478624553309523,1.0,0.0078125,0.015625,1,0.00390625,NEGATIVE,POST_HOC_DIAGNOSTIC_ONLY
Huairou,calibration_scale_105,14,0.0769837426429519,0.3134367837473644,-0.2364530411044125,-3.8212921251619574,3.8212921251619574,1.0,0.0078125,0.015625,1,0.00390625,NEGATIVE,POST_HOC_DIAGNOSTIC_ONLY
Huairou,sensor_noise_001,6,0.10236074255588731,0.23301705396796069,-0.13065631141207337,-2.517836637353337,2.517836637353337,0.984375,0.0234375,0.046875,3,0.01953125,NEGATIVE,POST_HOC_DIAGNOSTIC_ONLY
Huairou,sensor_noise_001,7,0.0856942710906004,0.24330850191975892,-0.1576142308291585,-2.2590602984803767,2.2590602984803767,0.984375,0.0234375,0.046875,3,0.01953125,NEGATIVE,POST_HOC_DIAGNOSTIC_ONLY
Huairou,sensor_noise_001,8,0.14208911453334055,0.2644542194569819,-0.12236510492364133,-2.529691156446181,2.529691156446181,0.9609375,0.046875,0.09375,6,0.04296875,NEGATIVE,POST_HOC_DIAGNOSTIC_ONLY
Huairou,sensor_noise_001,9,0.10284645371436764,0.279650782377073,-0.1768043286627054,-3.0341797630618537,3.0341797630618537,0.9921875,0.015625,0.03125,2,0.01171875,NEGATIVE,POST_HOC_DIAGNOSTIC_ONLY
Huairou,sensor_noise_001,10,0.09104538568694458,0.31342379043862834,-0.22237840475168374,-3.5240623907075475,3.5240623907075475,1.0,0.0078125,0.015625,1,0.00390625,NEGATIVE,POST_HOC_DIAGNOSTIC_ONLY
Huairou,sensor_noise_001,11,0.09697160118413237,0.3236819154675622,-0.22671031428342983,-3.7127929123437204,3.7127929123437204,1.0,0.0078125,0.015625,1,0.00390625,NEGATIVE,POST_HOC_DIAGNOSTIC_ONLY
Huairou,sensor_noise_001,12,0.09408037208645759,0.3301519573573052,-0.2360715852708476,-3.847126757400977,3.847126757400977,1.0,0.0078125,0.015625,1,0.00390625,NEGATIVE,POST_HOC_DIAGNOSTIC_ONLY
Huairou,sensor_noise_001,13,0.0720124108728771,0.3161823114202068,-0.2441699005473297,-3.4381313829702003,3.4381313829702003,1.0,0.0078125,0.015625,1,0.00390625,NEGATIVE,POST_HOC_DIAGNOSTIC_ONLY
Huairou,sensor_noise_001,14,0.07813764192336667,0.31572504599716855,-0.23758740407380188,-3.934304778028324,3.934304778028324,1.0,0.0078125,0.015625,1,0.00390625,NEGATIVE,POST_HOC_DIAGNOSTIC_ONLY
Huairou,outage_6h_30d,6,0.10285100354711567,0.22132465057090736,-0.11847364702379169,-2.083527469623985,2.083527469623985,0.9765625,0.03125,0.0625,4,0.02734375,NEGATIVE,POST_HOC_DIAGNOSTIC_ONLY
Huairou,outage_6h_30d,7,0.09301943412266812,0.23299581162739563,-0.13997637750472752,-1.9686123904813133,1.9686123904813133,0.9765625,0.03125,0.0625,4,0.02734375,NEGATIVE,POST_HOC_DIAGNOSTIC_ONLY
Huairou,outage_6h_30d,8,0.14217266062622122,0.24967844441437054,-0.10750578378814932,-1.9284903782484306,1.9284903782484306,0.953125,0.0546875,0.109375,7,0.05078125,NEGATIVE,POST_HOC_DIAGNOSTIC_ONLY
Huairou,outage_6h_30d,9,0.1095012140723564,0.2605291061173014,-0.151027892044945,-2.7397524679950083,2.7397524679950083,1.0,0.0078125,0.015625,1,0.00390625,NEGATIVE,POST_HOC_DIAGNOSTIC_ONLY
Huairou,outage_6h_30d,10,0.09786294247527774,0.30873184119280633,-0.2108688987175286,-3.429821932265483,3.429821932265483,1.0,0.0078125,0.015625,1,0.00390625,NEGATIVE,POST_HOC_DIAGNOSTIC_ONLY
Huairou,outage_6h_30d,11,0.03700916076929414,0.3155431956513218,-0.27853403488202766,-4.589606458021355,4.589606458021355,1.0,0.0078125,0.015625,1,0.00390625,NEGATIVE,POST_HOC_DIAGNOSTIC_ONLY
Huairou,outage_6h_30d,12,0.11348901652231315,0.3190388221218431,-0.20554980559952996,-3.370796287742897,3.370796287742897,1.0,0.0078125,0.015625,1,0.00390625,NEGATIVE,POST_HOC_DIAGNOSTIC_ONLY
Huairou,outage_6h_30d,13,0.06319101398578751,0.29905672463255023,-0.2358657106467627,-3.2313947239521377,3.2313947239521377,1.0,0.0078125,0.015625,1,0.00390625,NEGATIVE,POST_HOC_DIAGNOSTIC_ONLY
Huairou,outage_6h_30d,14,0.06168597508031804,0.2953947151597403,-0.23370874007942227,-3.8708617798368516,3.8708617798368516,1.0,0.0078125,0.015625,1,0.00390625,NEGATIVE,POST_HOC_DIAGNOSTIC_ONLY
Huairou,outage_24h_90d,6,0.1096035906840434,0.20959108510731853,-0.09998749442327512,-1.678482193997327,1.678482193997327,0.96875,0.0390625,0.078125,5,0.03515625,NEGATIVE,POST_HOC_DIAGNOSTIC_ONLY
Huairou,outage_24h_90d,7,0.08312409216934027,0.21703410807567164,-0.13391001590633136,-1.9974071768742012,1.9974071768742012,0.96875,0.0390625,0.078125,5,0.03515625,NEGATIVE,POST_HOC_DIAGNOSTIC_ONLY
Huairou,outage_24h_90d,8,0.13742167526930335,0.23317997773114574,-0.09575830246184239,-1.7826945974292474,1.7826945974292474,0.9296875,0.078125,0.15625,10,0.07421875,NEGATIVE,POST_HOC_DIAGNOSTIC_ONLY
Huairou,outage_24h_90d,9,0.08125124015210013,0.23904952940294338,-0.15779828925084327,-2.5631200234017806,2.5631200234017806,1.0,0.0078125,0.015625,1,0.00390625,NEGATIVE,POST_HOC_DIAGNOSTIC_ONLY
Huairou,outage_24h_90d,10,0.0810395144725438,0.2847616979446661,-0.2037221834721223,-3.155357654009893,3.155357654009893,1.0,0.0078125,0.015625,1,0.00390625,NEGATIVE,POST_HOC_DIAGNOSTIC_ONLY
Huairou,outage_24h_90d,11,0.022669656713585326,0.2960110187305786,-0.2733413620169933,-4.258359219517089,4.258359219517089,1.0,0.0078125,0.015625,1,0.00390625,NEGATIVE,POST_HOC_DIAGNOSTIC_ONLY
Huairou,outage_24h_90d,12,0.11049397884289991,0.2987213125478447,-0.18822733370494477,-3.251524361711541,3.251524361711541,1.0,0.0078125,0.015625,1,0.00390625,NEGATIVE,POST_HOC_DIAGNOSTIC_ONLY
Huairou,outage_24h_90d,13,0.04533846825006927,0.28778995484256664,-0.24245148659249738,-3.397555905212272,3.397555905212272,1.0,0.0078125,0.015625,1,0.00390625,NEGATIVE,POST_HOC_DIAGNOSTIC_ONLY
Huairou,outage_24h_90d,14,0.057579588666612815,0.28163033997225967,-0.22405075130564686,-3.434540327359263,3.434540327359263,1.0,0.0078125,0.015625,1,0.00390625,NEGATIVE,POST_HOC_DIAGNOSTIC_ONLY
Huairou,day_order_swap_010,6,0.1406112171486514,0.22935779597237646,-0.08874657882372505,-1.6335612335765894,1.6335612335765894,0.9609375,0.046875,0.09375,6,0.04296875,NEGATIVE,POST_HOC_DIAGNOSTIC_ONLY
Huairou,day_order_swap_010,7,0.17973514478272712,0.25023711972864354,-0.07050197494591642,-1.1303325202811478,1.1303325202811478,0.9296875,0.078125,0.15625,10,0.07421875,NEGATIVE,POST_HOC_DIAGNOSTIC_ONLY
Huairou,day_order_swap_010,8,0.17048123588724495,0.2662391684470623,-0.09575793255981735,-2.001122342273753,2.001122342273753,0.9609375,0.046875,0.09375,6,0.04296875,NEGATIVE,POST_HOC_DIAGNOSTIC_ONLY
Huairou,day_order_swap_010,9,0.1675763659470209,0.27717003182884603,-0.10959366588182512,-1.8867350087703962,1.8867350087703962,0.984375,0.0234375,0.046875,3,0.01953125,NEGATIVE,POST_HOC_DIAGNOSTIC_ONLY
Huairou,day_order_swap_010,10,0.0805202943993077,0.30586106067357666,-0.22534076627426897,-3.8314579234542214,3.8314579234542214,1.0,0.0078125,0.015625,1,0.00390625,NEGATIVE,POST_HOC_DIAGNOSTIC_ONLY
Huairou,day_order_swap_010,11,0.12004155622603635,0.30963609297716455,-0.1895945367511282,-3.1228663348493244,3.1228663348493244,0.9921875,0.015625,0.03125,2,0.01171875,NEGATIVE,POST_HOC_DIAGNOSTIC_ONLY
Huairou,day_order_swap_010,12,0.12548808658595065,0.32741828050128396,-0.20193019391533332,-3.5847848794080743,3.5847848794080743,1.0,0.0078125,0.015625,1,0.00390625,NEGATIVE,POST_HOC_DIAGNOSTIC_ONLY
Huairou,day_order_swap_010,13,0.0967334563217704,0.3162582707530251,-0.2195248144312547,-3.34702522373492,3.34702522373492,1.0,0.0078125,0.015625,1,0.00390625,NEGATIVE,POST_HOC_DIAGNOSTIC_ONLY
Huairou,day_order_swap_010,14,0.09702413963237969,0.3087983391241212,-0.2117741994917415,-3.757372400574343,3.757372400574343,1.0,0.0078125,0.015625,1,0.00390625,NEGATIVE,POST_HOC_DIAGNOSTIC_ONLY
Huairou,cyclic_adjacency,6,0.10039049929906783,0.23033273335666707,-0.12994223405759925,-2.4714275221983413,2.4714275221983413,0.984375,0.0234375,0.046875,3,0.01953125,NEGATIVE,POST_HOC_DIAGNOSTIC_ONLY
Huairou,cyclic_adjacency,7,0.08533629193618246,0.23923889908859838,-0.15390260715241594,-2.3213559140721722,2.3213559140721722,0.984375,0.0234375,0.046875,3,0.01953125,NEGATIVE,POST_HOC_DIAGNOSTIC_ONLY
Huairou,cyclic_adjacency,8,0.1392268693491087,0.2625465552860084,-0.12331968593689971,-2.640257374245898,2.640257374245898,0.984375,0.0234375,0.046875,3,0.01953125,NEGATIVE,POST_HOC_DIAGNOSTIC_ONLY
Huairou,cyclic_adjacency,9,0.10130858810339882,0.27665156124138873,-0.1753429731379899,-3.0553303752025687,3.0553303752025687,0.9921875,0.015625,0.03125,2,0.01171875,NEGATIVE,POST_HOC_DIAGNOSTIC_ONLY
Huairou,cyclic_adjacency,10,0.08849247246133657,0.3108212288371158,-0.22232875637577926,-3.5542219159727306,3.5542219159727306,1.0,0.0078125,0.015625,1,0.00390625,NEGATIVE,POST_HOC_DIAGNOSTIC_ONLY
Huairou,cyclic_adjacency,11,0.09576735334987536,0.3216431185001333,-0.22587576515025792,-3.664413243746475,3.664413243746475,1.0,0.0078125,0.015625,1,0.00390625,NEGATIVE,POST_HOC_DIAGNOSTIC_ONLY
Huairou,cyclic_adjacency,12,0.09151280278603838,0.3291141721472858,-0.2376013693612474,-3.8305916714976096,3.8305916714976096,1.0,0.0078125,0.015625,1,0.00390625,NEGATIVE,POST_HOC_DIAGNOSTIC_ONLY
Huairou,cyclic_adjacency,13,0.07004092826653933,0.3144338175480327,-0.24439288928149333,-3.483811346513712,3.483811346513712,1.0,0.0078125,0.015625,1,0.00390625,NEGATIVE,POST_HOC_DIAGNOSTIC_ONLY
Huairou,cyclic_adjacency,14,0.07692783986801553,0.3134832718537023,-0.23655543198568674,-3.813083231823295,3.813083231823295,1.0,0.0078125,0.015625,1,0.00390625,NEGATIVE,POST_HOC_DIAGNOSTIC_ONLY
Nongzhanguan,baseline,6,0.05756190939749703,0.22255543899376054,-0.1649935295962635,-3.661453080780706,3.661453080780706,0.9921875,0.015625,0.03125,2,0.01171875,NEGATIVE,POST_HOC_DIAGNOSTIC_ONLY
Nongzhanguan,baseline,7,0.11941506288653891,0.24831429919313527,-0.12889923630659636,-2.3392017732577637,2.3392017732577637,0.9765625,0.03125,0.0625,4,0.02734375,NEGATIVE,POST_HOC_DIAGNOSTIC_ONLY
Nongzhanguan,baseline,8,0.12410116029778714,0.25029486654552224,-0.1261937062477351,-2.0221614504798007,2.0221614504798007,0.9921875,0.015625,0.03125,2,0.01171875,NEGATIVE,POST_HOC_DIAGNOSTIC_ONLY
Nongzhanguan,baseline,9,0.14323081793730227,0.2706532817910581,-0.1274224638537558,-2.231906453176914,2.231906453176914,0.9765625,0.03125,0.0625,4,0.02734375,NEGATIVE,POST_HOC_DIAGNOSTIC_ONLY
Nongzhanguan,baseline,10,0.04078388681369541,0.27628176015294137,-0.23549787333924596,-3.2516672024659057,3.2516672024659057,1.0,0.0078125,0.015625,1,0.00390625,NEGATIVE,POST_HOC_DIAGNOSTIC_ONLY
Nongzhanguan,baseline,11,0.041058448556726045,0.30146480010702575,-0.26040635155029973,-3.550255237225137,3.550255237225137,1.0,0.0078125,0.015625,1,0.00390625,NEGATIVE,POST_HOC_DIAGNOSTIC_ONLY
Nongzhanguan,baseline,12,0.1655781025483805,0.2969292159775986,-0.13135111342921807,-1.648132193806282,1.648132193806282,0.953125,0.0546875,0.109375,7,0.05078125,NEGATIVE,POST_HOC_DIAGNOSTIC_ONLY
Nongzhanguan,baseline,13,0.09835573156208402,0.29821249925540694,-0.19985676769332292,-2.4063293592705013,2.4063293592705013,0.984375,0.0234375,0.046875,3,0.01953125,NEGATIVE,POST_HOC_DIAGNOSTIC_ONLY
Nongzhanguan,baseline,14,0.10506524595771762,0.29068655123878284,-0.18562130528106524,-2.4734796258332667,2.4734796258332667,0.9921875,0.015625,0.03125,2,0.01171875,NEGATIVE,POST_HOC_DIAGNOSTIC_ONLY
Nongzhanguan,calibration_scale_095,6,0.05758723770629522,0.22254773348518508,-0.16496049577888985,-3.6522126857573833,3.6522126857573833,0.9921875,0.015625,0.03125,2,0.01171875,NEGATIVE,POST_HOC_DIAGNOSTIC_ONLY
Nongzhanguan,calibration_scale_095,7,0.11939214029212138,0.24834924520655344,-0.12895710491443207,-2.3354849094509618,2.3354849094509618,0.9765625,0.03125,0.0625,4,0.02734375,NEGATIVE,POST_HOC_DIAGNOSTIC_ONLY
Nongzhanguan,calibration_scale_095,8,0.12405237063090922,0.2504417164299865,-0.1263893457990773,-2.0166398789913234,2.0166398789913234,0.9921875,0.015625,0.03125,2,0.01171875,NEGATIVE,POST_HOC_DIAGNOSTIC_ONLY
Nongzhanguan,calibration_scale_095,9,0.14333800834323654,0.2706456770087284,-0.12730766866549184,-2.2376085720146968,2.2376085720146968,0.9765625,0.03125,0.0625,4,0.02734375,NEGATIVE,POST_HOC_DIAGNOSTIC_ONLY
Nongzhanguan,calibration_scale_095,10,0.04074638925396663,0.2762457362460329,-0.23549934699206626,-3.258476409763454,3.258476409763454,1.0,0.0078125,0.015625,1,0.00390625,NEGATIVE,POST_HOC_DIAGNOSTIC_ONLY
Nongzhanguan,calibration_scale_095,11,0.041034608926914566,0.30152214302331576,-0.2604875340964012,-3.5541429373485713,3.5541429373485713,1.0,0.0078125,0.015625,1,0.00390625,NEGATIVE,POST_HOC_DIAGNOSTIC_ONLY
Nongzhanguan,calibration_scale_095,12,0.16567602322660935,0.2969594335313683,-0.13128341030475893,-1.6440304261682956,1.6440304261682956,0.953125,0.0546875,0.109375,7,0.05078125,NEGATIVE,POST_HOC_DIAGNOSTIC_ONLY
Nongzhanguan,calibration_scale_095,13,0.09838513631035095,0.29817247151535736,-0.1997873352050064,-2.4013092150672795,2.4013092150672795,0.984375,0.0234375,0.046875,3,0.01953125,NEGATIVE,POST_HOC_DIAGNOSTIC_ONLY
Nongzhanguan,calibration_scale_095,14,0.10502125049168165,0.2906680027226209,-0.18564675223093924,-2.474312655453119,2.474312655453119,0.9921875,0.015625,0.03125,2,0.01171875,NEGATIVE,POST_HOC_DIAGNOSTIC_ONLY
Nongzhanguan,calibration_scale_105,6,0.057539096521448965,0.2225627763511847,-0.16502367982973576,-3.6698989805128184,3.6698989805128184,0.9921875,0.015625,0.03125,2,0.01171875,NEGATIVE,POST_HOC_DIAGNOSTIC_ONLY
Nongzhanguan,calibration_scale_105,7,0.11943614023606987,0.2482825178112652,-0.12884637757519535,-2.3468638595819775,2.3468638595819775,0.9765625,0.03125,0.0625,4,0.02734375,NEGATIVE,POST_HOC_DIAGNOSTIC_ONLY
Nongzhanguan,calibration_scale_105,8,0.12414520830670683,0.25016130943352954,-0.1260161011268227,-2.0272451812686643,2.0272451812686643,0.9921875,0.015625,0.03125,2,0.01171875,NEGATIVE,POST_HOC_DIAGNOSTIC_ONLY
Nongzhanguan,calibration_scale_105,9,0.14313322882381005,0.27066089356766965,-0.1275276647438596,-2.2267210995503643,2.2267210995503643,0.9765625,0.03125,0.0625,4,0.02734375,NEGATIVE,POST_HOC_DIAGNOSTIC_ONLY
Nongzhanguan,calibration_scale_105,10,0.04081830335914087,0.2761451935264299,-0.23532689016728903,-3.254462884172127,3.254462884172127,1.0,0.0078125,0.015625,1,0.00390625,NEGATIVE,POST_HOC_DIAGNOSTIC_ONLY
Nongzhanguan,calibration_scale_105,11,0.04108049662996815,0.3014123884599828,-0.26033189183001465,-3.546768303572999,3.546768303572999,1.0,0.0078125,0.015625,1,0.00390625,NEGATIVE,POST_HOC_DIAGNOSTIC_ONLY
Nongzhanguan,calibration_scale_105,12,0.1654894009504947,0.29690255785012215,-0.13141315689962746,-1.6487387681561447,1.6487387681561447,0.953125,0.0546875,0.109375,7,0.05078125,NEGATIVE,POST_HOC_DIAGNOSTIC_ONLY
Nongzhanguan,calibration_scale_105,13,0.09832898827835003,0.29819573659373816,-0.19986674831538814,-2.4079656859536125,2.4079656859536125,0.984375,0.0234375,0.046875,3,0.01953125,NEGATIVE,POST_HOC_DIAGNOSTIC_ONLY
Nongzhanguan,calibration_scale_105,14,0.10510567930137804,0.29070430062656955,-0.1855986213251915,-2.4727084847373937,2.4727084847373937,0.9921875,0.015625,0.03125,2,0.01171875,NEGATIVE,POST_HOC_DIAGNOSTIC_ONLY
Nongzhanguan,sensor_noise_001,6,0.057448535402933994,0.22153326087807906,-0.16408472547514508,-3.6760524722570924,3.6760524722570924,0.9921875,0.015625,0.03125,2,0.01171875,NEGATIVE,POST_HOC_DIAGNOSTIC_ONLY
Nongzhanguan,sensor_noise_001,7,0.1189385422260429,0.24742196866093608,-0.1284834264348932,-2.320529237210391,2.320529237210391,0.9765625,0.03125,0.0625,4,0.02734375,NEGATIVE,POST_HOC_DIAGNOSTIC_ONLY
Nongzhanguan,sensor_noise_001,8,0.1260217981040785,0.2510796822849174,-0.1250578841808389,-1.9757150356034028,1.9757150356034028,0.9921875,0.015625,0.03125,2,0.01171875,NEGATIVE,POST_HOC_DIAGNOSTIC_ONLY
Nongzhanguan,sensor_noise_001,9,0.14392145220907515,0.2696786987899611,-0.12575724658088594,-2.2451972155602244,2.2451972155602244,0.9765625,0.03125,0.0625,4,0.02734375,NEGATIVE,POST_HOC_DIAGNOSTIC_ONLY
Nongzhanguan,sensor_noise_001,10,0.040062457054726504,0.272785947674382,-0.23272349061965553,-3.300737734683774,3.300737734683774,1.0,0.0078125,0.015625,1,0.00390625,NEGATIVE,POST_HOC_DIAGNOSTIC_ONLY
Nongzhanguan,sensor_noise_001,11,0.040721539371381434,0.3010097077953829,-0.26028816842400143,-3.546671614355392,3.546671614355392,1.0,0.0078125,0.015625,1,0.00390625,NEGATIVE,POST_HOC_DIAGNOSTIC_ONLY
Nongzhanguan,sensor_noise_001,12,0.1642758610316321,0.29402995665691684,-0.12975409562528473,-1.6026237461527884,1.6026237461527884,0.953125,0.0546875,0.109375,7,0.05078125,NEGATIVE,POST_HOC_DIAGNOSTIC_ONLY
Nongzhanguan,sensor_noise_001,13,0.09642234210617821,0.2960839437227951,-0.1996616016166169,-2.3862709418684145,2.3862709418684145,0.984375,0.0234375,0.046875,3,0.01953125,NEGATIVE,POST_HOC_DIAGNOSTIC_ONLY
Nongzhanguan,sensor_noise_001,14,0.10346370670221432,0.28912652309100556,-0.18566281638879123,-2.492175026565077,2.492175026565077,0.9921875,0.015625,0.03125,2,0.01171875,NEGATIVE,POST_HOC_DIAGNOSTIC_ONLY
Nongzhanguan,outage_6h_30d,6,0.0451104796605736,0.21684706182489444,-0.17173658216432083,-3.852244292658153,3.852244292658153,0.9921875,0.015625,0.03125,2,0.01171875,NEGATIVE,POST_HOC_DIAGNOSTIC_ONLY
Nongzhanguan,outage_6h_30d,7,0.08965616418686909,0.2400119086069964,-0.1503557444201273,-2.6852028389381677,2.6852028389381677,0.9921875,0.015625,0.03125,2,0.01171875,NEGATIVE,POST_HOC_DIAGNOSTIC_ONLY
Nongzhanguan,outage_6h_30d,8,0.0977119093750381,0.24723826890151937,-0.14952635952648127,-2.445289613472481,2.445289613472481,0.9921875,0.015625,0.03125,2,0.01171875,NEGATIVE,POST_HOC_DIAGNOSTIC_ONLY
Nongzhanguan,outage_6h_30d,9,0.1256743403833153,0.26621651167788984,-0.14054217129457455,-2.3677972104731646,2.3677972104731646,0.96875,0.0390625,0.078125,5,0.03515625,NEGATIVE,POST_HOC_DIAGNOSTIC_ONLY
Nongzhanguan,outage_6h_30d,10,0.04029241441968705,0.27081810877219353,-0.23052569435250647,-3.234150877245457,3.234150877245457,1.0,0.0078125,0.015625,1,0.00390625,NEGATIVE,POST_HOC_DIAGNOSTIC_ONLY
Nongzhanguan,outage_6h_30d,11,0.043335358851868455,0.30075274150572023,-0.2574173826538518,-3.3177780361316866,3.3177780361316866,1.0,0.0078125,0.015625,1,0.00390625,NEGATIVE,POST_HOC_DIAGNOSTIC_ONLY
Nongzhanguan,outage_6h_30d,12,0.15348478381742117,0.29533390001628096,-0.1418491161988598,-1.815882977481132,1.815882977481132,0.9765625,0.03125,0.0625,4,0.02734375,NEGATIVE,POST_HOC_DIAGNOSTIC_ONLY
Nongzhanguan,outage_6h_30d,13,0.10925710316663972,0.2953751997408877,-0.186118096574248,-2.3245856643468645,2.3245856643468645,0.984375,0.0234375,0.046875,3,0.01953125,NEGATIVE,POST_HOC_DIAGNOSTIC_ONLY
Nongzhanguan,outage_6h_30d,14,0.10778332175539879,0.29640379994942145,-0.18862047819402267,-2.541183298402364,2.541183298402364,0.9921875,0.015625,0.03125,2,0.01171875,NEGATIVE,POST_HOC_DIAGNOSTIC_ONLY
Nongzhanguan,outage_24h_90d,6,0.04787350082109665,0.20750928067411778,-0.15963577985302113,-3.5324677536496933,3.5324677536496933,0.9921875,0.015625,0.03125,2,0.01171875,NEGATIVE,POST_HOC_DIAGNOSTIC_ONLY
Nongzhanguan,outage_24h_90d,7,0.08334291285248098,0.22644192133346847,-0.1430990084809875,-2.76844662064289,2.76844662064289,0.984375,0.0234375,0.046875,3,0.01953125,NEGATIVE,POST_HOC_DIAGNOSTIC_ONLY
Nongzhanguan,outage_24h_90d,8,0.09690031741613504,0.2382285610649034,-0.14132824364876834,-2.277025789758485,2.277025789758485,0.9921875,0.015625,0.03125,2,0.01171875,NEGATIVE,POST_HOC_DIAGNOSTIC_ONLY
Nongzhanguan,outage_24h_90d,9,0.1206013943809171,0.25136849077962187,-0.13076709639870476,-2.805417146482965,2.805417146482965,0.953125,0.0546875,0.109375,7,0.05078125,NEGATIVE,POST_HOC_DIAGNOSTIC_ONLY
Nongzhanguan,outage_24h_90d,10,0.031856591106537956,0.2562670909635364,-0.22441049985699843,-3.2494956151964285,3.2494956151964285,1.0,0.0078125,0.015625,1,0.00390625,NEGATIVE,POST_HOC_DIAGNOSTIC_ONLY
Nongzhanguan,outage_24h_90d,11,0.048571075475251295,0.28514205222457234,-0.23657097674932104,-3.2334828249112335,3.2334828249112335,1.0,0.0078125,0.015625,1,0.00390625,NEGATIVE,POST_HOC_DIAGNOSTIC_ONLY
Nongzhanguan,outage_24h_90d,12,0.14654073068844922,0.2744008211432127,-0.12786009045476346,-1.7567388088356206,1.7567388088356206,0.953125,0.0546875,0.109375,7,0.05078125,NEGATIVE,POST_HOC_DIAGNOSTIC_ONLY
Nongzhanguan,outage_24h_90d,13,0.10202515872352397,0.2752168279172641,-0.17319166919374013,-2.2048290931324606,2.2048290931324606,0.9765625,0.03125,0.0625,4,0.02734375,NEGATIVE,POST_HOC_DIAGNOSTIC_ONLY
Nongzhanguan,outage_24h_90d,14,0.10609328967816067,0.2759764049092767,-0.16988311523111604,-2.37264314651322,2.37264314651322,0.9921875,0.015625,0.03125,2,0.01171875,NEGATIVE,POST_HOC_DIAGNOSTIC_ONLY
Nongzhanguan,day_order_swap_010,6,0.09521360915887493,0.21961330819726368,-0.12439969903838875,-2.1958684622709725,2.1958684622709725,0.9921875,0.015625,0.03125,2,0.01171875,NEGATIVE,POST_HOC_DIAGNOSTIC_ONLY
Nongzhanguan,day_order_swap_010,7,0.15629096747775625,0.24012898592457854,-0.08383801844682229,-1.559718288081607,1.559718288081607,0.921875,0.0859375,0.171875,11,0.08203125,NEGATIVE,POST_HOC_DIAGNOSTIC_ONLY
Nongzhanguan,day_order_swap_010,8,0.15259181712253614,0.25086691640483355,-0.09827509928229741,-1.659631623376877,1.659631623376877,0.9453125,0.0625,0.125,8,0.05859375,NEGATIVE,POST_HOC_DIAGNOSTIC_ONLY
Nongzhanguan,day_order_swap_010,9,0.17123257072433554,0.2662616131148108,-0.09502904239047524,-1.45066396927726,1.45066396927726,0.921875,0.0859375,0.171875,11,0.08203125,NEGATIVE,POST_HOC_DIAGNOSTIC_ONLY
Nongzhanguan,day_order_swap_010,10,0.06883097292794808,0.2621772219412462,-0.1933462490132981,-3.128273515021662,3.128273515021662,1.0,0.0078125,0.015625,1,0.00390625,NEGATIVE,POST_HOC_DIAGNOSTIC_ONLY
Nongzhanguan,day_order_swap_010,11,0.05476052776799253,0.2974284272371146,-0.24266789946912207,-3.172742537660524,3.172742537660524,1.0,0.0078125,0.015625,1,0.00390625,NEGATIVE,POST_HOC_DIAGNOSTIC_ONLY
Nongzhanguan,day_order_swap_010,12,0.1511533193763035,0.2920237137530666,-0.14087039437676313,-1.8530161086515078,1.8530161086515078,0.9609375,0.046875,0.09375,6,0.04296875,NEGATIVE,POST_HOC_DIAGNOSTIC_ONLY
Nongzhanguan,day_order_swap_010,13,0.11538786598451546,0.28556106751415317,-0.17017320152963772,-2.112937949062599,2.112937949062599,0.9765625,0.03125,0.0625,4,0.02734375,NEGATIVE,POST_HOC_DIAGNOSTIC_ONLY
Nongzhanguan,day_order_swap_010,14,0.12064916310377154,0.2954656295156461,-0.17481646641187454,-2.235694338492028,2.235694338492028,0.9921875,0.015625,0.03125,2,0.01171875,NEGATIVE,POST_HOC_DIAGNOSTIC_ONLY
Nongzhanguan,cyclic_adjacency,6,0.05756190939749703,0.22255543899376054,-0.1649935295962635,-3.661453080780706,3.661453080780706,0.9921875,0.015625,0.03125,2,0.01171875,NEGATIVE,POST_HOC_DIAGNOSTIC_ONLY
Nongzhanguan,cyclic_adjacency,7,0.11941506288653891,0.24831429919313527,-0.12889923630659636,-2.3392017732577637,2.3392017732577637,0.9765625,0.03125,0.0625,4,0.02734375,NEGATIVE,POST_HOC_DIAGNOSTIC_ONLY
Nongzhanguan,cyclic_adjacency,8,0.12410116029778714,0.25029486654552224,-0.1261937062477351,-2.0221614504798007,2.0221614504798007,0.9921875,0.015625,0.03125,2,0.01171875,NEGATIVE,POST_HOC_DIAGNOSTIC_ONLY
Nongzhanguan,cyclic_adjacency,9,0.14323081793730227,0.2706532817910581,-0.1274224638537558,-2.231906453176914,2.231906453176914,0.9765625,0.03125,0.0625,4,0.02734375,NEGATIVE,POST_HOC_DIAGNOSTIC_ONLY
Nongzhanguan,cyclic_adjacency,10,0.04078388681369541,0.27628176015294137,-0.23549787333924596,-3.2516672024659057,3.2516672024659057,1.0,0.0078125,0.015625,1,0.00390625,NEGATIVE,POST_HOC_DIAGNOSTIC_ONLY
Nongzhanguan,cyclic_adjacency,11,0.041058448556726045,0.30146480010702575,-0.26040635155029973,-3.550255237225137,3.550255237225137,1.0,0.0078125,0.015625,1,0.00390625,NEGATIVE,POST_HOC_DIAGNOSTIC_ONLY
Nongzhanguan,cyclic_adjacency,12,0.1655781025483805,0.2969292159775986,-0.13135111342921807,-1.648132193806282,1.648132193806282,0.953125,0.0546875,0.109375,7,0.05078125,NEGATIVE,POST_HOC_DIAGNOSTIC_ONLY
Nongzhanguan,cyclic_adjacency,13,0.09835573156208402,0.29821249925540694,-0.19985676769332292,-2.4063293592705013,2.4063293592705013,0.984375,0.0234375,0.046875,3,0.01953125,NEGATIVE,POST_HOC_DIAGNOSTIC_ONLY
Nongzhanguan,cyclic_adjacency,14,0.10506524595771762,0.29068655123878284,-0.18562130528106524,-2.4734796258332667,2.4734796258332667,0.9921875,0.015625,0.03125,2,0.01171875,NEGATIVE,POST_HOC_DIAGNOSTIC_ONLY
Shunyi,baseline,6,0.11449300468406305,0.236956797720001,-0.12246379303593795,-1.945857674778638,1.945857674778638,0.984375,0.0234375,0.046875,3,0.01953125,NEGATIVE,POST_HOC_DIAGNOSTIC_ONLY
Shunyi,baseline,7,0.07999376617622043,0.25820694649711606,-0.17821318032089561,-2.8195113562394196,2.8195113562394196,1.0,0.0078125,0.015625,1,0.00390625,NEGATIVE,POST_HOC_DIAGNOSTIC_ONLY
Shunyi,baseline,8,0.15359065216984347,0.28637963640077363,-0.13278898423093016,-2.3245951048905353,2.3245951048905353,0.9921875,0.015625,0.03125,2,0.01171875,NEGATIVE,POST_HOC_DIAGNOSTIC_ONLY
Shunyi,baseline,9,0.13799885228388797,0.2925113908433325,-0.15451253855944452,-1.9752810684257491,1.9752810684257491,0.9921875,0.015625,0.03125,2,0.01171875,NEGATIVE,POST_HOC_DIAGNOSTIC_ONLY
Shunyi,baseline,10,0.11520307335934475,0.30833450341101165,-0.19313143005166689,-2.536916352102053,2.536916352102053,1.0,0.0078125,0.015625,1,0.00390625,NEGATIVE,POST_HOC_DIAGNOSTIC_ONLY
Shunyi,baseline,11,0.08723598096341416,0.3253194498190812,-0.238083468855667,-3.784217206093559,3.784217206093559,1.0,0.0078125,0.015625,1,0.00390625,NEGATIVE,POST_HOC_DIAGNOSTIC_ONLY
Shunyi,baseline,12,0.12777721313566445,0.350204201144191,-0.22242698800852653,-2.688123206893566,2.688123206893566,1.0,0.0078125,0.015625,1,0.00390625,NEGATIVE,POST_HOC_DIAGNOSTIC_ONLY
Shunyi,baseline,13,0.08281772468736892,0.3359178620030822,-0.2531001373157133,-3.173577771498652,3.173577771498652,1.0,0.0078125,0.015625,1,0.00390625,NEGATIVE,POST_HOC_DIAGNOSTIC_ONLY
Shunyi,baseline,14,0.08423420582013078,0.3523395168244376,-0.2681053110043068,-3.9453023853512046,3.9453023853512046,1.0,0.0078125,0.015625,1,0.00390625,NEGATIVE,POST_HOC_DIAGNOSTIC_ONLY
Shunyi,calibration_scale_095,6,0.1145256154352474,0.23702730568889468,-0.12250169025364728,-1.9454929302236204,1.9454929302236204,0.984375,0.0234375,0.046875,3,0.01953125,NEGATIVE,POST_HOC_DIAGNOSTIC_ONLY
Shunyi,calibration_scale_095,7,0.08002633905591283,0.2583150320298579,-0.17828869297394506,-2.815444538724177,2.815444538724177,1.0,0.0078125,0.015625,1,0.00390625,NEGATIVE,POST_HOC_DIAGNOSTIC_ONLY
Shunyi,calibration_scale_095,8,0.15354409107659076,0.28647631953968294,-0.1329322284630922,-2.3191417537689905,2.3191417537689905,0.9921875,0.015625,0.03125,2,0.01171875,NEGATIVE,POST_HOC_DIAGNOSTIC_ONLY
Shunyi,calibration_scale_095,9,0.1380518803503863,0.2926314951585383,-0.15457961480815202,-1.9729410688679718,1.9729410688679718,0.9921875,0.015625,0.03125,2,0.01171875,NEGATIVE,POST_HOC_DIAGNOSTIC_ONLY
Shunyi,calibration_scale_095,10,0.11522420781299467,0.3085161567135984,-0.19329194890060372,-2.532709394529868,2.532709394529868,1.0,0.0078125,0.015625,1,0.00390625,NEGATIVE,POST_HOC_DIAGNOSTIC_ONLY
Shunyi,calibration_scale_095,11,0.08733599587021094,0.32546114368111767,-0.2381251478109067,-3.787284719731504,3.787284719731504,1.0,0.0078125,0.015625,1,0.00390625,NEGATIVE,POST_HOC_DIAGNOSTIC_ONLY
Shunyi,calibration_scale_095,12,0.12791727503300623,0.3503890100666978,-0.22247173503369158,-2.6962948032748075,2.6962948032748075,1.0,0.0078125,0.015625,1,0.00390625,NEGATIVE,POST_HOC_DIAGNOSTIC_ONLY
Shunyi,calibration_scale_095,13,0.0828758049030302,0.3360040608028788,-0.2531282558998486,-3.177542512145747,3.177542512145747,1.0,0.0078125,0.015625,1,0.00390625,NEGATIVE,POST_HOC_DIAGNOSTIC_ONLY
Shunyi,calibration_scale_095,14,0.08431035236735915,0.35241883481556213,-0.26810848244820296,-3.941441463103266,3.941441463103266,1.0,0.0078125,0.015625,1,0.00390625,NEGATIVE,POST_HOC_DIAGNOSTIC_ONLY
Shunyi,calibration_scale_105,6,0.11446367593971425,0.23678097491223082,-0.12231729897251657,-1.9414590550179596,1.9414590550179596,0.984375,0.0234375,0.046875,3,0.01953125,NEGATIVE,POST_HOC_DIAGNOSTIC_ONLY
Shunyi,calibration_scale_105,7,0.07996434955098113,0.2581086601238517,-0.17814431057287056,-2.823223632642283,2.823223632642283,1.0,0.0078125,0.015625,1,0.00390625,NEGATIVE,POST_HOC_DIAGNOSTIC_ONLY
Shunyi,calibration_scale_105,8,0.15363325261914565,0.28629185926497774,-0.1326586066458321,-2.3295978484984134,2.3295978484984134,0.9921875,0.015625,0.03125,2,0.01171875,NEGATIVE,POST_HOC_DIAGNOSTIC_ONLY
Shunyi,calibration_scale_105,9,0.13795140987122517,0.2924024114941221,-0.15445100162289693,-1.977429148248472,1.977429148248472,0.9921875,0.015625,0.03125,2,0.01171875,NEGATIVE,POST_HOC_DIAGNOSTIC_ONLY
Shunyi,calibration_scale_105,10,0.11518427548747782,0.3081692167656793,-0.19298494127820148,-2.540778382351464,2.540778382351464,1.0,0.0078125,0.015625,1,0.00390625,NEGATIVE,POST_HOC_DIAGNOSTIC_ONLY
Shunyi,calibration_scale_105,11,0.08714521772879018,0.32519036974972776,-0.23804515202093757,-3.7813759775385627,3.7813759775385627,1.0,0.0078125,0.015625,1,0.00390625,NEGATIVE,POST_HOC_DIAGNOSTIC_ONLY
Shunyi,calibration_scale_105,12,0.12765021495859669,0.35003632021472997,-0.22238610525613328,-2.6807229437661837,2.6807229437661837,1.0,0.0078125,0.015625,1,0.00390625,NEGATIVE,POST_HOC_DIAGNOSTIC_ONLY
Shunyi,calibration_scale_105,13,0.08276513492778338,0.3358400323453197,-0.2530748974175363,-3.1696382431304753,3.1696382431304753,1.0,0.0078125,0.015625,1,0.00390625,NEGATIVE,POST_HOC_DIAGNOSTIC_ONLY
Shunyi,calibration_scale_105,14,0.08416535289378545,0.35226755135591664,-0.2681021984621312,-3.941282786626926,3.941282786626926,1.0,0.0078125,0.015625,1,0.00390625,NEGATIVE,POST_HOC_DIAGNOSTIC_ONLY
Shunyi,sensor_noise_001,6,0.11523074560409392,0.2388454647451282,-0.12361471914103427,-1.9614774205768917,1.9614774205768917,0.984375,0.0234375,0.046875,3,0.01953125,NEGATIVE,POST_HOC_DIAGNOSTIC_ONLY
Shunyi,sensor_noise_001,7,0.08254437502072673,0.2610869017801982,-0.1785425267594715,-2.9179034603555603,2.9179034603555603,1.0,0.0078125,0.015625,1,0.00390625,NEGATIVE,POST_HOC_DIAGNOSTIC_ONLY
Shunyi,sensor_noise_001,8,0.1564691551857113,0.287804961861415,-0.13133580667570371,-2.3148537675552854,2.3148537675552854,0.9921875,0.015625,0.03125,2,0.01171875,NEGATIVE,POST_HOC_DIAGNOSTIC_ONLY
Shunyi,sensor_noise_001,9,0.1401642749513199,0.2958843591877764,-0.1557200842364565,-1.9855458025789479,1.9855458025789479,0.9921875,0.015625,0.03125,2,0.01171875,NEGATIVE,POST_HOC_DIAGNOSTIC_ONLY
Shunyi,sensor_noise_001,10,0.11805931060609172,0.3121073765043412,-0.19404806589824952,-2.50786358463772,2.50786358463772,1.0,0.0078125,0.015625,1,0.00390625,NEGATIVE,POST_HOC_DIAGNOSTIC_ONLY
Shunyi,sensor_noise_001,11,0.09076910857922402,0.3273523154752899,-0.2365832068960659,-3.733717583771421,3.733717583771421,1.0,0.0078125,0.015625,1,0.00390625,NEGATIVE,POST_HOC_DIAGNOSTIC_ONLY
Shunyi,sensor_noise_001,12,0.13038959288239974,0.35283923074064005,-0.22244963785824032,-2.6995282660425186,2.6995282660425186,1.0,0.0078125,0.015625,1,0.00390625,NEGATIVE,POST_HOC_DIAGNOSTIC_ONLY
Shunyi,sensor_noise_001,13,0.08594237805547006,0.3382201027085828,-0.25227772465311277,-3.1924466520317454,3.1924466520317454,1.0,0.0078125,0.015625,1,0.00390625,NEGATIVE,POST_HOC_DIAGNOSTIC_ONLY
Shunyi,sensor_noise_001,14,0.08894635765764317,0.35335121695837723,-0.2644048593007341,-3.8240470266829556,3.8240470266829556,1.0,0.0078125,0.015625,1,0.00390625,NEGATIVE,POST_HOC_DIAGNOSTIC_ONLY
Shunyi,outage_6h_30d,6,0.11086593917618226,0.22903689570508748,-0.11817095652890522,-2.0726311569641833,2.0726311569641833,0.984375,0.0234375,0.046875,3,0.01953125,NEGATIVE,POST_HOC_DIAGNOSTIC_ONLY
Shunyi,outage_6h_30d,7,0.08107403829183028,0.2507211638105947,-0.16964712551876443,-2.7602437418399446,2.7602437418399446,1.0,0.0078125,0.015625,1,0.00390625,NEGATIVE,POST_HOC_DIAGNOSTIC_ONLY
Shunyi,outage_6h_30d,8,0.15265671914503587,0.27797197160439036,-0.1253152524593545,-2.1306796130971026,2.1306796130971026,0.984375,0.0234375,0.046875,3,0.01953125,NEGATIVE,POST_HOC_DIAGNOSTIC_ONLY
Shunyi,outage_6h_30d,9,0.13772800039176003,0.2854035538211424,-0.14767555342938238,-1.63558817471195,1.63558817471195,0.984375,0.0234375,0.046875,3,0.01953125,NEGATIVE,POST_HOC_DIAGNOSTIC_ONLY
Shunyi,outage_6h_30d,10,0.13194795560404096,0.3045022809267363,-0.17255432532269535,-2.4604170385786857,2.4604170385786857,1.0,0.0078125,0.015625,1,0.00390625,NEGATIVE,POST_HOC_DIAGNOSTIC_ONLY
Shunyi,outage_6h_30d,11,0.049961356067586414,0.327857789604592,-0.2778964335370056,-4.3945587825697165,4.3945587825697165,1.0,0.0078125,0.015625,1,0.00390625,NEGATIVE,POST_HOC_DIAGNOSTIC_ONLY
Shunyi,outage_6h_30d,12,0.1616434984916984,0.3442512907437541,-0.1826077922520557,-2.415682059368811,2.415682059368811,0.9765625,0.03125,0.0625,4,0.02734375,NEGATIVE,POST_HOC_DIAGNOSTIC_ONLY
Shunyi,outage_6h_30d,13,0.06955838273577736,0.32911576268019815,-0.2595573799444208,-3.505602494295963,3.505602494295963,1.0,0.0078125,0.015625,1,0.00390625,NEGATIVE,POST_HOC_DIAGNOSTIC_ONLY
Shunyi,outage_6h_30d,14,0.09597628215865332,0.3322630677557183,-0.23628678559706495,-3.782867574686386,3.782867574686386,1.0,0.0078125,0.015625,1,0.00390625,NEGATIVE,POST_HOC_DIAGNOSTIC_ONLY
Shunyi,outage_24h_90d,6,0.10945870091839494,0.22369716525624234,-0.1142384643378474,-1.827575797510423,1.827575797510423,0.9609375,0.046875,0.09375,6,0.04296875,NEGATIVE,POST_HOC_DIAGNOSTIC_ONLY
Shunyi,outage_24h_90d,7,0.07793790502766061,0.24131790219440497,-0.16337999716674434,-2.379864698962479,2.379864698962479,1.0,0.0078125,0.015625,1,0.00390625,NEGATIVE,POST_HOC_DIAGNOSTIC_ONLY
Shunyi,outage_24h_90d,8,0.15481261839177973,0.26487446668062753,-0.1100618482888478,-1.8130008999642522,1.8130008999642522,0.9609375,0.046875,0.09375,6,0.04296875,NEGATIVE,POST_HOC_DIAGNOSTIC_ONLY
Shunyi,outage_24h_90d,9,0.1272723544080743,0.2781679666585382,-0.1508956122504639,-1.6176495879531008,1.6176495879531008,0.984375,0.0234375,0.046875,3,0.01953125,NEGATIVE,POST_HOC_DIAGNOSTIC_ONLY
Shunyi,outage_24h_90d,10,0.11231946722180207,0.28745221182463293,-0.17513274460283085,-2.2516580133432944,2.2516580133432944,1.0,0.0078125,0.015625,1,0.00390625,NEGATIVE,POST_HOC_DIAGNOSTIC_ONLY
Shunyi,outage_24h_90d,11,0.04341573231275125,0.3114315573195519,-0.26801582500680066,-3.923016039122689,3.923016039122689,1.0,0.0078125,0.015625,1,0.00390625,NEGATIVE,POST_HOC_DIAGNOSTIC_ONLY
Shunyi,outage_24h_90d,12,0.15608804758425068,0.33367884719288887,-0.1775907996086382,-2.2192873284243304,2.2192873284243304,0.9765625,0.03125,0.0625,4,0.02734375,NEGATIVE,POST_HOC_DIAGNOSTIC_ONLY
Shunyi,outage_24h_90d,13,0.08102846128883459,0.3136043606160221,-0.2325758993271875,-2.9686486994162453,2.9686486994162453,1.0,0.0078125,0.015625,1,0.00390625,NEGATIVE,POST_HOC_DIAGNOSTIC_ONLY
Shunyi,outage_24h_90d,14,0.08813616133741697,0.32108731624272474,-0.23295115490530777,-3.28785471654597,3.28785471654597,0.9921875,0.015625,0.03125,2,0.01171875,NEGATIVE,POST_HOC_DIAGNOSTIC_ONLY
Shunyi,day_order_swap_010,6,0.14250261782955573,0.24003225584179474,-0.09752963801223902,-1.7347056767060864,1.7347056767060864,0.9765625,0.03125,0.0625,4,0.02734375,NEGATIVE,POST_HOC_DIAGNOSTIC_ONLY
Shunyi,day_order_swap_010,7,0.066360678528799,0.2584086297372929,-0.19204795120849388,-2.743590289370279,2.743590289370279,1.0,0.0078125,0.015625,1,0.00390625,NEGATIVE,POST_HOC_DIAGNOSTIC_ONLY
Shunyi,day_order_swap_010,8,0.16318459216508516,0.2825923819604746,-0.11940778979538944,-1.9304345381551709,1.9304345381551709,0.984375,0.0234375,0.046875,3,0.01953125,NEGATIVE,POST_HOC_DIAGNOSTIC_ONLY
Shunyi,day_order_swap_010,9,0.12233039451512022,0.29581899432747777,-0.17348859981235754,-2.094036634239879,2.094036634239879,1.0,0.0078125,0.015625,1,0.00390625,NEGATIVE,POST_HOC_DIAGNOSTIC_ONLY
Shunyi,day_order_swap_010,10,0.1423253965735336,0.3089912482675926,-0.166665851694059,-2.2508331320544426,2.2508331320544426,1.0,0.0078125,0.015625,1,0.00390625,NEGATIVE,POST_HOC_DIAGNOSTIC_ONLY
Shunyi,day_order_swap_010,11,0.09514187029733852,0.32767922672910094,-0.23253735643176243,-3.310885830670182,3.310885830670182,1.0,0.0078125,0.015625,1,0.00390625,NEGATIVE,POST_HOC_DIAGNOSTIC_ONLY
Shunyi,day_order_swap_010,12,0.13186168579926713,0.3418988482345955,-0.21003716243532836,-2.7627337830604928,2.7627337830604928,0.9921875,0.015625,0.03125,2,0.01171875,NEGATIVE,POST_HOC_DIAGNOSTIC_ONLY
Shunyi,day_order_swap_010,13,0.06899189397271202,0.3268167835767558,-0.2578248896040438,-3.001266307796173,3.001266307796173,1.0,0.0078125,0.015625,1,0.00390625,NEGATIVE,POST_HOC_DIAGNOSTIC_ONLY
Shunyi,day_order_swap_010,14,0.10778082315225443,0.3438216441668154,-0.23604082101456095,-3.4045038787202517,3.4045038787202517,1.0,0.0078125,0.015625,1,0.00390625,NEGATIVE,POST_HOC_DIAGNOSTIC_ONLY
Shunyi,cyclic_adjacency,6,0.11449300468406305,0.236956797720001,-0.12246379303593795,-1.945857674778638,1.945857674778638,0.984375,0.0234375,0.046875,3,0.01953125,NEGATIVE,POST_HOC_DIAGNOSTIC_ONLY
Shunyi,cyclic_adjacency,7,0.07999376617622043,0.25820694649711606,-0.17821318032089561,-2.8195113562394196,2.8195113562394196,1.0,0.0078125,0.015625,1,0.00390625,NEGATIVE,POST_HOC_DIAGNOSTIC_ONLY
Shunyi,cyclic_adjacency,8,0.15359065216984347,0.28637963640077363,-0.13278898423093016,-2.3245951048905353,2.3245951048905353,0.9921875,0.015625,0.03125,2,0.01171875,NEGATIVE,POST_HOC_DIAGNOSTIC_ONLY
Shunyi,cyclic_adjacency,9,0.13799885228388797,0.2925113908433325,-0.15451253855944452,-1.9752810684257491,1.9752810684257491,0.9921875,0.015625,0.03125,2,0.01171875,NEGATIVE,POST_HOC_DIAGNOSTIC_ONLY
Shunyi,cyclic_adjacency,10,0.11520307335934475,0.30833450341101165,-0.19313143005166689,-2.536916352102053,2.536916352102053,1.0,0.0078125,0.015625,1,0.00390625,NEGATIVE,POST_HOC_DIAGNOSTIC_ONLY
Shunyi,cyclic_adjacency,11,0.08723598096341416,0.3253194498190812,-0.238083468855667,-3.784217206093559,3.784217206093559,1.0,0.0078125,0.015625,1,0.00390625,NEGATIVE,POST_HOC_DIAGNOSTIC_ONLY
Shunyi,cyclic_adjacency,12,0.12777721313566445,0.350204201144191,-0.22242698800852653,-2.688123206893566,2.688123206893566,1.0,0.0078125,0.015625,1,0.00390625,NEGATIVE,POST_HOC_DIAGNOSTIC_ONLY
Shunyi,cyclic_adjacency,13,0.08281772468736892,0.3359178620030822,-0.2531001373157133,-3.173577771498652,3.173577771498652,1.0,0.0078125,0.015625,1,0.00390625,NEGATIVE,POST_HOC_DIAGNOSTIC_ONLY
Shunyi,cyclic_adjacency,14,0.08423420582013078,0.3523395168244376,-0.2681053110043068,-3.9453023853512046,3.9453023853512046,1.0,0.0078125,0.015625,1,0.00390625,NEGATIVE,POST_HOC_DIAGNOSTIC_ONLY
Tiantan,baseline,6,-0.033353973731924676,0.1809552691385893,-0.21430924287051398,-4.507041724532002,4.507041724532002,1.0,0.0078125,0.015625,1,0.00390625,NEGATIVE,POST_HOC_DIAGNOSTIC_ONLY
Tiantan,baseline,7,-0.020659854103151704,0.19243533252905368,-0.2130951866322054,-3.855477208314227,3.855477208314227,1.0,0.0078125,0.015625,1,0.00390625,NEGATIVE,POST_HOC_DIAGNOSTIC_ONLY
Tiantan,baseline,8,-0.013742515553074394,0.19742686136106077,-0.21116937691413518,-2.9091532810016547,2.9091532810016547,1.0,0.0078125,0.015625,1,0.00390625,NEGATIVE,POST_HOC_DIAGNOSTIC_ONLY
Tiantan,baseline,9,0.024212271543590243,0.21657354663025336,-0.19236127508666312,-2.8133497860647516,2.8133497860647516,1.0,0.0078125,0.015625,1,0.00390625,NEGATIVE,POST_HOC_DIAGNOSTIC_ONLY
Tiantan,baseline,10,0.04597576726512827,0.23498328798877854,-0.1890075207236503,-3.16155981565502,3.16155981565502,0.9921875,0.015625,0.03125,2,0.01171875,NEGATIVE,POST_HOC_DIAGNOSTIC_ONLY
Tiantan,baseline,11,-0.016304215384755915,0.2471601701519699,-0.2634643855367258,-3.7753023531137657,3.7753023531137657,1.0,0.0078125,0.015625,1,0.00390625,NEGATIVE,POST_HOC_DIAGNOSTIC_ONLY
Tiantan,baseline,12,0.08634477356376186,0.2559295305434091,-0.16958475697964726,-2.5533823041437693,2.5533823041437693,1.0,0.0078125,0.015625,1,0.00390625,NEGATIVE,POST_HOC_DIAGNOSTIC_ONLY
Tiantan,baseline,13,0.07619563264908794,0.26125726076469197,-0.18506162811560403,-2.756156516977977,2.756156516977977,1.0,0.0078125,0.015625,1,0.00390625,NEGATIVE,POST_HOC_DIAGNOSTIC_ONLY
Tiantan,baseline,14,0.1021260310878298,0.2462083634308763,-0.1440823323430465,-2.121254170175788,2.121254170175788,0.9765625,0.03125,0.0625,4,0.02734375,NEGATIVE,POST_HOC_DIAGNOSTIC_ONLY
Tiantan,calibration_scale_095,6,-0.03335102760004425,0.18101033627904067,-0.21436136387908492,-4.522926607027078,4.522926607027078,1.0,0.0078125,0.015625,1,0.00390625,NEGATIVE,POST_HOC_DIAGNOSTIC_ONLY
Tiantan,calibration_scale_095,7,-0.020763463094718184,0.19248606057294546,-0.21324952366766364,-3.866597017391729,3.866597017391729,1.0,0.0078125,0.015625,1,0.00390625,NEGATIVE,POST_HOC_DIAGNOSTIC_ONLY
Tiantan,calibration_scale_095,8,-0.01390519476857245,0.19763416218375382,-0.21153935695232626,-2.9239389838867575,2.9239389838867575,1.0,0.0078125,0.015625,1,0.00390625,NEGATIVE,POST_HOC_DIAGNOSTIC_ONLY
Tiantan,calibration_scale_095,9,0.02414788645916042,0.21671019408758094,-0.19256230762842053,-2.81257473446617,2.81257473446617,1.0,0.0078125,0.015625,1,0.00390625,NEGATIVE,POST_HOC_DIAGNOSTIC_ONLY
Tiantan,calibration_scale_095,10,0.045939756703622214,0.2350251658207656,-0.1890854091171434,-3.1630779610017594,3.1630779610017594,0.9921875,0.015625,0.03125,2,0.01171875,NEGATIVE,POST_HOC_DIAGNOSTIC_ONLY
Tiantan,calibration_scale_095,11,-0.016382250883940633,0.247094154887838,-0.26347640577177867,-3.771127295091085,3.771127295091085,1.0,0.0078125,0.015625,1,0.00390625,NEGATIVE,POST_HOC_DIAGNOSTIC_ONLY
Tiantan,calibration_scale_095,12,0.08641228592591028,0.255911488890814,-0.16949920296490373,-2.5485120400846455,2.5485120400846455,1.0,0.0078125,0.015625,1,0.00390625,NEGATIVE,POST_HOC_DIAGNOSTIC_ONLY
Tiantan,calibration_scale_095,13,0.07605604784895323,0.2612797659758285,-0.1852237181268753,-2.752558506701382,2.752558506701382,1.0,0.0078125,0.015625,1,0.00390625,NEGATIVE,POST_HOC_DIAGNOSTIC_ONLY
Tiantan,calibration_scale_095,14,0.10195497747948466,0.24627507495755502,-0.14432009747807034,-2.12237223543313,2.12237223543313,0.9765625,0.03125,0.0625,4,0.02734375,NEGATIVE,POST_HOC_DIAGNOSTIC_ONLY
Tiantan,calibration_scale_105,6,-0.033356132921639074,0.1809053010725333,-0.21426143399417238,-4.511159691260855,4.511159691260855,1.0,0.0078125,0.015625,1,0.00390625,NEGATIVE,POST_HOC_DIAGNOSTIC_ONLY
Tiantan,calibration_scale_105,7,-0.020565277512648382,0.1923896446818409,-0.21295492219448928,-3.8453694630494537,3.8453694630494537,1.0,0.0078125,0.015625,1,0.00390625,NEGATIVE,POST_HOC_DIAGNOSTIC_ONLY
Tiantan,calibration_scale_105,8,-0.013594307658437282,0.19745899434123057,-0.21105330199966785,-2.9118704604389563,2.9118704604389563,1.0,0.0078125,0.015625,1,0.00390625,NEGATIVE,POST_HOC_DIAGNOSTIC_ONLY
Tiantan,calibration_scale_105,9,0.024271276459372118,0.21644951624937084,-0.1921782397899987,-2.8203700384017223,2.8203700384017223,1.0,0.0078125,0.015625,1,0.00390625,NEGATIVE,POST_HOC_DIAGNOSTIC_ONLY
Tiantan,calibration_scale_105,10,0.04600868543676648,0.2349456148267083,-0.18893692938994183,-3.160138869742746,3.160138869742746,0.9921875,0.015625,0.03125,2,0.01171875,NEGATIVE,POST_HOC_DIAGNOSTIC_ONLY
Tiantan,calibration_scale_105,11,-0.016233064314859044,0.24722059595053483,-0.26345366026539385,-3.7790914400240254,3.7790914400240254,1.0,0.0078125,0.015625,1,0.00390625,NEGATIVE,POST_HOC_DIAGNOSTIC_ONLY
Tiantan,calibration_scale_105,12,0.08628326202713082,0.2559463388318923,-0.16966307680476145,-2.5578522210829306,2.5578522210829306,1.0,0.0078125,0.015625,1,0.00390625,NEGATIVE,POST_HOC_DIAGNOSTIC_ONLY
Tiantan,calibration_scale_105,13,0.07632257552819986,0.2612371101420779,-0.18491453461387802,-2.7524851774418493,2.7524851774418493,1.0,0.0078125,0.015625,1,0.00390625,NEGATIVE,POST_HOC_DIAGNOSTIC_ONLY
Tiantan,calibration_scale_105,14,0.10228204565453311,0.24624285034797794,-0.14396080469344483,-2.126036870378948,2.126036870378948,0.9765625,0.03125,0.0625,4,0.02734375,NEGATIVE,POST_HOC_DIAGNOSTIC_ONLY
Tiantan,sensor_noise_001,6,-0.034196421441081815,0.181473313008891,-0.2156697344499728,-4.537563996448433,4.537563996448433,1.0,0.0078125,0.015625,1,0.00390625,NEGATIVE,POST_HOC_DIAGNOSTIC_ONLY
Tiantan,sensor_noise_001,7,-0.022157472093529224,0.19115107011820423,-0.21330854221173345,-3.8216450206238335,3.8216450206238335,1.0,0.0078125,0.015625,1,0.00390625,NEGATIVE,POST_HOC_DIAGNOSTIC_ONLY
Tiantan,sensor_noise_001,8,-0.015274812246495014,0.19796324796751666,-0.21323806021401168,-2.9984690442531052,2.9984690442531052,1.0,0.0078125,0.015625,1,0.00390625,NEGATIVE,POST_HOC_DIAGNOSTIC_ONLY
Tiantan,sensor_noise_001,9,0.021038554994976467,0.21626681721898358,-0.1952282622240071,-2.779325809449799,2.779325809449799,1.0,0.0078125,0.015625,1,0.00390625,NEGATIVE,POST_HOC_DIAGNOSTIC_ONLY
Tiantan,sensor_noise_001,10,0.04456065701392299,0.23459013784778074,-0.19002948083385773,-3.2205114987830727,3.2205114987830727,0.9921875,0.015625,0.03125,2,0.01171875,NEGATIVE,POST_HOC_DIAGNOSTIC_ONLY
Tiantan,sensor_noise_001,11,-0.018647050755640143,0.2454091004287285,-0.26405615118436865,-3.852810453760108,3.852810453760108,1.0,0.0078125,0.015625,1,0.00390625,NEGATIVE,POST_HOC_DIAGNOSTIC_ONLY
Tiantan,sensor_noise_001,12,0.0858695743820168,0.25294704637031973,-0.16707747198830292,-2.5281123197030713,2.5281123197030713,1.0,0.0078125,0.015625,1,0.00390625,NEGATIVE,POST_HOC_DIAGNOSTIC_ONLY
Tiantan,sensor_noise_001,13,0.07398159737310607,0.26059635780225765,-0.1866147604291516,-2.8655897128169108,2.8655897128169108,1.0,0.0078125,0.015625,1,0.00390625,NEGATIVE,POST_HOC_DIAGNOSTIC_ONLY
Tiantan,sensor_noise_001,14,0.09784147924224854,0.24864070036341326,-0.15079922112116473,-2.325804236201797,2.325804236201797,0.9765625,0.03125,0.0625,4,0.02734375,NEGATIVE,POST_HOC_DIAGNOSTIC_ONLY
Tiantan,outage_6h_30d,6,-0.04416759991631414,0.18484346900529527,-0.2290110689216094,-4.611987862418767,4.611987862418767,1.0,0.0078125,0.015625,1,0.00390625,NEGATIVE,POST_HOC_DIAGNOSTIC_ONLY
Tiantan,outage_6h_30d,7,0.00928587778911477,0.19136265338785302,-0.18207677559873825,-3.34271002075087,3.34271002075087,1.0,0.0078125,0.015625,1,0.00390625,NEGATIVE,POST_HOC_DIAGNOSTIC_ONLY
Tiantan,outage_6h_30d,8,0.013314571852753134,0.2067571647782375,-0.19344259292548435,-2.4029929015382874,2.4029929015382874,1.0,0.0078125,0.015625,1,0.00390625,NEGATIVE,POST_HOC_DIAGNOSTIC_ONLY
Tiantan,outage_6h_30d,9,0.04888846564893962,0.22496181819930522,-0.1760733525503656,-2.479876550247724,2.479876550247724,0.9921875,0.015625,0.03125,2,0.01171875,NEGATIVE,POST_HOC_DIAGNOSTIC_ONLY
Tiantan,outage_6h_30d,10,0.0553856120178434,0.2332439770918252,-0.1778583650739818,-3.108569187116462,3.108569187116462,0.9921875,0.015625,0.03125,2,0.01171875,NEGATIVE,POST_HOC_DIAGNOSTIC_ONLY
Tiantan,outage_6h_30d,11,0.0007303077692770584,0.24372478506884865,-0.24299447729957158,-3.5679447118666117,3.5679447118666117,1.0,0.0078125,0.015625,1,0.00390625,NEGATIVE,POST_HOC_DIAGNOSTIC_ONLY
Tiantan,outage_6h_30d,12,0.08482924291532824,0.25217768388631806,-0.16734844097098983,-2.2873209993965085,2.2873209993965085,1.0,0.0078125,0.015625,1,0.00390625,NEGATIVE,POST_HOC_DIAGNOSTIC_ONLY
Tiantan,outage_6h_30d,13,0.08679997508710754,0.26495482479260807,-0.17815484970550052,-2.618851300187071,2.618851300187071,1.0,0.0078125,0.015625,1,0.00390625,NEGATIVE,POST_HOC_DIAGNOSTIC_ONLY
Tiantan,outage_6h_30d,14,0.11981615832282833,0.24549558005830813,-0.1256794217354798,-1.7534009240951165,1.7534009240951165,0.9609375,0.046875,0.09375,6,0.04296875,NEGATIVE,POST_HOC_DIAGNOSTIC_ONLY
Tiantan,outage_24h_90d,6,-0.04574253234042938,0.16331572246964096,-0.20905825481007034,-4.224289675403681,4.224289675403681,1.0,0.0078125,0.015625,1,0.00390625,NEGATIVE,POST_HOC_DIAGNOSTIC_ONLY
Tiantan,outage_24h_90d,7,-0.00715147399317601,0.1759950227843583,-0.1831464967775343,-3.344491909539755,3.344491909539755,1.0,0.0078125,0.015625,1,0.00390625,NEGATIVE,POST_HOC_DIAGNOSTIC_ONLY
Tiantan,outage_24h_90d,8,-0.0022189198263720365,0.18803730922109335,-0.1902562290474654,-2.6654980164799276,2.6654980164799276,0.9921875,0.015625,0.03125,2,0.01171875,NEGATIVE,POST_HOC_DIAGNOSTIC_ONLY
Tiantan,outage_24h_90d,9,0.020426590098528923,0.20362441733656753,-0.1831978272380386,-2.6629889026273696,2.6629889026273696,0.9921875,0.015625,0.03125,2,0.01171875,NEGATIVE,POST_HOC_DIAGNOSTIC_ONLY
Tiantan,outage_24h_90d,10,0.03156494084605419,0.21279365509348488,-0.1812287142474307,-3.0345468914157565,3.0345468914157565,0.9921875,0.015625,0.03125,2,0.01171875,NEGATIVE,POST_HOC_DIAGNOSTIC_ONLY
Tiantan,outage_24h_90d,11,-0.01490677994886683,0.2247787210098249,-0.23968550095869173,-3.540724952552237,3.540724952552237,1.0,0.0078125,0.015625,1,0.00390625,NEGATIVE,POST_HOC_DIAGNOSTIC_ONLY
Tiantan,outage_24h_90d,12,0.0693830501531646,0.22752588594732256,-0.15814283579415797,-2.179227694353936,2.179227694353936,0.984375,0.0234375,0.046875,3,0.01953125,NEGATIVE,POST_HOC_DIAGNOSTIC_ONLY
Tiantan,outage_24h_90d,13,0.08516352029621212,0.235023252337946,-0.14985973204173386,-2.1027741910013695,2.1027741910013695,0.984375,0.0234375,0.046875,3,0.01953125,NEGATIVE,POST_HOC_DIAGNOSTIC_ONLY
Tiantan,outage_24h_90d,14,0.09895829559361345,0.21629834197730274,-0.11734004638368929,-1.5013220431828314,1.5013220431828314,0.953125,0.0546875,0.109375,7,0.05078125,NEGATIVE,POST_HOC_DIAGNOSTIC_ONLY
Tiantan,day_order_swap_010,6,-0.033752607153977716,0.17818232285891783,-0.21193493001289554,-3.818891274402074,3.818891274402074,1.0,0.0078125,0.015625,1,0.00390625,NEGATIVE,POST_HOC_DIAGNOSTIC_ONLY
Tiantan,day_order_swap_010,7,0.006991902700029296,0.19478729751580112,-0.18779539481577182,-3.350559973895176,3.350559973895176,1.0,0.0078125,0.015625,1,0.00390625,NEGATIVE,POST_HOC_DIAGNOSTIC_ONLY
Tiantan,day_order_swap_010,8,0.05262063087813078,0.20834523130866064,-0.15572460043052988,-2.2026025699302,2.2026025699302,0.9921875,0.015625,0.03125,2,0.01171875,NEGATIVE,POST_HOC_DIAGNOSTIC_ONLY
Tiantan,day_order_swap_010,9,-0.01858178537970263,0.2154285294402416,-0.23401031481994422,-3.6468421842742327,3.6468421842742327,1.0,0.0078125,0.015625,1,0.00390625,NEGATIVE,POST_HOC_DIAGNOSTIC_ONLY
Tiantan,day_order_swap_010,10,0.09649928362131754,0.22796074691292456,-0.13146146329160702,-2.2545089773610476,2.2545089773610476,0.96875,0.0390625,0.078125,5,0.03515625,NEGATIVE,POST_HOC_DIAGNOSTIC_ONLY
Tiantan,day_order_swap_010,11,-0.03275633953349816,0.24538673443332076,-0.2781430739668189,-4.964273168284933,4.964273168284933,1.0,0.0078125,0.015625,1,0.00390625,NEGATIVE,POST_HOC_DIAGNOSTIC_ONLY
Tiantan,day_order_swap_010,12,0.08742439058269871,0.2568085804440404,-0.1693841898613417,-2.2628147264622043,2.2628147264622043,1.0,0.0078125,0.015625,1,0.00390625,NEGATIVE,POST_HOC_DIAGNOSTIC_ONLY
Tiantan,day_order_swap_010,13,0.04551922953764905,0.25623370621800384,-0.21071447668035478,-3.1275730271115996,3.1275730271115996,1.0,0.0078125,0.015625,1,0.00390625,NEGATIVE,POST_HOC_DIAGNOSTIC_ONLY
Tiantan,day_order_swap_010,14,0.11578321828866447,0.25505702634288785,-0.13927380805422337,-2.086887188095677,2.086887188095677,0.953125,0.0546875,0.109375,7,0.05078125,NEGATIVE,POST_HOC_DIAGNOSTIC_ONLY
Tiantan,cyclic_adjacency,6,-0.033353973731924676,0.1809552691385893,-0.21430924287051398,-4.507041724532002,4.507041724532002,1.0,0.0078125,0.015625,1,0.00390625,NEGATIVE,POST_HOC_DIAGNOSTIC_ONLY
Tiantan,cyclic_adjacency,7,-0.020659854103151704,0.19243533252905368,-0.2130951866322054,-3.855477208314227,3.855477208314227,1.0,0.0078125,0.015625,1,0.00390625,NEGATIVE,POST_HOC_DIAGNOSTIC_ONLY
Tiantan,cyclic_adjacency,8,-0.013742515553074394,0.19742686136106077,-0.21116937691413518,-2.9091532810016547,2.9091532810016547,1.0,0.0078125,0.015625,1,0.00390625,NEGATIVE,POST_HOC_DIAGNOSTIC_ONLY
Tiantan,cyclic_adjacency,9,0.024212271543590243,0.21657354663025336,-0.19236127508666312,-2.8133497860647516,2.8133497860647516,1.0,0.0078125,0.015625,1,0.00390625,NEGATIVE,POST_HOC_DIAGNOSTIC_ONLY
Tiantan,cyclic_adjacency,10,0.04597576726512827,0.23498328798877854,-0.1890075207236503,-3.16155981565502,3.16155981565502,0.9921875,0.015625,0.03125,2,0.01171875,NEGATIVE,POST_HOC_DIAGNOSTIC_ONLY
Tiantan,cyclic_adjacency,11,-0.016304215384755915,0.2471601701519699,-0.2634643855367258,-3.7753023531137657,3.7753023531137657,1.0,0.0078125,0.015625,1,0.00390625,NEGATIVE,POST_HOC_DIAGNOSTIC_ONLY
Tiantan,cyclic_adjacency,12,0.08634477356376186,0.2559295305434091,-0.16958475697964726,-2.5533823041437693,2.5533823041437693,1.0,0.0078125,0.015625,1,0.00390625,NEGATIVE,POST_HOC_DIAGNOSTIC_ONLY
Tiantan,cyclic_adjacency,13,0.07619563264908794,0.26125726076469197,-0.18506162811560403,-2.756156516977977,2.756156516977977,1.0,0.0078125,0.015625,1,0.00390625,NEGATIVE,POST_HOC_DIAGNOSTIC_ONLY
Tiantan,cyclic_adjacency,14,0.1021260310878298,0.2462083634308763,-0.1440823323430465,-2.121254170175788,2.121254170175788,0.9765625,0.03125,0.0625,4,0.02734375,NEGATIVE,POST_HOC_DIAGNOSTIC_ONLY
Wanliu,baseline,6,0.12762233597435443,0.2688859156732408,-0.1412635796988864,-2.8710128514008173,2.8710128514008173,1.0,0.0078125,0.015625,1,0.00390625,NEGATIVE,POST_HOC_DIAGNOSTIC_ONLY
Wanliu,baseline,7,0.15031364660000385,0.3061757953745399,-0.15586214877453608,-2.8992592586567345,2.8992592586567345,0.9921875,0.015625,0.03125,2,0.01171875,NEGATIVE,POST_HOC_DIAGNOSTIC_ONLY
Wanliu,baseline,8,0.17778313628861792,0.331436040007375,-0.15365290371875706,-2.715760807451346,2.715760807451346,0.9921875,0.015625,0.03125,2,0.01171875,NEGATIVE,POST_HOC_DIAGNOSTIC_ONLY
Wanliu,baseline,9,0.20639885581934647,0.345979103678153,-0.13958024785880652,-2.391989409714157,2.391989409714157,0.9765625,0.03125,0.0625,4,0.02734375,NEGATIVE,POST_HOC_DIAGNOSTIC_ONLY
Wanliu,baseline,10,0.1054293648996627,0.36255641411335215,-0.25712704921368945,-4.6131961287863055,4.6131961287863055,1.0,0.0078125,0.015625,1,0.00390625,NEGATIVE,POST_HOC_DIAGNOSTIC_ONLY
Wanliu,baseline,11,0.11359421080076364,0.37656939966254616,-0.2629751888617825,-4.69471545088682,4.69471545088682,1.0,0.0078125,0.015625,1,0.00390625,NEGATIVE,POST_HOC_DIAGNOSTIC_ONLY
Wanliu,baseline,12,0.21237663484533292,0.3897760065411775,-0.17739937169584458,-2.502348517460765,2.502348517460765,1.0,0.0078125,0.015625,1,0.00390625,NEGATIVE,POST_HOC_DIAGNOSTIC_ONLY
Wanliu,baseline,13,0.16090839847661442,0.3941339647196269,-0.2332255662430125,-3.4567176068178638,3.4567176068178638,0.9921875,0.015625,0.03125,2,0.01171875,NEGATIVE,POST_HOC_DIAGNOSTIC_ONLY
Wanliu,baseline,14,0.17791789225592472,0.4039871613307699,-0.22606926907484517,-4.125880683811709,4.125880683811709,1.0,0.0078125,0.015625,1,0.00390625,NEGATIVE,POST_HOC_DIAGNOSTIC_ONLY
Wanliu,calibration_scale_095,6,0.12750180545288095,0.2688899813860508,-0.14138817593316985,-2.875447591970865,2.875447591970865,1.0,0.0078125,0.015625,1,0.00390625,NEGATIVE,POST_HOC_DIAGNOSTIC_ONLY
Wanliu,calibration_scale_095,7,0.15019719828432954,0.3061622935449057,-0.15596509526057617,-2.908079344556258,2.908079344556258,0.9921875,0.015625,0.03125,2,0.01171875,NEGATIVE,POST_HOC_DIAGNOSTIC_ONLY
Wanliu,calibration_scale_095,8,0.17760028776934403,0.33148083937762246,-0.15388055160827843,-2.723073705562144,2.723073705562144,0.9921875,0.015625,0.03125,2,0.01171875,NEGATIVE,POST_HOC_DIAGNOSTIC_ONLY
Wanliu,calibration_scale_095,9,0.2062393377800631,0.3459903995603447,-0.13975106178028163,-2.3936720244391925,2.3936720244391925,0.9765625,0.03125,0.0625,4,0.02734375,NEGATIVE,POST_HOC_DIAGNOSTIC_ONLY
Wanliu,calibration_scale_095,10,0.10532149398942645,0.36252939422342734,-0.25720790023400086,-4.611417573151138,4.611417573151138,1.0,0.0078125,0.015625,1,0.00390625,NEGATIVE,POST_HOC_DIAGNOSTIC_ONLY
Wanliu,calibration_scale_095,11,0.11349747990670772,0.3764126531185373,-0.26291517321182956,-4.686548195146639,4.686548195146639,1.0,0.0078125,0.015625,1,0.00390625,NEGATIVE,POST_HOC_DIAGNOSTIC_ONLY
Wanliu,calibration_scale_095,12,0.21228026683303333,0.38973053994120727,-0.17745027310817393,-2.50036682298689,2.50036682298689,1.0,0.0078125,0.015625,1,0.00390625,NEGATIVE,POST_HOC_DIAGNOSTIC_ONLY
Wanliu,calibration_scale_095,13,0.16076248753004382,0.3940780860250871,-0.23331559849504327,-3.467476897383883,3.467476897383883,1.0,0.0078125,0.015625,1,0.00390625,NEGATIVE,POST_HOC_DIAGNOSTIC_ONLY
Wanliu,calibration_scale_095,14,0.17774654852815402,0.403901400959925,-0.22615485243177097,-4.114550624093445,4.114550624093445,1.0,0.0078125,0.015625,1,0.00390625,NEGATIVE,POST_HOC_DIAGNOSTIC_ONLY
Wanliu,calibration_scale_105,6,0.1277325246192932,0.26888226519496494,-0.14114974057567176,-2.8669370173689024,2.8669370173689024,1.0,0.0078125,0.015625,1,0.00390625,NEGATIVE,POST_HOC_DIAGNOSTIC_ONLY
Wanliu,calibration_scale_105,7,0.15041977862485265,0.30618824502619923,-0.1557684664013466,-2.8912661779707483,2.8912661779707483,0.9921875,0.015625,0.03125,2,0.01171875,NEGATIVE,POST_HOC_DIAGNOSTIC_ONLY
Wanliu,calibration_scale_105,8,0.17794947780686465,0.33139527272960057,-0.1534457949227359,-2.7028427652715448,2.7028427652715448,0.9921875,0.015625,0.03125,2,0.01171875,NEGATIVE,POST_HOC_DIAGNOSTIC_ONLY
Wanliu,calibration_scale_105,9,0.20654436978448176,0.34596922296083427,-0.1394248531763525,-2.3904921270531747,2.3904921270531747,0.9765625,0.03125,0.0625,4,0.02734375,NEGATIVE,POST_HOC_DIAGNOSTIC_ONLY
Wanliu,calibration_scale_105,10,0.10552774049646622,0.3625816000741881,-0.25705385957772187,-4.614755618284235,4.614755618284235,1.0,0.0078125,0.015625,1,0.00390625,NEGATIVE,POST_HOC_DIAGNOSTIC_ONLY
Wanliu,calibration_scale_105,11,0.11368230171804022,0.37671222919261294,-0.2630299274745727,-4.702142070003559,4.702142070003559,1.0,0.0078125,0.015625,1,0.00390625,NEGATIVE,POST_HOC_DIAGNOSTIC_ONLY
Wanliu,calibration_scale_105,12,0.21246415087902706,0.3898176279284652,-0.17735347704943813,-2.508800659498962,2.508800659498962,1.0,0.0078125,0.015625,1,0.00390625,NEGATIVE,POST_HOC_DIAGNOSTIC_ONLY
Wanliu,calibration_scale_105,13,0.16104072743688902,0.39418484466518106,-0.23314411722829204,-3.449978576461973,3.449978576461973,0.9921875,0.015625,0.03125,2,0.01171875,NEGATIVE,POST_HOC_DIAGNOSTIC_ONLY
Wanliu,calibration_scale_105,14,0.1780741874235046,0.40406553876638274,-0.22599135134287815,-4.136281078331117,4.136281078331117,1.0,0.0078125,0.015625,1,0.00390625,NEGATIVE,POST_HOC_DIAGNOSTIC_ONLY
Wanliu,sensor_noise_001,6,0.1306070136105807,0.27069645112618,-0.14008943751559932,-2.8891617397292646,2.8891617397292646,1.0,0.0078125,0.015625,1,0.00390625,NEGATIVE,POST_HOC_DIAGNOSTIC_ONLY
Wanliu,sensor_noise_001,7,0.15266696186527193,0.3080158138521046,-0.15534885198683265,-2.865546281994003,2.865546281994003,0.9921875,0.015625,0.03125,2,0.01171875,NEGATIVE,POST_HOC_DIAGNOSTIC_ONLY
Wanliu,sensor_noise_001,8,0.18015133887968982,0.33404324910863037,-0.15389191022894055,-2.729707690196652,2.729707690196652,0.9921875,0.015625,0.03125,2,0.01171875,NEGATIVE,POST_HOC_DIAGNOSTIC_ONLY
Wanliu,sensor_noise_001,9,0.2093255114047887,0.34865905934536756,-0.13933354794057887,-2.4941905119465235,2.4941905119465235,0.9765625,0.03125,0.0625,4,0.02734375,NEGATIVE,POST_HOC_DIAGNOSTIC_ONLY
Wanliu,sensor_noise_001,10,0.10781631362437062,0.36437783100510573,-0.2565615173807351,-4.517274365730512,4.517274365730512,1.0,0.0078125,0.015625,1,0.00390625,NEGATIVE,POST_HOC_DIAGNOSTIC_ONLY
Wanliu,sensor_noise_001,11,0.11688669539699566,0.37795577892827065,-0.261069083531275,-4.73189261217778,4.73189261217778,1.0,0.0078125,0.015625,1,0.00390625,NEGATIVE,POST_HOC_DIAGNOSTIC_ONLY
Wanliu,sensor_noise_001,12,0.2151004521901572,0.3904247477696222,-0.17532429557946502,-2.4836174620821505,2.4836174620821505,1.0,0.0078125,0.015625,1,0.00390625,NEGATIVE,POST_HOC_DIAGNOSTIC_ONLY
Wanliu,sensor_noise_001,13,0.16326212060736023,0.3944375222017016,-0.23117540159434136,-3.42358769705225,3.42358769705225,1.0,0.0078125,0.015625,1,0.00390625,NEGATIVE,POST_HOC_DIAGNOSTIC_ONLY
Wanliu,sensor_noise_001,14,0.17820460713158992,0.404866696580737,-0.22666208944914706,-3.9385271427231263,3.9385271427231263,1.0,0.0078125,0.015625,1,0.00390625,NEGATIVE,POST_HOC_DIAGNOSTIC_ONLY
Wanliu,outage_6h_30d,6,0.12067996436109822,0.2728757370026948,-0.15219577264159656,-3.3601839766153345,3.3601839766153345,1.0,0.0078125,0.015625,1,0.00390625,NEGATIVE,POST_HOC_DIAGNOSTIC_ONLY
Wanliu,outage_6h_30d,7,0.1290545463981985,0.304152480533089,-0.17509793413489053,-2.9084779977810156,2.9084779977810156,1.0,0.0078125,0.015625,1,0.00390625,NEGATIVE,POST_HOC_DIAGNOSTIC_ONLY
Wanliu,outage_6h_30d,8,0.1644721224980306,0.32836950099908285,-0.16389737850105227,-3.0335512515761733,3.0335512515761733,1.0,0.0078125,0.015625,1,0.00390625,NEGATIVE,POST_HOC_DIAGNOSTIC_ONLY
Wanliu,outage_6h_30d,9,0.2019068430898657,0.3457939171756227,-0.143887074085757,-2.5609913302585507,2.5609913302585507,0.9765625,0.03125,0.0625,4,0.02734375,NEGATIVE,POST_HOC_DIAGNOSTIC_ONLY
Wanliu,outage_6h_30d,10,0.11608196723403613,0.3686566051613456,-0.25257463792730944,-4.26080831450331,4.26080831450331,1.0,0.0078125,0.015625,1,0.00390625,NEGATIVE,POST_HOC_DIAGNOSTIC_ONLY
Wanliu,outage_6h_30d,11,0.1294383921063462,0.3819410980327198,-0.2525027059263736,-4.309432747799136,4.309432747799136,1.0,0.0078125,0.015625,1,0.00390625,NEGATIVE,POST_HOC_DIAGNOSTIC_ONLY
Wanliu,outage_6h_30d,12,0.21471291772352874,0.395947943529043,-0.18123502580551426,-2.8503435080805284,2.8503435080805284,1.0,0.0078125,0.015625,1,0.00390625,NEGATIVE,POST_HOC_DIAGNOSTIC_ONLY
Wanliu,outage_6h_30d,13,0.17880606221412323,0.4018805561450778,-0.22307449393095455,-3.371727008220076,3.371727008220076,0.9921875,0.015625,0.03125,2,0.01171875,NEGATIVE,POST_HOC_DIAGNOSTIC_ONLY
Wanliu,outage_6h_30d,14,0.1864287063676125,0.4127273584147766,-0.2262986520471641,-4.237879784452689,4.237879784452689,1.0,0.0078125,0.015625,1,0.00390625,NEGATIVE,POST_HOC_DIAGNOSTIC_ONLY
Wanliu,outage_24h_90d,6,0.116390905020298,0.2547151709761787,-0.13832426595588068,-3.0385310309150766,3.0385310309150766,1.0,0.0078125,0.015625,1,0.00390625,NEGATIVE,POST_HOC_DIAGNOSTIC_ONLY
Wanliu,outage_24h_90d,7,0.11768999145707397,0.29482355336955834,-0.17713356191248436,-2.9505038541926796,2.9505038541926796,1.0,0.0078125,0.015625,1,0.00390625,NEGATIVE,POST_HOC_DIAGNOSTIC_ONLY
Wanliu,outage_24h_90d,8,0.15714023510973377,0.31645087307959735,-0.15931063796986358,-2.977524107619399,2.977524107619399,1.0,0.0078125,0.015625,1,0.00390625,NEGATIVE,POST_HOC_DIAGNOSTIC_ONLY
Wanliu,outage_24h_90d,9,0.19068636262349833,0.3385351388709359,-0.14784877624743756,-2.694592549276497,2.694592549276497,0.9765625,0.03125,0.0625,4,0.02734375,NEGATIVE,POST_HOC_DIAGNOSTIC_ONLY
Wanliu,outage_24h_90d,10,0.09896428777407343,0.35799693635614016,-0.25903264858206676,-4.670369010083096,4.670369010083096,1.0,0.0078125,0.015625,1,0.00390625,NEGATIVE,POST_HOC_DIAGNOSTIC_ONLY
Wanliu,outage_24h_90d,11,0.1205387331859628,0.3703652287252922,-0.2498264955393294,-4.556271014020467,4.556271014020467,1.0,0.0078125,0.015625,1,0.00390625,NEGATIVE,POST_HOC_DIAGNOSTIC_ONLY
Wanliu,outage_24h_90d,12,0.2097954944769853,0.37576642422611284,-0.16597092974912753,-2.3409549019870344,2.3409549019870344,1.0,0.0078125,0.015625,1,0.00390625,NEGATIVE,POST_HOC_DIAGNOSTIC_ONLY
Wanliu,outage_24h_90d,13,0.1757175855356971,0.3871056307917114,-0.2113880452560143,-2.955272498323907,2.955272498323907,0.9921875,0.015625,0.03125,2,0.01171875,NEGATIVE,POST_HOC_DIAGNOSTIC_ONLY
Wanliu,outage_24h_90d,14,0.19052363027578437,0.3995911674922089,-0.20906753721642454,-3.860904648601094,3.860904648601094,1.0,0.0078125,0.015625,1,0.00390625,NEGATIVE,POST_HOC_DIAGNOSTIC_ONLY
Wanliu,day_order_swap_010,6,0.10738895876547087,0.2697863845448853,-0.1623974257794144,-3.0599181162526956,3.0599181162526956,1.0,0.0078125,0.015625,1,0.00390625,NEGATIVE,POST_HOC_DIAGNOSTIC_ONLY
Wanliu,day_order_swap_010,7,0.14167105461719876,0.30271582073988795,-0.1610447661226892,-3.0501716852709184,3.0501716852709184,1.0,0.0078125,0.015625,1,0.00390625,NEGATIVE,POST_HOC_DIAGNOSTIC_ONLY
Wanliu,day_order_swap_010,8,0.1364397414620751,0.3291248286663514,-0.1926850872042763,-3.4552474363035137,3.4552474363035137,1.0,0.0078125,0.015625,1,0.00390625,NEGATIVE,POST_HOC_DIAGNOSTIC_ONLY
Wanliu,day_order_swap_010,9,0.19332667237275483,0.34514827378283824,-0.1518216014100834,-3.137385322384298,3.137385322384298,1.0,0.0078125,0.015625,1,0.00390625,NEGATIVE,POST_HOC_DIAGNOSTIC_ONLY
Wanliu,day_order_swap_010,10,0.1089715353426889,0.36326806162177316,-0.2542965262790843,-4.684244820103948,4.684244820103948,1.0,0.0078125,0.015625,1,0.00390625,NEGATIVE,POST_HOC_DIAGNOSTIC_ONLY
Wanliu,day_order_swap_010,11,0.07011099931567377,0.3708529516906601,-0.30074195237498635,-5.072595529302718,5.072595529302718,1.0,0.0078125,0.015625,1,0.00390625,NEGATIVE,POST_HOC_DIAGNOSTIC_ONLY
Wanliu,day_order_swap_010,12,0.1815040418556664,0.3885990281422472,-0.20709498628658082,-3.340352291577189,3.340352291577189,1.0,0.0078125,0.015625,1,0.00390625,NEGATIVE,POST_HOC_DIAGNOSTIC_ONLY
Wanliu,day_order_swap_010,13,0.16753898501523262,0.3968276039800564,-0.22928861896482378,-2.968725536491248,2.968725536491248,1.0,0.0078125,0.015625,1,0.00390625,NEGATIVE,POST_HOC_DIAGNOSTIC_ONLY
Wanliu,day_order_swap_010,14,0.2094386798788417,0.3980396189658623,-0.1886009390870206,-3.1021327342666263,3.1021327342666263,1.0,0.0078125,0.015625,1,0.00390625,NEGATIVE,POST_HOC_DIAGNOSTIC_ONLY
Wanliu,cyclic_adjacency,6,0.12762233597435443,0.2688859156732408,-0.1412635796988864,-2.8710128514008173,2.8710128514008173,1.0,0.0078125,0.015625,1,0.00390625,NEGATIVE,POST_HOC_DIAGNOSTIC_ONLY
Wanliu,cyclic_adjacency,7,0.15031364660000385,0.3061757953745399,-0.15586214877453608,-2.8992592586567345,2.8992592586567345,0.9921875,0.015625,0.03125,2,0.01171875,NEGATIVE,POST_HOC_DIAGNOSTIC_ONLY
Wanliu,cyclic_adjacency,8,0.17778313628861792,0.331436040007375,-0.15365290371875706,-2.715760807451346,2.715760807451346,0.9921875,0.015625,0.03125,2,0.01171875,NEGATIVE,POST_HOC_DIAGNOSTIC_ONLY
Wanliu,cyclic_adjacency,9,0.20639885581934647,0.345979103678153,-0.13958024785880652,-2.391989409714157,2.391989409714157,0.9765625,0.03125,0.0625,4,0.02734375,NEGATIVE,POST_HOC_DIAGNOSTIC_ONLY
Wanliu,cyclic_adjacency,10,0.1054293648996627,0.36255641411335215,-0.25712704921368945,-4.6131961287863055,4.6131961287863055,1.0,0.0078125,0.015625,1,0.00390625,NEGATIVE,POST_HOC_DIAGNOSTIC_ONLY
Wanliu,cyclic_adjacency,11,0.11359421080076364,0.37656939966254616,-0.2629751888617825,-4.69471545088682,4.69471545088682,1.0,0.0078125,0.015625,1,0.00390625,NEGATIVE,POST_HOC_DIAGNOSTIC_ONLY
Wanliu,cyclic_adjacency,12,0.21237663484533292,0.3897760065411775,-0.17739937169584458,-2.502348517460765,2.502348517460765,1.0,0.0078125,0.015625,1,0.00390625,NEGATIVE,POST_HOC_DIAGNOSTIC_ONLY
Wanliu,cyclic_adjacency,13,0.16090839847661442,0.3941339647196269,-0.2332255662430125,-3.4567176068178638,3.4567176068178638,0.9921875,0.015625,0.03125,2,0.01171875,NEGATIVE,POST_HOC_DIAGNOSTIC_ONLY
Wanliu,cyclic_adjacency,14,0.17791789225592472,0.4039871613307699,-0.22606926907484517,-4.125880683811709,4.125880683811709,1.0,0.0078125,0.015625,1,0.00390625,NEGATIVE,POST_HOC_DIAGNOSTIC_ONLY
Wanshouxigong,baseline,6,0.015932630070596053,0.18150375368382937,-0.1655711236132333,-3.1982622053837253,3.1982622053837253,1.0,0.0078125,0.015625,1,0.00390625,NEGATIVE,POST_HOC_DIAGNOSTIC_ONLY
Wanshouxigong,baseline,7,0.07099445141142566,0.19526587748299568,-0.12427142607157002,-1.890501400542534,1.890501400542534,0.984375,0.0234375,0.046875,3,0.01953125,NEGATIVE,POST_HOC_DIAGNOSTIC_ONLY
Wanshouxigong,baseline,8,0.05922162002946667,0.2167963830061554,-0.1575747629766887,-2.8214260228455714,2.8214260228455714,1.0,0.0078125,0.015625,1,0.00390625,NEGATIVE,POST_HOC_DIAGNOSTIC_ONLY
Wanshouxigong,baseline,9,0.11084753275784491,0.23303656463641828,-0.12218903187857337,-1.8489646362455268,1.8489646362455268,0.96875,0.0390625,0.078125,5,0.03515625,NEGATIVE,POST_HOC_DIAGNOSTIC_ONLY
Wanshouxigong,baseline,10,0.07577638900388352,0.24317490590165913,-0.16739851689777563,-2.629612227862852,2.629612227862852,1.0,0.0078125,0.015625,1,0.00390625,NEGATIVE,POST_HOC_DIAGNOSTIC_ONLY
Wanshouxigong,baseline,11,0.04910877961644292,0.26614667224651894,-0.21703789263007603,-3.24019750848435,3.24019750848435,1.0,0.0078125,0.015625,1,0.00390625,NEGATIVE,POST_HOC_DIAGNOSTIC_ONLY
Wanshouxigong,baseline,12,0.14407622996745173,0.2776322533376569,-0.13355602337020517,-2.2518217298552994,2.2518217298552994,0.953125,0.0546875,0.109375,7,0.05078125,NEGATIVE,POST_HOC_DIAGNOSTIC_ONLY
Wanshouxigong,baseline,13,0.12306121630908792,0.2836743117641464,-0.1606130954550585,-2.325392512167045,2.325392512167045,0.984375,0.0234375,0.046875,3,0.01953125,NEGATIVE,POST_HOC_DIAGNOSTIC_ONLY
Wanshouxigong,baseline,14,0.18980995270987125,0.27204764593941844,-0.08223769322954719,-1.1387780861192769,1.1387780861192769,0.90625,0.1015625,0.203125,13,0.09765625,NEGATIVE,POST_HOC_DIAGNOSTIC_ONLY
Wanshouxigong,calibration_scale_095,6,0.015849777783404653,0.18150247663614072,-0.16565269885273606,-3.180524672108462,3.180524672108462,1.0,0.0078125,0.015625,1,0.00390625,NEGATIVE,POST_HOC_DIAGNOSTIC_ONLY
Wanshouxigong,calibration_scale_095,7,0.07084507908738515,0.19536952073168465,-0.1245244416442995,-1.8980845083511977,1.8980845083511977,0.984375,0.0234375,0.046875,3,0.01953125,NEGATIVE,POST_HOC_DIAGNOSTIC_ONLY
Wanshouxigong,calibration_scale_095,8,0.05896790404628595,0.21674146048984164,-0.15777355644355567,-2.812525392470397,2.812525392470397,1.0,0.0078125,0.015625,1,0.00390625,NEGATIVE,POST_HOC_DIAGNOSTIC_ONLY
Wanshouxigong,calibration_scale_095,9,0.11072638516145737,0.23305572606558095,-0.12232934090412358,-1.854565378085195,1.854565378085195,0.96875,0.0390625,0.078125,5,0.03515625,NEGATIVE,POST_HOC_DIAGNOSTIC_ONLY
Wanshouxigong,calibration_scale_095,10,0.07573501046279374,0.24318699513754904,-0.1674519846747553,-2.6337257675517063,2.6337257675517063,1.0,0.0078125,0.015625,1,0.00390625,NEGATIVE,POST_HOC_DIAGNOSTIC_ONLY
Wanshouxigong,calibration_scale_095,11,0.049003748919434084,0.2663115273596216,-0.2173077784401875,-3.226797235843592,3.226797235843592,1.0,0.0078125,0.015625,1,0.00390625,NEGATIVE,POST_HOC_DIAGNOSTIC_ONLY
Wanshouxigong,calibration_scale_095,12,0.14409016770388747,0.2776789710195974,-0.1335888033157099,-2.2568668457033,2.2568668457033,0.953125,0.0546875,0.109375,7,0.05078125,NEGATIVE,POST_HOC_DIAGNOSTIC_ONLY
Wanshouxigong,calibration_scale_095,13,0.12300231806830153,0.2836773407812632,-0.1606750227129617,-2.33310837478897,2.33310837478897,0.984375,0.0234375,0.046875,3,0.01953125,NEGATIVE,POST_HOC_DIAGNOSTIC_ONLY
Wanshouxigong,calibration_scale_095,14,0.18982685562345156,0.27201717466615966,-0.0821903190427081,-1.1397620285771757,1.1397620285771757,0.90625,0.1015625,0.203125,13,0.09765625,NEGATIVE,POST_HOC_DIAGNOSTIC_ONLY
Wanshouxigong,calibration_scale_105,6,0.016008450684958042,0.1815057983101265,-0.16549734762516846,-3.205771080547182,3.205771080547182,1.0,0.0078125,0.015625,1,0.00390625,NEGATIVE,POST_HOC_DIAGNOSTIC_ONLY
Wanshouxigong,calibration_scale_105,7,0.07113041719047765,0.19517212965512862,-0.12404171246465097,-1.8824459954555812,1.8824459954555812,0.984375,0.0234375,0.046875,3,0.01953125,NEGATIVE,POST_HOC_DIAGNOSTIC_ONLY
Wanshouxigong,calibration_scale_105,8,0.05945252088884655,0.21684662905388952,-0.15739410816504296,-2.8296166986206615,2.8296166986206615,1.0,0.0078125,0.015625,1,0.00390625,NEGATIVE,POST_HOC_DIAGNOSTIC_ONLY
Wanshouxigong,calibration_scale_105,9,0.11095789934527726,0.2330197789950277,-0.12206187964975045,-1.8438913464575657,1.8438913464575657,0.96875,0.0390625,0.078125,5,0.03515625,NEGATIVE,POST_HOC_DIAGNOSTIC_ONLY
Wanshouxigong,calibration_scale_105,10,0.07581482274540523,0.2431641573604558,-0.16734933461505058,-2.625886280841327,2.625886280841327,1.0,0.0078125,0.015625,1,0.00390625,NEGATIVE,POST_HOC_DIAGNOSTIC_ONLY
Wanshouxigong,calibration_scale_105,11,0.04920528877199411,0.26599633553914354,-0.21679104676714944,-3.25253994091258,3.25253994091258,1.0,0.0078125,0.015625,1,0.00390625,NEGATIVE,POST_HOC_DIAGNOSTIC_ONLY
Wanshouxigong,calibration_scale_105,12,0.14406424156855965,0.2775900379217766,-0.13352579635321696,-2.2472090313427744,2.2472090313427744,0.953125,0.0546875,0.109375,7,0.05078125,NEGATIVE,POST_HOC_DIAGNOSTIC_ONLY
Wanshouxigong,calibration_scale_105,13,0.12311513822662537,0.28367198439181557,-0.1605568461651902,-2.320001294960672,2.320001294960672,0.984375,0.0234375,0.046875,3,0.01953125,NEGATIVE,POST_HOC_DIAGNOSTIC_ONLY
Wanshouxigong,calibration_scale_105,14,0.18979497978080823,0.27207585794535627,-0.08228087816454804,-1.1378763466487865,1.1378763466487865,0.90625,0.1015625,0.203125,13,0.09765625,NEGATIVE,POST_HOC_DIAGNOSTIC_ONLY
Wanshouxigong,sensor_noise_001,6,0.0170160364869609,0.18486911670386563,-0.16785308021690473,-3.20372600759576,3.20372600759576,1.0,0.0078125,0.015625,1,0.00390625,NEGATIVE,POST_HOC_DIAGNOSTIC_ONLY
Wanshouxigong,sensor_noise_001,7,0.0722767439238306,0.198422482310868,-0.1261457383870374,-1.9265024608900958,1.9265024608900958,0.984375,0.0234375,0.046875,3,0.01953125,NEGATIVE,POST_HOC_DIAGNOSTIC_ONLY
Wanshouxigong,sensor_noise_001,8,0.06037725070806432,0.2190211193760274,-0.15864386866796307,-2.864100063161948,2.864100063161948,1.0,0.0078125,0.015625,1,0.00390625,NEGATIVE,POST_HOC_DIAGNOSTIC_ONLY
Wanshouxigong,sensor_noise_001,9,0.11198379863232497,0.23327449216208163,-0.12129069352975666,-1.8452183383454699,1.8452183383454699,0.96875,0.0390625,0.078125,5,0.03515625,NEGATIVE,POST_HOC_DIAGNOSTIC_ONLY
Wanshouxigong,sensor_noise_001,10,0.07621055110457041,0.24608502253271683,-0.16987447142814643,-2.7157899794384863,2.7157899794384863,1.0,0.0078125,0.015625,1,0.00390625,NEGATIVE,POST_HOC_DIAGNOSTIC_ONLY
Wanshouxigong,sensor_noise_001,11,0.05008834533466357,0.27110800078361263,-0.22101965544894908,-3.171538459816694,3.171538459816694,1.0,0.0078125,0.015625,1,0.00390625,NEGATIVE,POST_HOC_DIAGNOSTIC_ONLY
Wanshouxigong,sensor_noise_001,12,0.14712768621127795,0.281651736503699,-0.13452405029242107,-2.198140711476168,2.198140711476168,0.953125,0.0546875,0.109375,7,0.05078125,NEGATIVE,POST_HOC_DIAGNOSTIC_ONLY
Wanshouxigong,sensor_noise_001,13,0.12399627472033184,0.284225703356537,-0.16022942863620518,-2.2929424981366546,2.2929424981366546,0.984375,0.0234375,0.046875,3,0.01953125,NEGATIVE,POST_HOC_DIAGNOSTIC_ONLY
Wanshouxigong,sensor_noise_001,14,0.1929123130688376,0.27357379198029613,-0.08066147891145853,-1.1246411096111184,1.1246411096111184,0.90625,0.1015625,0.203125,13,0.09765625,NEGATIVE,POST_HOC_DIAGNOSTIC_ONLY
Wanshouxigong,outage_6h_30d,6,0.01552255598999699,0.19020406570380155,-0.17468150971380456,-3.1600781252820767,3.1600781252820767,1.0,0.0078125,0.015625,1,0.00390625,NEGATIVE,POST_HOC_DIAGNOSTIC_ONLY
Wanshouxigong,outage_6h_30d,7,0.07020936019454645,0.19667434786763904,-0.1264649876730926,-1.8015997010218625,1.8015997010218625,0.9921875,0.015625,0.03125,2,0.01171875,NEGATIVE,POST_HOC_DIAGNOSTIC_ONLY
Wanshouxigong,outage_6h_30d,8,0.06704055349305686,0.2220617760123708,-0.15502122251931394,-2.828656537473846,2.828656537473846,1.0,0.0078125,0.015625,1,0.00390625,NEGATIVE,POST_HOC_DIAGNOSTIC_ONLY
Wanshouxigong,outage_6h_30d,9,0.12153937581846394,0.24233013861380173,-0.12079076279533779,-2.1542150554757424,2.1542150554757424,0.9765625,0.03125,0.0625,4,0.02734375,NEGATIVE,POST_HOC_DIAGNOSTIC_ONLY
Wanshouxigong,outage_6h_30d,10,0.08614628304683775,0.250287314432889,-0.16414103138605124,-2.4878225131281795,2.4878225131281795,1.0,0.0078125,0.015625,1,0.00390625,NEGATIVE,POST_HOC_DIAGNOSTIC_ONLY
Wanshouxigong,outage_6h_30d,11,0.05065605163167366,0.2692692064506868,-0.21861315481901314,-3.3505698871365657,3.3505698871365657,1.0,0.0078125,0.015625,1,0.00390625,NEGATIVE,POST_HOC_DIAGNOSTIC_ONLY
Wanshouxigong,outage_6h_30d,12,0.18719259327899815,0.27314683444465987,-0.08595424116566172,-1.684968030679963,1.684968030679963,0.9140625,0.09375,0.1875,12,0.08984375,NEGATIVE,POST_HOC_DIAGNOSTIC_ONLY
Wanshouxigong,outage_6h_30d,13,0.13170186593822458,0.2827109272235349,-0.15100906128531033,-2.142531819942163,2.142531819942163,0.9765625,0.03125,0.0625,4,0.02734375,NEGATIVE,POST_HOC_DIAGNOSTIC_ONLY
Wanshouxigong,outage_6h_30d,14,0.18637114649974798,0.27196100485202535,-0.08558985835227736,-1.1123569936527198,1.1123569936527198,0.8984375,0.109375,0.21875,14,0.10546875,NEGATIVE,POST_HOC_DIAGNOSTIC_ONLY
Wanshouxigong,outage_24h_90d,6,0.013628593056045007,0.17241827325289777,-0.15878968019685277,-3.2820817915812928,3.2820817915812928,1.0,0.0078125,0.015625,1,0.00390625,NEGATIVE,POST_HOC_DIAGNOSTIC_ONLY
Wanshouxigong,outage_24h_90d,7,0.06423818733146304,0.19174634931275153,-0.1275081619812885,-1.8517406582570233,1.8517406582570233,0.984375,0.0234375,0.046875,3,0.01953125,NEGATIVE,POST_HOC_DIAGNOSTIC_ONLY
Wanshouxigong,outage_24h_90d,8,0.05285912711384947,0.20486916211697576,-0.1520100350031263,-3.056252205598949,3.056252205598949,0.9921875,0.015625,0.03125,2,0.01171875,NEGATIVE,POST_HOC_DIAGNOSTIC_ONLY
Wanshouxigong,outage_24h_90d,9,0.10643523690828677,0.22151472472372402,-0.11507948781543725,-1.8515175000731787,1.8515175000731787,0.984375,0.0234375,0.046875,3,0.01953125,NEGATIVE,POST_HOC_DIAGNOSTIC_ONLY
Wanshouxigong,outage_24h_90d,10,0.08943779224951738,0.2340481095692536,-0.14461031731973623,-2.1559839440677804,2.1559839440677804,1.0,0.0078125,0.015625,1,0.00390625,NEGATIVE,POST_HOC_DIAGNOSTIC_ONLY
Wanshouxigong,outage_24h_90d,11,0.053953174305568334,0.25029548218518494,-0.1963423078796166,-2.9872195858748856,2.9872195858748856,1.0,0.0078125,0.015625,1,0.00390625,NEGATIVE,POST_HOC_DIAGNOSTIC_ONLY
Wanshouxigong,outage_24h_90d,12,0.1740811689387567,0.25777895154526037,-0.08369778260650368,-1.370249463456623,1.370249463456623,0.90625,0.1015625,0.203125,13,0.09765625,NEGATIVE,POST_HOC_DIAGNOSTIC_ONLY
Wanshouxigong,outage_24h_90d,13,0.14378466929298953,0.2700786311345511,-0.12629396184156158,-1.8492960022660614,1.8492960022660614,0.953125,0.0546875,0.109375,7,0.05078125,NEGATIVE,POST_HOC_DIAGNOSTIC_ONLY
Wanshouxigong,outage_24h_90d,14,0.19515090920471717,0.2591421074273415,-0.06399119822262433,-0.7888613186161432,0.7888613186161432,0.828125,0.1796875,0.359375,23,0.17578125,NEGATIVE,POST_HOC_DIAGNOSTIC_ONLY
Wanshouxigong,day_order_swap_010,6,-0.017940893033742866,0.1905497555612614,-0.20849064859500427,-4.139160919886355,4.139160919886355,1.0,0.0078125,0.015625,1,0.00390625,NEGATIVE,POST_HOC_DIAGNOSTIC_ONLY
Wanshouxigong,day_order_swap_010,7,0.0882663233121288,0.19754993973571122,-0.10928361642358242,-1.6887927276826895,1.6887927276826895,0.9609375,0.046875,0.09375,6,0.04296875,NEGATIVE,POST_HOC_DIAGNOSTIC_ONLY
Wanshouxigong,day_order_swap_010,8,0.055459351954525206,0.2147182104833031,-0.1592588585287779,-2.774045114794647,2.774045114794647,1.0,0.0078125,0.015625,1,0.00390625,NEGATIVE,POST_HOC_DIAGNOSTIC_ONLY
Wanshouxigong,day_order_swap_010,9,0.14856674539247802,0.2386333787592598,-0.09006663336678178,-1.3529703146842749,1.3529703146842749,0.921875,0.0859375,0.171875,11,0.08203125,NEGATIVE,POST_HOC_DIAGNOSTIC_ONLY
Wanshouxigong,day_order_swap_010,10,0.09595543759862452,0.2503377739738263,-0.15438233637520177,-2.1307103407304746,2.1307103407304746,1.0,0.0078125,0.015625,1,0.00390625,NEGATIVE,POST_HOC_DIAGNOSTIC_ONLY
Wanshouxigong,day_order_swap_010,11,0.08507030421373946,0.2637403509287811,-0.17867004671504166,-3.0154595047075072,3.0154595047075072,1.0,0.0078125,0.015625,1,0.00390625,NEGATIVE,POST_HOC_DIAGNOSTIC_ONLY
Wanshouxigong,day_order_swap_010,12,0.1529654143612365,0.27086320159985544,-0.11789778723861893,-1.6928437590994914,1.6928437590994914,0.9453125,0.0625,0.125,8,0.05859375,NEGATIVE,POST_HOC_DIAGNOSTIC_ONLY
Wanshouxigong,day_order_swap_010,13,0.15770515172281105,0.28369417471829017,-0.12598902299547912,-1.903027927858848,1.903027927858848,0.9453125,0.0625,0.125,8,0.05859375,NEGATIVE,POST_HOC_DIAGNOSTIC_ONLY
Wanshouxigong,day_order_swap_010,14,0.20816494741465272,0.278172357277777,-0.07000740986312429,-0.9826869026934169,0.9826869026934169,0.8359375,0.171875,0.34375,22,0.16796875,NEGATIVE,POST_HOC_DIAGNOSTIC_ONLY
Wanshouxigong,cyclic_adjacency,6,0.015932630070596053,0.18150375368382937,-0.1655711236132333,-3.1982622053837253,3.1982622053837253,1.0,0.0078125,0.015625,1,0.00390625,NEGATIVE,POST_HOC_DIAGNOSTIC_ONLY
Wanshouxigong,cyclic_adjacency,7,0.07099445141142566,0.19526587748299568,-0.12427142607157002,-1.890501400542534,1.890501400542534,0.984375,0.0234375,0.046875,3,0.01953125,NEGATIVE,POST_HOC_DIAGNOSTIC_ONLY
Wanshouxigong,cyclic_adjacency,8,0.05922162002946667,0.2167963830061554,-0.1575747629766887,-2.8214260228455714,2.8214260228455714,1.0,0.0078125,0.015625,1,0.00390625,NEGATIVE,POST_HOC_DIAGNOSTIC_ONLY
Wanshouxigong,cyclic_adjacency,9,0.11084753275784491,0.23303656463641828,-0.12218903187857337,-1.8489646362455268,1.8489646362455268,0.96875,0.0390625,0.078125,5,0.03515625,NEGATIVE,POST_HOC_DIAGNOSTIC_ONLY
Wanshouxigong,cyclic_adjacency,10,0.07577638900388352,0.24317490590165913,-0.16739851689777563,-2.629612227862852,2.629612227862852,1.0,0.0078125,0.015625,1,0.00390625,NEGATIVE,POST_HOC_DIAGNOSTIC_ONLY
Wanshouxigong,cyclic_adjacency,11,0.04910877961644292,0.26614667224651894,-0.21703789263007603,-3.24019750848435,3.24019750848435,1.0,0.0078125,0.015625,1,0.00390625,NEGATIVE,POST_HOC_DIAGNOSTIC_ONLY
Wanshouxigong,cyclic_adjacency,12,0.14407622996745173,0.2776322533376569,-0.13355602337020517,-2.2518217298552994,2.2518217298552994,0.953125,0.0546875,0.109375,7,0.05078125,NEGATIVE,POST_HOC_DIAGNOSTIC_ONLY
Wanshouxigong,cyclic_adjacency,13,0.12306121630908792,0.2836743117641464,-0.1606130954550585,-2.325392512167045,2.325392512167045,0.984375,0.0234375,0.046875,3,0.01953125,NEGATIVE,POST_HOC_DIAGNOSTIC_ONLY
Wanshouxigong,cyclic_adjacency,14,0.18980995270987125,0.27204764593941844,-0.08223769322954719,-1.1387780861192769,1.1387780861192769,0.90625,0.1015625,0.203125,13,0.09765625,NEGATIVE,POST_HOC_DIAGNOSTIC_ONLY
